return_id,order_id,product_id,return_reason,refund_amount,return_date
R000001,O0000014,P1296,Changed Mind,923.33,2025-02-23
R000002,O0000042,P0533,Changed Mind,666.81,2024-11-24
R000003,O0000055,P0592,Defective,252.64,2025-12-09
R000004,O0000065,P1297,Late Delivery,949.6,2024-07-02
R000005,O0000065,P0106,Wrong Item,1299.7,2024-06-22
R000006,O0000065,P1477,Wrong Item,572.94,2024-07-01
R000007,O0000065,P0122,Wrong Item,348.43,2024-06-23
R000008,O0000094,P0890,Defective,127.82,2025-12-04
R000009,O0000111,P0104,Changed Mind,1565.2,2025-07-23
R000010,O0000115,P0537,Defective,3703.23,2025-01-08
R000011,O0000167,P1164,Late Delivery,1766.59,2024-06-13
R000012,O0000167,P1284,Changed Mind,1349.7,2024-06-23
R000013,O0000183,P0403,Defective,18.15,2025-03-16
R000014,O0000191,P1400,Defective,1177.94,2026-01-09
R000015,O0000193,P0638,Defective,2190.07,2025-09-12
R000016,O0000197,P0638,Late Delivery,961.41,2025-11-02
R000017,O0000201,P0500,Changed Mind,493.72,2025-03-16
R000018,O0000201,P1461,Wrong Item,1053.58,2025-03-15
R000019,O0000201,P0984,Defective,1244.05,2025-03-20
R000020,O0000202,P0540,Late Delivery,968.42,2025-09-28
R000021,O0000218,P0554,Defective,1468.69,2025-07-29
R000022,O0000226,P1294,Changed Mind,1505.0,2025-10-14
R000023,O0000226,P1052,Late Delivery,103.78,2025-10-05
R000024,O0000226,P0287,Late Delivery,2306.17,2025-10-02
R000025,O0000234,P0506,Changed Mind,50.47,2024-07-06
R000026,O0000272,P1296,Late Delivery,572.1,2024-12-04
R000027,O0000286,P0215,Wrong Item,1061.03,2024-07-24
R000028,O0000286,P0783,Wrong Item,1105.39,2024-07-28
R000029,O0000332,P0408,Changed Mind,2593.52,2025-08-12
R000030,O0000332,P1179,Late Delivery,691.59,2025-08-07
R000031,O0000332,P0070,Changed Mind,658.77,2025-08-05
R000032,O0000332,P0071,Late Delivery,113.89,2025-08-07
R000033,O0000414,P0125,Wrong Item,1700.53,2024-08-22
R000034,O0000416,P0268,Late Delivery,137.16,2026-03-08
R000035,O0000428,P0983,Defective,1013.76,2026-06-07
R000036,O0000431,P0657,Defective,682.68,2026-07-15
R000037,O0000431,P0610,Defective,2357.03,2026-07-06
R000038,O0000446,P0005,Late Delivery,639.23,2026-05-27
R000039,O0000447,P0220,Defective,729.89,2025-10-29
R000040,O0000494,P0295,Defective,321.12,2025-09-11
R000041,O0000497,P0636,Late Delivery,4940.56,2025-02-12
R000042,O0000511,P0418,Late Delivery,1341.62,2026-08-02
R000043,O0000511,P1209,Late Delivery,782.77,2026-08-11
R000044,O0000511,P0741,Late Delivery,1429.26,2026-08-19
R000045,O0000531,P1448,Wrong Item,624.56,2024-05-04
R000046,O0000531,P0484,Changed Mind,748.06,2024-05-08
R000047,O0000572,P1293,Late Delivery,1892.71,2024-12-06
R000048,O0000572,P1383,Late Delivery,1618.72,2024-12-12
R000049,O0000582,P0335,Wrong Item,1488.6,2024-06-03
R000050,O0000598,P0213,Wrong Item,1532.14,2026-04-02
R000051,O0000620,P0404,Late Delivery,457.93,2024-04-09
R000052,O0000625,P0947,Changed Mind,127.75,2026-01-30
R000053,O0000625,P1139,Defective,228.29,2026-02-11
R000054,O0000673,P0474,Defective,1130.19,2025-01-31
R000055,O0000673,P0365,Wrong Item,332.15,2025-02-02
R000056,O0000675,P0780,Late Delivery,331.77,2024-05-20
R000057,O0000687,P0336,Late Delivery,38.93,2024-10-18
R000058,O0000690,P0380,Defective,254.06,2026-08-30
R000059,O0000732,P0838,Late Delivery,132.04,2025-09-26
R000060,O0000737,P0382,Wrong Item,284.58,2025-11-15
R000061,O0000753,P0084,Defective,701.71,2024-01-16
R000062,O0000755,P0939,Wrong Item,710.63,2025-03-28
R000063,O0000760,P1444,Defective,295.74,2025-07-08
R000064,O0000776,P0895,Changed Mind,590.52,2025-08-18
R000065,O0000799,P0152,Wrong Item,1193.23,2025-08-09
R000066,O0000800,P0765,Wrong Item,143.93,2024-05-17
R000067,O0000802,P0193,Defective,912.46,2024-08-28
R000068,O0000802,P1463,Defective,1106.85,2024-08-15
R000069,O0000802,P0153,Changed Mind,847.91,2024-08-10
R000070,O0000802,P0526,Defective,2387.48,2024-08-11
R000071,O0000822,P0259,Defective,2810.82,2024-02-01
R000072,O0000837,P0043,Defective,903.82,2024-10-10
R000073,O0000837,P0464,Wrong Item,946.56,2024-10-14
R000074,O0000842,P0523,Changed Mind,969.5,2024-06-24
R000075,O0000842,P0501,Defective,110.75,2024-07-09
R000076,O0000868,P1163,Late Delivery,1118.2,2026-06-30
R000077,O0000868,P1147,Wrong Item,86.24,2026-06-24
R000078,O0000875,P0607,Late Delivery,750.14,2025-03-15
R000079,O0000892,P0540,Late Delivery,1040.14,2024-10-25
R000080,O0000900,P1054,Changed Mind,182.71,2025-01-28
R000081,O0000900,P1367,Wrong Item,1529.29,2025-02-03
R000082,O0000906,P0378,Wrong Item,302.1,2024-04-28
R000083,O0000925,P0950,Wrong Item,883.09,2025-06-09
R000084,O0000926,P0631,Late Delivery,618.73,2025-03-22
R000085,O0000937,P1290,Changed Mind,181.61,2025-05-18
R000086,O0000937,P1444,Changed Mind,265.47,2025-05-17
R000087,O0000937,P0110,Defective,1192.41,2025-05-12
R000088,O0000961,P1035,Late Delivery,543.47,2024-03-08
R000089,O0000961,P1401,Defective,1640.79,2024-03-11
R000090,O0000968,P1497,Changed Mind,2383.59,2025-09-08
R000091,O0000982,P0824,Wrong Item,17.8,2025-01-24
R000092,O0000982,P0845,Changed Mind,306.02,2025-01-20
R000093,O0000982,P0947,Wrong Item,341.48,2025-02-01
R000094,O0000989,P1347,Changed Mind,815.12,2026-05-22
R000095,O0000996,P0489,Late Delivery,572.97,2025-09-29
R000096,O0001019,P0285,Changed Mind,80.16,2025-03-17
R000097,O0001023,P0674,Wrong Item,637.33,2025-04-24
R000098,O0001031,P0372,Late Delivery,953.04,2024-04-03
R000099,O0001040,P0539,Defective,617.81,2025-06-26
R000100,O0001040,P0256,Changed Mind,844.91,2025-07-03
R000101,O0001045,P0095,Changed Mind,423.15,2024-09-26
R000102,O0001045,P0346,Defective,725.37,2024-09-28
R000103,O0001062,P0073,Late Delivery,3825.48,2026-06-07
R000104,O0001062,P0897,Late Delivery,2012.21,2026-06-01
R000105,O0001075,P1448,Wrong Item,589.42,2026-05-19
R000106,O0001086,P0556,Wrong Item,836.91,2026-04-05
R000107,O0001100,P1345,Late Delivery,983.63,2024-11-17
R000108,O0001100,P0893,Defective,523.08,2024-11-20
R000109,O0001113,P1011,Defective,2317.38,2024-02-18
R000110,O0001113,P0723,Defective,884.3,2024-02-21
R000111,O0001119,P0884,Late Delivery,678.37,2024-12-25
R000112,O0001132,P1430,Late Delivery,32.62,2025-12-25
R000113,O0001153,P0216,Wrong Item,939.72,2026-04-11
R000114,O0001160,P0281,Defective,608.59,2024-01-29
R000115,O0001172,P0914,Defective,1103.32,2024-04-17
R000116,O0001172,P0455,Changed Mind,877.84,2024-04-06
R000117,O0001177,P1400,Defective,526.1,2026-01-25
R000118,O0001177,P0796,Late Delivery,433.47,2026-02-10
R000119,O0001195,P1085,Defective,1170.42,2024-12-20
R000120,O0001207,P0699,Defective,1042.04,2025-12-03
R000121,O0001227,P0371,Defective,209.81,2026-08-19
R000122,O0001227,P1319,Late Delivery,590.79,2026-08-21
R000123,O0001227,P1170,Changed Mind,2112.36,2026-08-22
R000124,O0001227,P0114,Defective,227.18,2026-08-21
R000125,O0001237,P0670,Changed Mind,1066.39,2024-10-22
R000126,O0001237,P0360,Changed Mind,1651.36,2024-11-04
R000127,O0001238,P0176,Late Delivery,1213.75,2025-01-16
R000128,O0001243,P0822,Wrong Item,250.49,2024-05-31
R000129,O0001243,P0680,Defective,469.31,2024-05-18
R000130,O0001273,P0259,Changed Mind,1057.29,2025-08-19
R000131,O0001273,P0211,Late Delivery,705.37,2025-08-21
R000132,O0001283,P0658,Late Delivery,489.9,2024-04-24
R000133,O0001290,P0409,Wrong Item,2047.25,2024-09-03
R000134,O0001314,P0667,Late Delivery,174.81,2026-05-20
R000135,O0001325,P0185,Defective,640.32,2025-04-01
R000136,O0001330,P0965,Wrong Item,1246.81,2025-10-10
R000137,O0001330,P0465,Changed Mind,865.33,2025-10-13
R000138,O0001330,P0129,Changed Mind,3458.47,2025-10-22
R000139,O0001339,P0789,Late Delivery,1174.66,2025-03-14
R000140,O0001339,P0080,Wrong Item,729.23,2025-03-13
R000141,O0001340,P1272,Wrong Item,551.66,2025-07-08
R000142,O0001340,P1298,Wrong Item,1212.91,2025-07-13
R000143,O0001340,P0483,Late Delivery,279.35,2025-06-26
R000144,O0001347,P1432,Defective,601.57,2026-07-05
R000145,O0001347,P1083,Changed Mind,812.08,2026-07-19
R000146,O0001349,P0680,Wrong Item,480.43,2024-02-25
R000147,O0001356,P0923,Late Delivery,3101.21,2024-06-19
R000148,O0001396,P0044,Wrong Item,1391.47,2024-09-02
R000149,O0001421,P0579,Changed Mind,956.84,2025-12-28
R000150,O0001463,P0011,Changed Mind,827.94,2026-03-13
R000151,O0001463,P0298,Late Delivery,2815.69,2026-03-04
R000152,O0001482,P0278,Wrong Item,963.62,2026-06-14
R000153,O0001486,P0751,Defective,516.77,2025-09-03
R000154,O0001490,P1104,Changed Mind,469.55,2026-04-03
R000155,O0001492,P0016,Changed Mind,1244.81,2025-03-13
R000156,O0001494,P0800,Changed Mind,1055.02,2024-09-30
R000157,O0001494,P0508,Defective,3856.02,2024-09-24
R000158,O0001500,P0105,Wrong Item,1193.19,2026-03-09
R000159,O0001502,P1192,Changed Mind,782.97,2025-02-08
R000160,O0001516,P0313,Wrong Item,452.33,2025-08-15
R000161,O0001516,P1222,Defective,2891.79,2025-08-08
R000162,O0001519,P1417,Changed Mind,132.74,2024-08-20
R000163,O0001530,P1489,Wrong Item,1048.11,2024-09-16
R000164,O0001530,P0742,Late Delivery,752.61,2024-09-06
R000165,O0001554,P0773,Wrong Item,47.74,2025-03-01
R000166,O0001554,P0760,Late Delivery,1072.38,2025-03-18
R000167,O0001567,P0479,Defective,882.45,2024-03-03
R000168,O0001567,P1146,Changed Mind,1136.09,2024-03-12
R000169,O0001567,P1243,Late Delivery,1172.95,2024-03-02
R000170,O0001604,P0055,Wrong Item,1896.44,2025-10-11
R000171,O0001604,P0381,Late Delivery,509.62,2025-10-17
R000172,O0001646,P0089,Wrong Item,833.44,2025-05-30
R000173,O0001652,P1111,Late Delivery,936.63,2024-06-23
R000174,O0001694,P0968,Changed Mind,992.42,2026-01-23
R000175,O0001694,P0417,Changed Mind,41.77,2026-01-22
R000176,O0001711,P1427,Changed Mind,751.17,2024-02-12
R000177,O0001715,P1215,Wrong Item,503.3,2025-06-01
R000178,O0001715,P0333,Late Delivery,3914.14,2025-06-02
R000179,O0001715,P1034,Late Delivery,872.22,2025-05-25
R000180,O0001723,P0665,Changed Mind,93.53,2025-05-11
R000181,O0001736,P1141,Late Delivery,722.42,2026-05-07
R000182,O0001742,P0193,Changed Mind,467.55,2025-08-01
R000183,O0001742,P0650,Defective,749.81,2025-08-01
R000184,O0001742,P1402,Defective,667.51,2025-08-03
R000185,O0001755,P1101,Changed Mind,452.44,2026-06-09
R000186,O0001755,P0342,Late Delivery,797.97,2026-06-10
R000187,O0001755,P0873,Wrong Item,1275.21,2026-06-02
R000188,O0001755,P0954,Defective,337.89,2026-06-03
R000189,O0001769,P1027,Defective,1802.9,2026-04-21
R000190,O0001774,P0057,Late Delivery,2068.2,2025-03-26
R000191,O0001774,P0644,Defective,550.89,2025-03-27
R000192,O0001775,P0967,Defective,565.53,2024-11-02
R000193,O0001786,P0563,Defective,154.93,2024-06-27
R000194,O0001799,P0257,Late Delivery,682.16,2024-06-04
R000195,O0001821,P0937,Defective,153.86,2025-05-13
R000196,O0001821,P0278,Changed Mind,894.21,2025-05-27
R000197,O0001833,P0226,Late Delivery,273.07,2025-03-20
R000198,O0001833,P0493,Defective,847.21,2025-03-15
R000199,O0001845,P1328,Wrong Item,919.02,2024-08-24
R000200,O0001855,P0834,Wrong Item,1856.82,2025-09-07
R000201,O0001881,P1156,Late Delivery,295.76,2024-02-13
R000202,O0001913,P0257,Defective,837.9,2024-04-22
R000203,O0001913,P1460,Late Delivery,1113.18,2024-04-11
R000204,O0001913,P0017,Changed Mind,166.97,2024-04-20
R000205,O0001939,P0813,Wrong Item,911.6,2024-11-23
R000206,O0001939,P0566,Defective,1093.66,2024-12-02
R000207,O0001939,P0975,Defective,413.98,2024-11-28
R000208,O0001939,P1478,Late Delivery,924.27,2024-12-05
R000209,O0001942,P0228,Late Delivery,1383.01,2025-08-01
R000210,O0001942,P1037,Late Delivery,582.42,2025-08-03
R000211,O0001942,P1177,Defective,1197.37,2025-08-02
R000212,O0001956,P1029,Changed Mind,317.19,2024-06-08
R000213,O0001961,P0857,Late Delivery,835.11,2024-12-20
R000214,O0001973,P0652,Wrong Item,478.66,2025-03-08
R000215,O0001973,P1143,Wrong Item,1040.73,2025-03-03
R000216,O0001973,P1359,Wrong Item,858.13,2025-03-10
R000217,O0001979,P0155,Wrong Item,1148.2,2025-01-11
R000218,O0001983,P0919,Late Delivery,1174.44,2026-04-16
R000219,O0001983,P0577,Defective,256.96,2026-04-07
R000220,O0001983,P0789,Defective,1122.73,2026-04-11
R000221,O0001997,P0441,Wrong Item,2020.65,2025-02-24
R000222,O0001998,P0850,Changed Mind,997.27,2024-10-01
R000223,O0002015,P1237,Changed Mind,767.18,2025-08-26
R000224,O0002015,P0518,Late Delivery,771.09,2025-08-31
R000225,O0002016,P0106,Wrong Item,1149.06,2025-09-19
R000226,O0002027,P0481,Late Delivery,205.55,2024-05-03
R000227,O0002027,P0758,Wrong Item,707.97,2024-04-27
R000228,O0002028,P1416,Changed Mind,1768.86,2026-05-09
R000229,O0002029,P0753,Wrong Item,1361.36,2025-11-20
R000230,O0002053,P0612,Defective,1090.86,2025-02-13
R000231,O0002068,P0158,Wrong Item,342.65,2025-05-03
R000232,O0002092,P0746,Defective,1255.43,2026-09-05
R000233,O0002110,P0604,Wrong Item,557.47,2026-07-30
R000234,O0002125,P0819,Late Delivery,363.62,2024-05-26
R000235,O0002146,P1243,Changed Mind,5744.84,2026-06-21
R000236,O0002147,P0133,Changed Mind,2019.11,2024-11-29
R000237,O0002159,P0964,Late Delivery,345.82,2026-07-15
R000238,O0002159,P0305,Defective,1381.67,2026-07-15
R000239,O0002162,P0729,Wrong Item,1130.9,2026-04-26
R000240,O0002163,P1350,Changed Mind,1480.09,2025-08-01
R000241,O0002167,P0403,Wrong Item,39.14,2025-11-15
R000242,O0002193,P0209,Wrong Item,781.44,2025-01-09
R000243,O0002193,P1162,Defective,197.42,2025-01-22
R000244,O0002193,P1347,Defective,782.95,2025-01-17
R000245,O0002220,P0772,Wrong Item,903.26,2024-05-02
R000246,O0002225,P1029,Changed Mind,213.39,2026-04-15
R000247,O0002237,P1450,Changed Mind,114.78,2025-12-05
R000248,O0002237,P1120,Wrong Item,634.79,2025-12-17
R000249,O0002240,P0234,Wrong Item,44.03,2026-07-16
R000250,O0002242,P0405,Defective,480.0,2024-08-11
R000251,O0002242,P0109,Defective,2353.65,2024-08-09
R000252,O0002243,P0581,Defective,313.03,2026-02-08
R000253,O0002243,P1004,Late Delivery,1176.77,2026-02-05
R000254,O0002281,P0762,Changed Mind,701.18,2024-08-01
R000255,O0002281,P0492,Wrong Item,5473.76,2024-07-31
R000256,O0002281,P0171,Late Delivery,1075.42,2024-08-05
R000257,O0002299,P0876,Defective,977.53,2024-03-30
R000258,O0002300,P0994,Late Delivery,978.29,2024-09-26
R000259,O0002307,P0729,Wrong Item,1102.4,2025-08-30
R000260,O0002349,P0844,Late Delivery,2562.28,2024-01-30
R000261,O0002349,P0255,Late Delivery,789.09,2024-02-10
R000262,O0002349,P0523,Changed Mind,966.49,2024-02-04
R000263,O0002395,P0321,Defective,1146.06,2025-06-10
R000264,O0002446,P0763,Changed Mind,1507.93,2025-01-14
R000265,O0002446,P0596,Changed Mind,844.63,2025-01-12
R000266,O0002446,P0958,Wrong Item,289.35,2025-01-15
R000267,O0002446,P0235,Changed Mind,1382.79,2025-01-22
R000268,O0002447,P1269,Late Delivery,635.63,2026-04-21
R000269,O0002449,P0634,Late Delivery,150.82,2025-07-26
R000270,O0002449,P0498,Changed Mind,42.81,2025-07-20
R000271,O0002533,P0258,Late Delivery,466.09,2026-03-02
R000272,O0002533,P1060,Wrong Item,712.87,2026-03-13
R000273,O0002564,P0161,Wrong Item,1297.01,2024-11-29
R000274,O0002564,P0254,Changed Mind,81.13,2024-12-03
R000275,O0002564,P0799,Late Delivery,756.3,2024-11-19
R000276,O0002583,P0215,Changed Mind,2467.11,2025-12-03
R000277,O0002598,P0159,Defective,926.93,2024-09-13
R000278,O0002628,P0009,Changed Mind,705.08,2025-03-02
R000279,O0002631,P0208,Changed Mind,2025.58,2024-01-18
R000280,O0002655,P0920,Late Delivery,278.83,2025-11-24
R000281,O0002659,P0285,Defective,224.95,2025-08-21
R000282,O0002659,P1140,Wrong Item,240.94,2025-08-22
R000283,O0002659,P0505,Defective,1428.98,2025-08-17
R000284,O0002689,P0301,Wrong Item,755.57,2024-02-27
R000285,O0002689,P0749,Defective,2035.93,2024-03-11
R000286,O0002689,P1048,Wrong Item,50.26,2024-03-09
R000287,O0002690,P0428,Defective,1136.97,2025-06-29
R000288,O0002702,P0740,Late Delivery,19.27,2026-02-09
R000289,O0002728,P0279,Wrong Item,927.56,2026-07-04
R000290,O0002756,P1329,Wrong Item,1476.3,2026-04-03
R000291,O0002766,P0197,Defective,1120.57,2024-12-03
R000292,O0002766,P1092,Changed Mind,2201.86,2024-11-21
R000293,O0002778,P0010,Changed Mind,1233.75,2025-06-13
R000294,O0002778,P0419,Late Delivery,824.45,2025-06-15
R000295,O0002796,P1024,Wrong Item,3714.07,2026-06-22
R000296,O0002821,P1356,Defective,2933.92,2024-07-20
R000297,O0002843,P0388,Late Delivery,416.23,2025-04-20
R000298,O0002843,P1262,Late Delivery,1146.88,2025-05-05
R000299,O0002866,P0290,Late Delivery,592.0,2026-05-29
R000300,O0002866,P1066,Changed Mind,211.17,2026-05-19
R000301,O0002926,P0963,Defective,599.35,2026-01-27
R000302,O0002926,P0576,Changed Mind,84.93,2026-02-04
R000303,O0002926,P0568,Wrong Item,546.31,2026-01-17
R000304,O0002930,P1085,Late Delivery,1270.36,2024-02-27
R000305,O0002939,P0258,Defective,496.02,2026-08-07
R000306,O0002939,P0089,Defective,866.78,2026-07-29
R000307,O0002939,P0370,Changed Mind,4825.37,2026-07-25
R000308,O0002939,P0652,Late Delivery,181.77,2026-08-08
R000309,O0002966,P0276,Defective,834.53,2024-07-18
R000310,O0002966,P1271,Changed Mind,528.37,2024-07-17
R000311,O0002966,P1095,Wrong Item,1146.96,2024-07-18
R000312,O0002966,P0039,Changed Mind,1115.09,2024-07-16
R000313,O0002972,P0525,Wrong Item,1588.63,2025-12-02
R000314,O0002972,P1267,Wrong Item,1027.1,2025-11-24
R000315,O0002996,P0669,Late Delivery,2112.34,2026-07-04
R000316,O0003020,P1118,Late Delivery,906.16,2025-12-15
R000317,O0003020,P1229,Changed Mind,2032.45,2025-12-11
R000318,O0003058,P0800,Changed Mind,800.13,2024-07-30
R000319,O0003058,P1083,Defective,1136.51,2024-07-27
R000320,O0003058,P0718,Defective,233.37,2024-08-03
R000321,O0003059,P0239,Late Delivery,300.08,2024-11-16
R000322,O0003069,P1186,Changed Mind,773.27,2025-03-03
R000323,O0003074,P0107,Changed Mind,1249.59,2026-04-22
R000324,O0003081,P0371,Changed Mind,225.69,2026-02-27
R000325,O0003081,P0993,Wrong Item,1025.01,2026-02-25
R000326,O0003081,P1162,Changed Mind,180.66,2026-03-09
R000327,O0003088,P1456,Wrong Item,344.1,2024-02-02
R000328,O0003088,P1238,Late Delivery,814.81,2024-02-01
R000329,O0003097,P1069,Late Delivery,1068.21,2026-07-25
R000330,O0003104,P0368,Changed Mind,904.33,2024-08-14
R000331,O0003135,P0199,Wrong Item,830.15,2025-06-19
R000332,O0003159,P0858,Changed Mind,108.27,2024-01-19
R000333,O0003159,P0623,Wrong Item,165.99,2024-01-17
R000334,O0003159,P1135,Wrong Item,970.28,2024-01-26
R000335,O0003168,P0629,Wrong Item,74.67,2025-02-09
R000336,O0003168,P0071,Defective,49.88,2025-02-01
R000337,O0003168,P1108,Changed Mind,275.51,2025-02-01
R000338,O0003168,P0644,Late Delivery,2405.85,2025-02-03
R000339,O0003183,P0653,Late Delivery,208.87,2025-04-01
R000340,O0003183,P0849,Changed Mind,1251.55,2025-03-25
R000341,O0003185,P1222,Wrong Item,974.82,2024-11-09
R000342,O0003185,P0054,Defective,1315.14,2024-11-06
R000343,O0003185,P0521,Changed Mind,665.8,2024-11-13
R000344,O0003185,P0325,Changed Mind,876.55,2024-11-15
R000345,O0003191,P0510,Late Delivery,937.16,2025-05-27
R000346,O0003193,P0421,Defective,117.17,2024-07-14
R000347,O0003193,P0674,Defective,638.56,2024-07-17
R000348,O0003209,P0223,Late Delivery,1369.56,2024-11-30
R000349,O0003209,P1153,Changed Mind,963.29,2024-11-29
R000350,O0003209,P1253,Defective,2613.95,2024-11-16
R000351,O0003209,P0186,Defective,2151.78,2024-11-24
R000352,O0003228,P0141,Defective,1146.42,2024-03-20
R000353,O0003235,P1461,Changed Mind,1228.66,2025-07-11
R000354,O0003235,P1038,Wrong Item,475.72,2025-07-17
R000355,O0003242,P0922,Late Delivery,735.02,2025-06-07
R000356,O0003246,P1336,Changed Mind,116.78,2024-02-29
R000357,O0003254,P0723,Wrong Item,975.18,2026-02-17
R000358,O0003256,P0975,Defective,438.49,2026-04-11
R000359,O0003256,P0088,Late Delivery,1057.86,2026-04-03
R000360,O0003256,P0254,Changed Mind,182.08,2026-04-06
R000361,O0003269,P1149,Defective,693.98,2024-08-02
R000362,O0003300,P0835,Changed Mind,507.83,2025-06-20
R000363,O0003302,P0596,Changed Mind,809.12,2024-03-24
R000364,O0003302,P0375,Wrong Item,807.39,2024-03-25
R000365,O0003323,P1356,Changed Mind,1909.12,2024-05-26
R000366,O0003350,P1423,Changed Mind,236.29,2024-07-05
R000367,O0003357,P0976,Wrong Item,1055.08,2026-04-27
R000368,O0003357,P0921,Wrong Item,899.02,2026-04-20
R000369,O0003368,P0713,Defective,501.4,2025-05-30
R000370,O0003368,P0067,Late Delivery,287.99,2025-06-06
R000371,O0003385,P0794,Defective,929.03,2024-04-09
R000372,O0003385,P0560,Wrong Item,918.33,2024-04-13
R000373,O0003419,P0904,Wrong Item,1866.59,2024-11-05
R000374,O0003419,P0704,Changed Mind,539.44,2024-11-02
R000375,O0003434,P1413,Defective,794.05,2026-07-18
R000376,O0003439,P0337,Late Delivery,746.7,2025-04-29
R000377,O0003439,P0553,Wrong Item,907.6,2025-05-09
R000378,O0003456,P1308,Defective,504.58,2025-09-08
R000379,O0003463,P1311,Late Delivery,1186.57,2026-02-14
R000380,O0003477,P1107,Late Delivery,477.57,2026-03-10
R000381,O0003490,P1286,Defective,1092.6,2024-06-13
R000382,O0003492,P1050,Wrong Item,170.81,2024-06-24
R000383,O0003540,P0342,Changed Mind,777.34,2024-04-04
R000384,O0003574,P0535,Defective,1319.22,2025-08-17
R000385,O0003580,P1185,Late Delivery,82.04,2025-02-16
R000386,O0003589,P1256,Defective,1741.82,2024-04-09
R000387,O0003603,P0467,Wrong Item,156.39,2026-07-16
R000388,O0003603,P0559,Wrong Item,1287.77,2026-07-20
R000389,O0003603,P1338,Late Delivery,1073.21,2026-07-14
R000390,O0003603,P0774,Late Delivery,468.11,2026-07-23
R000391,O0003614,P0613,Wrong Item,312.55,2026-06-15
R000392,O0003614,P0363,Late Delivery,2358.66,2026-06-12
R000393,O0003618,P1068,Late Delivery,1233.19,2024-02-29
R000394,O0003624,P0161,Wrong Item,703.77,2025-06-09
R000395,O0003624,P0908,Defective,515.93,2025-06-07
R000396,O0003627,P0917,Changed Mind,390.86,2025-09-15
R000397,O0003627,P0054,Late Delivery,1026.36,2025-09-24
R000398,O0003677,P0373,Changed Mind,274.44,2026-08-31
R000399,O0003677,P0199,Defective,616.12,2026-08-25
R000400,O0003677,P0421,Wrong Item,267.65,2026-09-01
R000401,O0003723,P1282,Wrong Item,1195.69,2025-09-25
R000402,O0003728,P0571,Late Delivery,1316.91,2024-04-01
R000403,O0003733,P0023,Changed Mind,1114.49,2026-03-31
R000404,O0003733,P0906,Wrong Item,909.59,2026-04-03
R000405,O0003745,P0632,Defective,284.74,2024-01-16
R000406,O0003772,P0322,Defective,904.73,2026-05-03
R000407,O0003782,P1031,Late Delivery,333.25,2026-04-27
R000408,O0003782,P0440,Wrong Item,919.05,2026-05-01
R000409,O0003782,P0413,Late Delivery,768.65,2026-05-03
R000410,O0003793,P0739,Defective,178.92,2024-02-10
R000411,O0003821,P0279,Wrong Item,781.93,2025-04-06
R000412,O0003822,P0569,Defective,2873.09,2024-09-05
R000413,O0003822,P0629,Wrong Item,64.02,2024-09-09
R000414,O0003840,P1284,Changed Mind,650.49,2024-12-24
R000415,O0003847,P1076,Late Delivery,240.3,2025-05-06
R000416,O0003847,P0274,Defective,1025.28,2025-05-14
R000417,O0003876,P0135,Defective,343.55,2024-03-31
R000418,O0003878,P1432,Late Delivery,1396.53,2025-05-29
R000419,O0003886,P1085,Wrong Item,1393.86,2026-07-28
R000420,O0003890,P0727,Changed Mind,133.43,2025-04-24
R000421,O0003927,P1330,Late Delivery,240.17,2026-07-04
R000422,O0003927,P0875,Defective,820.99,2026-06-19
R000423,O0003927,P1348,Changed Mind,2834.03,2026-06-30
R000424,O0003939,P0829,Late Delivery,3234.1,2024-07-20
R000425,O0003941,P0276,Changed Mind,462.37,2024-06-21
R000426,O0003941,P1058,Changed Mind,1412.57,2024-06-30
R000427,O0003956,P0383,Late Delivery,222.01,2024-06-08
R000428,O0003965,P1196,Wrong Item,496.99,2025-01-21
R000429,O0003971,P1452,Late Delivery,2340.59,2024-01-25
R000430,O0004012,P0597,Wrong Item,475.89,2024-03-26
R000431,O0004012,P0580,Late Delivery,476.1,2024-03-19
R000432,O0004012,P0911,Defective,723.17,2024-04-05
R000433,O0004013,P0991,Wrong Item,538.29,2024-05-19
R000434,O0004055,P0460,Defective,998.82,2026-04-09
R000435,O0004055,P1491,Changed Mind,856.63,2026-04-13
R000436,O0004058,P0563,Late Delivery,362.41,2026-03-03
R000437,O0004058,P0580,Wrong Item,549.63,2026-03-12
R000438,O0004080,P0847,Late Delivery,308.7,2026-04-10
R000439,O0004092,P1154,Defective,1446.51,2024-11-15
R000440,O0004092,P1079,Late Delivery,457.9,2024-11-16
R000441,O0004092,P0286,Wrong Item,1238.14,2024-11-13
R000442,O0004098,P0868,Wrong Item,569.97,2025-05-19
R000443,O0004098,P0592,Defective,455.77,2025-05-12
R000444,O0004098,P0815,Late Delivery,1693.47,2025-05-09
R000445,O0004098,P1153,Late Delivery,834.02,2025-05-21
R000446,O0004144,P1359,Changed Mind,862.69,2024-10-30
R000447,O0004181,P1406,Changed Mind,2926.43,2026-01-07
R000448,O0004181,P0216,Defective,509.01,2026-01-22
R000449,O0004182,P0938,Late Delivery,878.88,2026-03-07
R000450,O0004208,P0028,Wrong Item,1222.09,2025-07-03
R000451,O0004208,P1313,Defective,379.88,2025-07-13
R000452,O0004240,P0491,Late Delivery,2082.8,2026-04-06
R000453,O0004240,P0976,Defective,1072.98,2026-04-03
R000454,O0004240,P1424,Defective,1003.11,2026-03-30
R000455,O0004240,P0872,Late Delivery,879.18,2026-04-02
R000456,O0004249,P0010,Defective,1312.98,2026-01-14
R000457,O0004269,P0518,Late Delivery,480.52,2024-09-13
R000458,O0004277,P1107,Late Delivery,373.04,2024-11-27
R000459,O0004282,P0970,Defective,244.57,2026-04-23
R000460,O0004290,P0061,Wrong Item,740.96,2024-01-03
R000461,O0004291,P0838,Defective,135.84,2024-09-16
R000462,O0004295,P1162,Late Delivery,203.2,2025-12-04
R000463,O0004295,P1279,Defective,2088.11,2025-12-11
R000464,O0004299,P0566,Defective,955.34,2026-08-13
R000465,O0004311,P1042,Late Delivery,783.03,2024-07-23
R000466,O0004311,P0385,Changed Mind,552.59,2024-07-25
R000467,O0004347,P0233,Wrong Item,1128.67,2024-04-09
R000468,O0004347,P1394,Changed Mind,410.84,2024-04-05
R000469,O0004347,P0501,Defective,109.42,2024-03-29
R000470,O0004373,P0567,Defective,189.51,2024-06-24
R000471,O0004375,P1428,Defective,278.43,2025-07-17
R000472,O0004375,P1314,Wrong Item,703.17,2025-07-20
R000473,O0004380,P0705,Changed Mind,520.11,2024-02-16
R000474,O0004435,P1327,Late Delivery,1112.48,2024-11-21
R000475,O0004490,P1252,Defective,1777.13,2025-02-21
R000476,O0004490,P0385,Defective,564.22,2025-03-05
R000477,O0004511,P0322,Late Delivery,1899.37,2025-12-29
R000478,O0004511,P0332,Late Delivery,1350.72,2025-12-29
R000479,O0004527,P0472,Late Delivery,355.73,2024-10-20
R000480,O0004529,P0968,Late Delivery,2146.32,2025-03-05
R000481,O0004534,P1218,Changed Mind,1044.76,2026-01-18
R000482,O0004540,P0794,Wrong Item,869.98,2026-08-26
R000483,O0004540,P1163,Late Delivery,2018.12,2026-08-20
R000484,O0004547,P0026,Late Delivery,993.6,2026-06-18
R000485,O0004555,P0545,Changed Mind,872.5,2025-07-01
R000486,O0004555,P1060,Late Delivery,562.78,2025-07-06
R000487,O0004555,P0909,Wrong Item,533.5,2025-06-29
R000488,O0004560,P1247,Defective,1411.31,2026-01-24
R000489,O0004560,P1147,Late Delivery,84.5,2026-01-14
R000490,O0004560,P0490,Defective,2000.42,2026-01-23
R000491,O0004583,P0537,Defective,1128.56,2026-08-18
R000492,O0004583,P0963,Late Delivery,188.64,2026-08-04
R000493,O0004583,P0689,Wrong Item,1097.39,2026-08-20
R000494,O0004595,P1286,Defective,520.55,2024-09-17
R000495,O0004595,P0024,Late Delivery,1159.58,2024-09-12
R000496,O0004632,P0372,Wrong Item,1043.55,2026-01-21
R000497,O0004632,P0583,Wrong Item,544.31,2026-01-26
R000498,O0004640,P1479,Defective,1136.46,2025-10-13
R000499,O0004654,P0705,Wrong Item,1867.29,2026-06-15
R000500,O0004689,P0962,Wrong Item,567.56,2024-09-05
R000501,O0004689,P0857,Wrong Item,849.83,2024-09-01
R000502,O0004694,P0799,Defective,823.68,2025-07-21
R000503,O0004694,P0127,Defective,520.07,2025-08-01
R000504,O0004705,P0906,Defective,564.83,2024-06-26
R000505,O0004732,P0368,Late Delivery,1009.12,2026-01-04
R000506,O0004732,P0564,Wrong Item,717.96,2026-01-14
R000507,O0004732,P1093,Defective,1428.28,2026-01-07
R000508,O0004732,P0544,Defective,2730.14,2026-01-18
R000509,O0004736,P0729,Late Delivery,2304.6,2024-02-13
R000510,O0004808,P1245,Wrong Item,719.15,2024-02-09
R000511,O0004808,P0454,Late Delivery,1094.79,2024-02-12
R000512,O0004809,P1410,Late Delivery,158.46,2026-06-03
R000513,O0004809,P0299,Late Delivery,28.2,2026-05-31
R000514,O0004823,P1423,Defective,266.7,2025-12-25
R000515,O0004841,P1473,Changed Mind,648.48,2025-09-08
R000516,O0004856,P0293,Defective,1448.67,2025-06-20
R000517,O0004856,P0660,Changed Mind,1281.3,2025-06-18
R000518,O0004873,P0593,Defective,1239.18,2025-07-27
R000519,O0004873,P0760,Defective,1157.81,2025-07-31
R000520,O0004873,P0115,Defective,2612.95,2025-08-01
R000521,O0004878,P0407,Defective,1156.26,2024-03-23
R000522,O0004878,P1001,Late Delivery,824.98,2024-03-19
R000523,O0004896,P0222,Changed Mind,745.94,2026-01-31
R000524,O0004897,P0991,Defective,1204.1,2024-03-15
R000525,O0004903,P1276,Defective,504.3,2024-07-12
R000526,O0004906,P0150,Changed Mind,747.36,2026-08-24
R000527,O0004916,P0313,Wrong Item,521.14,2025-12-05
R000528,O0004925,P0531,Changed Mind,1047.57,2024-03-05
R000529,O0004928,P1412,Late Delivery,2017.21,2025-04-16
R000530,O0004956,P0217,Wrong Item,211.54,2024-07-03
R000531,O0004960,P1027,Changed Mind,1738.93,2025-07-24
R000532,O0004962,P1244,Wrong Item,1177.51,2025-08-21
R000533,O0004981,P0014,Wrong Item,2443.93,2024-03-09
R000534,O0004981,P0974,Changed Mind,673.75,2024-02-29
R000535,O0004993,P1443,Wrong Item,704.73,2024-07-12
R000536,O0004993,P0069,Late Delivery,645.4,2024-07-01
R000537,O0004993,P0201,Defective,56.45,2024-07-08
R000538,O0005003,P0748,Changed Mind,829.96,2026-08-31
R000539,O0005003,P0906,Defective,563.87,2026-08-31
R000540,O0005003,P0536,Defective,933.42,2026-09-09
R000541,O0005003,P0927,Late Delivery,1153.75,2026-08-23
R000542,O0005003,P0144,Late Delivery,1335.84,2026-08-26
R000543,O0005013,P0545,Defective,2602.59,2025-01-26
R000544,O0005016,P1322,Defective,527.38,2025-02-21
R000545,O0005051,P1102,Late Delivery,1201.07,2025-01-20
R000546,O0005060,P0761,Defective,431.07,2026-04-04
R000547,O0005065,P1055,Changed Mind,1178.63,2024-07-11
R000548,O0005065,P1491,Wrong Item,777.21,2024-07-23
R000549,O0005065,P0940,Wrong Item,255.54,2024-07-15
R000550,O0005065,P1173,Changed Mind,691.93,2024-07-14
R000551,O0005072,P0186,Changed Mind,1278.54,2026-01-15
R000552,O0005072,P0419,Changed Mind,1414.84,2026-01-10
R000553,O0005072,P0929,Wrong Item,724.25,2026-01-08
R000554,O0005072,P0933,Wrong Item,638.35,2026-01-15
R000555,O0005086,P0522,Changed Mind,1049.86,2026-08-20
R000556,O0005086,P0754,Defective,1082.85,2026-08-24
R000557,O0005089,P1297,Defective,915.25,2026-06-28
R000558,O0005089,P0727,Late Delivery,135.23,2026-07-07
R000559,O0005151,P0824,Wrong Item,15.62,2024-07-23
R000560,O0005151,P0485,Changed Mind,2004.58,2024-07-24
R000561,O0005151,P1254,Late Delivery,840.7,2024-07-20
R000562,O0005151,P1196,Late Delivery,484.63,2024-07-12
R000563,O0005166,P1033,Late Delivery,1678.05,2026-07-29
R000564,O0005169,P0421,Defective,105.54,2024-08-08
R000565,O0005169,P0228,Wrong Item,1469.1,2024-08-10
R000566,O0005178,P0278,Late Delivery,811.39,2024-01-17
R000567,O0005178,P1234,Changed Mind,164.73,2024-01-11
R000568,O0005181,P0279,Changed Mind,1301.74,2025-04-10
R000569,O0005185,P0513,Defective,121.72,2026-04-21
R000570,O0005186,P1220,Changed Mind,835.59,2026-07-05
R000571,O0005230,P1273,Defective,538.2,2026-05-05
R000572,O0005231,P0962,Late Delivery,255.21,2026-08-28
R000573,O0005235,P1298,Defective,1229.23,2025-05-16
R000574,O0005235,P0527,Wrong Item,164.26,2025-05-08
R000575,O0005244,P0127,Changed Mind,521.47,2024-09-27
R000576,O0005244,P0951,Late Delivery,274.47,2024-10-01
R000577,O0005255,P0207,Late Delivery,1323.21,2024-04-28
R000578,O0005255,P1043,Wrong Item,1184.54,2024-05-10
R000579,O0005256,P1207,Changed Mind,480.22,2025-03-27
R000580,O0005276,P1287,Changed Mind,37.17,2025-10-13
R000581,O0005302,P0327,Late Delivery,1323.44,2026-05-08
R000582,O0005302,P0615,Wrong Item,977.78,2026-05-20
R000583,O0005310,P1387,Late Delivery,777.39,2025-05-12
R000584,O0005324,P1359,Wrong Item,1789.75,2025-03-21
R000585,O0005327,P0589,Changed Mind,129.22,2024-09-20
R000586,O0005328,P0994,Defective,1060.49,2024-02-05
R000587,O0005349,P1259,Late Delivery,653.66,2026-02-13
R000588,O0005354,P1083,Wrong Item,2209.67,2025-01-02
R000589,O0005357,P0277,Changed Mind,363.48,2026-04-04
R000590,O0005357,P0066,Late Delivery,104.41,2026-03-23
R000591,O0005357,P1077,Defective,723.08,2026-03-28
R000592,O0005357,P0627,Wrong Item,392.13,2026-03-22
R000593,O0005370,P1384,Late Delivery,1078.98,2024-04-03
R000594,O0005393,P1316,Defective,2644.1,2024-12-08
R000595,O0005395,P0991,Changed Mind,663.27,2024-07-25
R000596,O0005406,P0354,Defective,2291.65,2025-12-12
R000597,O0005461,P0093,Wrong Item,292.62,2024-09-25
R000598,O0005461,P0377,Wrong Item,972.77,2024-09-19
R000599,O0005476,P0356,Changed Mind,938.75,2024-12-31
R000600,O0005485,P0529,Defective,2394.61,2024-09-30
R000601,O0005485,P1189,Wrong Item,137.95,2024-10-01
R000602,O0005510,P0619,Defective,153.75,2024-05-25
R000603,O0005515,P1343,Wrong Item,1172.72,2025-02-07
R000604,O0005545,P0811,Defective,849.1,2025-10-30
R000605,O0005545,P0247,Wrong Item,590.82,2025-10-28
R000606,O0005606,P0311,Changed Mind,2155.35,2025-02-20
R000607,O0005634,P0658,Late Delivery,1690.3,2025-07-08
R000608,O0005667,P0925,Changed Mind,222.53,2024-06-21
R000609,O0005696,P1167,Defective,4604.75,2024-08-25
R000610,O0005698,P0859,Late Delivery,990.41,2025-05-19
R000611,O0005698,P0369,Late Delivery,1421.27,2025-05-05
R000612,O0005723,P0941,Late Delivery,918.7,2024-03-18
R000613,O0005725,P0925,Defective,197.43,2024-07-31
R000614,O0005740,P0465,Defective,1114.23,2024-05-16
R000615,O0005750,P0628,Defective,233.01,2024-03-20
R000616,O0005758,P1035,Late Delivery,467.49,2024-03-31
R000617,O0005779,P0068,Changed Mind,554.81,2024-02-18
R000618,O0005793,P1371,Defective,941.62,2024-03-28
R000619,O0005793,P1321,Late Delivery,806.59,2024-03-30
R000620,O0005795,P1483,Late Delivery,1187.2,2025-10-23
R000621,O0005795,P1464,Defective,1307.14,2025-10-19
R000622,O0005795,P0584,Late Delivery,1119.16,2025-11-05
R000623,O0005818,P0283,Late Delivery,1328.54,2026-06-26
R000624,O0005819,P0940,Changed Mind,283.05,2025-09-18
R000625,O0005820,P0238,Changed Mind,931.84,2026-03-06
R000626,O0005858,P0085,Defective,2697.31,2024-08-11
R000627,O0005868,P0283,Changed Mind,671.18,2025-03-03
R000628,O0005881,P1075,Changed Mind,846.85,2024-02-19
R000629,O0005890,P0433,Defective,682.03,2026-08-04
R000630,O0005916,P1163,Wrong Item,990.12,2025-04-01
R000631,O0005917,P1462,Defective,280.58,2024-04-20
R000632,O0005970,P0912,Defective,961.52,2024-08-28
R000633,O0005970,P0370,Late Delivery,1319.01,2024-08-20
R000634,O0006012,P1192,Wrong Item,885.92,2025-11-08
R000635,O0006012,P1205,Late Delivery,634.74,2025-10-30
R000636,O0006029,P1008,Defective,96.12,2025-08-05
R000637,O0006029,P0943,Changed Mind,304.36,2025-08-13
R000638,O0006037,P0579,Late Delivery,980.62,2024-04-18
R000639,O0006064,P0177,Late Delivery,2589.0,2025-12-26
R000640,O0006083,P0752,Wrong Item,1665.09,2026-01-31
R000641,O0006109,P0288,Wrong Item,812.82,2024-06-03
R000642,O0006109,P1313,Wrong Item,351.81,2024-05-19
R000643,O0006112,P1031,Defective,297.56,2025-02-23
R000644,O0006130,P0404,Defective,1346.35,2025-08-04
R000645,O0006130,P0977,Wrong Item,433.41,2025-08-04
R000646,O0006137,P0788,Late Delivery,1196.52,2026-01-23
R000647,O0006137,P0818,Defective,2186.34,2026-01-21
R000648,O0006150,P0911,Wrong Item,772.22,2024-07-28
R000649,O0006150,P0313,Late Delivery,439.83,2024-08-08
R000650,O0006167,P1062,Defective,40.65,2024-12-12
R000651,O0006174,P0898,Defective,96.66,2025-02-11
R000652,O0006177,P1208,Defective,300.46,2025-04-01
R000653,O0006189,P0450,Changed Mind,976.24,2025-06-22
R000654,O0006221,P1333,Late Delivery,710.32,2025-07-23
R000655,O0006221,P1201,Late Delivery,78.17,2025-08-06
R000656,O0006221,P0220,Changed Mind,682.97,2025-08-04
R000657,O0006231,P0342,Late Delivery,893.08,2025-05-06
R000658,O0006258,P1349,Wrong Item,2437.32,2025-08-10
R000659,O0006262,P0072,Wrong Item,1132.03,2025-11-19
R000660,O0006262,P1158,Late Delivery,2405.78,2025-11-28
R000661,O0006313,P0110,Wrong Item,920.05,2025-05-16
R000662,O0006322,P0413,Wrong Item,748.36,2024-02-07
R000663,O0006334,P0869,Defective,479.92,2026-08-14
R000664,O0006334,P0866,Wrong Item,1284.78,2026-08-25
R000665,O0006353,P1104,Changed Mind,481.76,2025-01-31
R000666,O0006355,P0323,Defective,290.81,2026-06-08
R000667,O0006360,P0112,Late Delivery,183.63,2024-12-10
R000668,O0006408,P0595,Wrong Item,1562.84,2026-03-10
R000669,O0006428,P1380,Defective,2168.45,2025-06-22
R000670,O0006428,P1278,Defective,588.05,2025-07-01
R000671,O0006437,P1293,Changed Mind,2535.63,2024-09-10
R000672,O0006491,P0996,Late Delivery,1082.41,2024-03-14
R000673,O0006491,P0171,Defective,963.11,2024-03-12
R000674,O0006500,P0061,Wrong Item,750.87,2024-06-07
R000675,O0006500,P0166,Late Delivery,1126.97,2024-06-18
R000676,O0006513,P1496,Defective,2247.67,2026-03-14
R000677,O0006517,P1382,Wrong Item,299.15,2026-02-28
R000678,O0006524,P1398,Wrong Item,1824.18,2025-11-29
R000679,O0006524,P0169,Defective,732.55,2025-11-21
R000680,O0006533,P1264,Late Delivery,725.2,2025-03-11
R000681,O0006533,P0040,Changed Mind,374.34,2025-02-27
R000682,O0006534,P1038,Changed Mind,1175.63,2024-12-21
R000683,O0006534,P0432,Late Delivery,2551.59,2024-12-26
R000684,O0006534,P0196,Changed Mind,272.34,2024-12-25
R000685,O0006538,P1494,Late Delivery,1820.53,2025-10-21
R000686,O0006538,P0913,Wrong Item,447.78,2025-10-10
R000687,O0006541,P0746,Late Delivery,5793.4,2024-05-24
R000688,O0006558,P0764,Wrong Item,610.56,2024-12-30
R000689,O0006564,P0067,Defective,555.38,2025-10-25
R000690,O0006567,P0830,Defective,620.1,2025-02-10
R000691,O0006628,P1267,Late Delivery,2993.77,2024-06-08
R000692,O0006637,P1373,Defective,612.23,2024-04-14
R000693,O0006642,P0569,Changed Mind,949.5,2025-08-28
R000694,O0006651,P1285,Changed Mind,951.95,2026-08-11
R000695,O0006660,P0903,Defective,753.75,2024-05-08
R000696,O0006660,P0448,Changed Mind,2883.83,2024-04-24
R000697,O0006670,P1051,Changed Mind,191.39,2025-12-30
R000698,O0006670,P0013,Changed Mind,470.12,2025-12-25
R000699,O0006728,P0140,Defective,1255.13,2024-09-16
R000700,O0006728,P1103,Defective,410.9,2024-09-11
R000701,O0006744,P0724,Changed Mind,114.94,2025-08-31
R000702,O0006752,P0074,Late Delivery,1242.01,2025-09-14
R000703,O0006752,P0735,Defective,3343.66,2025-09-24
R000704,O0006753,P1046,Wrong Item,534.45,2026-08-18
R000705,O0006786,P0084,Wrong Item,1828.56,2026-05-16
R000706,O0006813,P0871,Wrong Item,5107.63,2026-01-19
R000707,O0006813,P1073,Wrong Item,1724.11,2026-01-12
R000708,O0006813,P0649,Late Delivery,1505.99,2026-01-10
R000709,O0006813,P0279,Wrong Item,789.54,2026-01-10
R000710,O0006833,P0123,Late Delivery,521.7,2026-06-04
R000711,O0006855,P1067,Wrong Item,1329.13,2025-01-10
R000712,O0006867,P0425,Defective,696.8,2026-04-13
R000713,O0006882,P1322,Changed Mind,517.06,2026-01-13
R000714,O0006882,P0752,Changed Mind,877.98,2026-01-11
R000715,O0006883,P0665,Changed Mind,338.61,2025-07-16
R000716,O0006883,P0717,Changed Mind,280.55,2025-07-11
R000717,O0006884,P0587,Changed Mind,591.57,2025-11-25
R000718,O0006886,P1425,Changed Mind,224.59,2025-01-04
R000719,O0006911,P1483,Wrong Item,1181.19,2024-11-01
R000720,O0006911,P1253,Wrong Item,1184.92,2024-11-02
R000721,O0006924,P1124,Defective,1223.19,2024-02-20
R000722,O0006934,P0262,Wrong Item,1056.64,2024-11-25
R000723,O0006961,P1387,Defective,861.65,2026-07-15
R000724,O0006965,P0821,Wrong Item,784.55,2026-07-16
R000725,O0006972,P0500,Late Delivery,231.91,2026-01-16
R000726,O0006973,P0492,Changed Mind,1265.07,2025-11-27
R000727,O0006973,P0977,Defective,780.23,2025-11-28
R000728,O0007000,P0095,Changed Mind,464.64,2024-06-02
R000729,O0007003,P0389,Wrong Item,3184.19,2024-04-28
R000730,O0007003,P0265,Defective,900.38,2024-05-11
R000731,O0007020,P0242,Wrong Item,1186.5,2025-12-15
R000732,O0007035,P1432,Changed Mind,744.42,2025-09-26
R000733,O0007058,P0985,Wrong Item,2397.1,2025-03-22
R000734,O0007074,P1444,Changed Mind,514.37,2025-12-24
R000735,O0007074,P0708,Defective,538.75,2025-12-15
R000736,O0007074,P0119,Late Delivery,704.28,2025-12-25
R000737,O0007089,P1051,Wrong Item,270.2,2026-07-21
R000738,O0007089,P0701,Defective,67.55,2026-07-27
R000739,O0007100,P0036,Late Delivery,1113.21,2024-07-10
R000740,O0007100,P1055,Wrong Item,619.5,2024-07-10
R000741,O0007103,P0180,Late Delivery,942.62,2024-06-16
R000742,O0007103,P1427,Late Delivery,269.44,2024-06-19
R000743,O0007104,P0465,Late Delivery,1008.53,2024-03-07
R000744,O0007119,P0781,Late Delivery,2532.11,2026-03-07
R000745,O0007127,P0705,Late Delivery,2196.04,2025-11-04
R000746,O0007159,P0018,Defective,242.59,2024-12-11
R000747,O0007159,P0135,Changed Mind,296.0,2024-12-10
R000748,O0007159,P1003,Changed Mind,338.93,2024-12-16
R000749,O0007165,P0319,Changed Mind,582.78,2025-02-18
R000750,O0007165,P0129,Defective,1113.56,2025-02-11
R000751,O0007165,P1255,Late Delivery,294.28,2025-02-13
R000752,O0007169,P0648,Late Delivery,402.49,2025-04-13
R000753,O0007213,P0378,Late Delivery,348.88,2025-03-01
R000754,O0007222,P0512,Changed Mind,110.19,2025-08-09
R000755,O0007236,P0614,Changed Mind,1075.52,2024-09-18
R000756,O0007264,P0364,Late Delivery,240.13,2024-11-18
R000757,O0007264,P1150,Late Delivery,908.66,2024-11-17
R000758,O0007277,P0777,Wrong Item,566.48,2025-10-16
R000759,O0007281,P1335,Late Delivery,308.62,2026-04-09
R000760,O0007281,P0390,Defective,1468.57,2026-03-31
R000761,O0007304,P1220,Changed Mind,821.94,2024-09-28
R000762,O0007314,P0605,Wrong Item,379.47,2025-03-13
R000763,O0007325,P0310,Late Delivery,296.0,2026-01-09
R000764,O0007330,P0055,Wrong Item,834.15,2024-05-06
R000765,O0007333,P0985,Wrong Item,2425.36,2024-03-24
R000766,O0007333,P0647,Defective,1071.42,2024-03-20
R000767,O0007337,P1364,Defective,789.71,2025-01-31
R000768,O0007337,P0476,Defective,1215.47,2025-02-06
R000769,O0007337,P0977,Late Delivery,820.89,2025-02-04
R000770,O0007337,P0145,Defective,784.63,2025-01-25
R000771,O0007351,P0219,Wrong Item,412.22,2026-06-10
R000772,O0007351,P0898,Wrong Item,106.62,2026-06-18
R000773,O0007379,P1136,Wrong Item,88.1,2025-02-24
R000774,O0007380,P0016,Late Delivery,1014.64,2025-03-26
R000775,O0007391,P0192,Late Delivery,1121.8,2025-04-27
R000776,O0007409,P1366,Wrong Item,162.96,2025-09-12
R000777,O0007440,P1485,Late Delivery,980.11,2026-02-06
R000778,O0007451,P1315,Late Delivery,220.67,2025-06-01
R000779,O0007455,P0671,Late Delivery,162.27,2025-06-27
R000780,O0007455,P0405,Wrong Item,455.5,2025-07-04
R000781,O0007465,P0806,Late Delivery,694.16,2026-01-21
R000782,O0007467,P0077,Late Delivery,605.02,2026-04-03
R000783,O0007467,P0827,Late Delivery,274.09,2026-03-26
R000784,O0007467,P1210,Defective,1798.87,2026-04-06
R000785,O0007487,P0721,Changed Mind,928.79,2025-10-02
R000786,O0007487,P0935,Late Delivery,720.92,2025-09-23
R000787,O0007498,P0815,Wrong Item,532.24,2024-04-30
R000788,O0007524,P0362,Defective,1126.6,2024-01-29
R000789,O0007537,P0641,Late Delivery,1206.74,2024-05-17
R000790,O0007537,P1405,Late Delivery,2018.7,2024-05-16
R000791,O0007553,P1172,Defective,922.08,2024-08-30
R000792,O0007556,P0466,Late Delivery,1201.61,2025-05-05
R000793,O0007578,P0744,Late Delivery,287.57,2025-10-15
R000794,O0007629,P0020,Changed Mind,1306.28,2026-02-03
R000795,O0007629,P0832,Wrong Item,425.44,2026-02-08
R000796,O0007663,P1441,Changed Mind,512.94,2024-05-13
R000797,O0007663,P0392,Wrong Item,1298.55,2024-05-23
R000798,O0007675,P1297,Defective,981.7,2024-04-17
R000799,O0007689,P0447,Defective,2685.61,2024-04-26
R000800,O0007717,P1102,Late Delivery,2115.94,2024-07-13
R000801,O0007725,P0381,Wrong Item,496.87,2024-07-07
R000802,O0007725,P0467,Wrong Item,160.64,2024-07-03
R000803,O0007726,P0470,Changed Mind,1045.88,2026-01-19
R000804,O0007733,P0412,Changed Mind,1276.9,2025-01-03
R000805,O0007733,P1330,Late Delivery,441.47,2025-01-13
R000806,O0007734,P0100,Defective,336.82,2026-03-31
R000807,O0007737,P1439,Changed Mind,1606.27,2026-05-07
R000808,O0007737,P0964,Late Delivery,711.85,2026-05-17
R000809,O0007748,P0171,Wrong Item,2240.38,2026-07-01
R000810,O0007748,P0191,Wrong Item,1906.9,2026-07-04
R000811,O0007751,P0274,Wrong Item,387.85,2026-09-12
R000812,O0007760,P0734,Late Delivery,2917.72,2024-03-31
R000813,O0007773,P0253,Wrong Item,2149.24,2024-12-07
R000814,O0007782,P0822,Wrong Item,316.48,2026-07-21
R000815,O0007782,P1234,Changed Mind,132.1,2026-08-01
R000816,O0007794,P0212,Wrong Item,783.37,2026-05-20
R000817,O0007800,P0950,Changed Mind,874.97,2025-01-31
R000818,O0007800,P0087,Late Delivery,1633.81,2025-02-03
R000819,O0007808,P0704,Wrong Item,463.12,2024-07-05
R000820,O0007816,P0199,Late Delivery,279.55,2024-01-11
R000821,O0007830,P1316,Changed Mind,907.11,2025-08-07
R000822,O0007830,P0868,Wrong Item,451.15,2025-08-13
R000823,O0007838,P0625,Defective,388.46,2024-09-29
R000824,O0007838,P0184,Changed Mind,616.03,2024-10-04
R000825,O0007838,P0957,Defective,1568.25,2024-10-12
R000826,O0007841,P0756,Defective,658.62,2026-02-05
R000827,O0007841,P0927,Changed Mind,1184.65,2026-02-09
R000828,O0007846,P0685,Wrong Item,2929.12,2025-04-05
R000829,O0007851,P1333,Defective,697.75,2025-06-12
R000830,O0007851,P1015,Late Delivery,951.43,2025-06-09
R000831,O0007851,P0920,Late Delivery,293.7,2025-06-17
R000832,O0007852,P0070,Defective,670.61,2025-06-14
R000833,O0007852,P1254,Late Delivery,2220.78,2025-06-03
R000834,O0007852,P0562,Changed Mind,177.03,2025-06-09
R000835,O0007862,P1236,Changed Mind,138.65,2026-01-26
R000836,O0007899,P1145,Defective,1226.56,2025-07-30
R000837,O0007932,P1357,Late Delivery,213.46,2026-04-20
R000838,O0007932,P0608,Wrong Item,34.81,2026-04-19
R000839,O0007942,P1054,Late Delivery,187.57,2025-02-02
R000840,O0007945,P0205,Defective,876.91,2024-10-22
R000841,O0007945,P1197,Wrong Item,3179.94,2024-10-13
R000842,O0007952,P1301,Wrong Item,1666.46,2026-03-07
R000843,O0007978,P0850,Wrong Item,527.7,2024-10-24
R000844,O0007978,P0988,Changed Mind,1011.27,2024-10-21
R000845,O0007978,P1079,Changed Mind,916.39,2024-10-17
R000846,O0007989,P0048,Changed Mind,1314.29,2024-08-31
R000847,O0008007,P1461,Wrong Item,1035.02,2025-03-13
R000848,O0008007,P1362,Wrong Item,994.73,2025-03-14
R000849,O0008016,P1374,Late Delivery,4044.03,2026-02-25
R000850,O0008038,P0949,Late Delivery,748.03,2026-01-08
R000851,O0008038,P0975,Changed Mind,411.23,2026-01-15
R000852,O0008038,P1022,Wrong Item,2230.15,2026-01-04
R000853,O0008092,P0597,Changed Mind,972.83,2025-09-01
R000854,O0008118,P1095,Late Delivery,574.79,2024-05-01
R000855,O0008119,P0738,Defective,457.37,2025-11-19
R000856,O0008119,P0183,Late Delivery,3555.65,2025-11-22
R000857,O0008151,P0392,Wrong Item,1315.97,2024-03-01
R000858,O0008151,P0788,Changed Mind,749.11,2024-03-01
R000859,O0008198,P0148,Wrong Item,587.3,2024-02-27
R000860,O0008198,P1191,Defective,1310.96,2024-03-07
R000861,O0008214,P1492,Wrong Item,539.7,2024-02-26
R000862,O0008214,P0609,Changed Mind,926.32,2024-03-07
R000863,O0008222,P0254,Late Delivery,85.57,2026-02-07
R000864,O0008222,P0795,Defective,1123.01,2026-02-07
R000865,O0008245,P0772,Defective,939.78,2025-03-23
R000866,O0008245,P1132,Late Delivery,1270.22,2025-03-23
R000867,O0008282,P0014,Defective,2805.24,2026-08-26
R000868,O0008291,P1292,Wrong Item,385.91,2026-08-03
R000869,O0008308,P1430,Wrong Item,26.43,2025-08-21
R000870,O0008308,P0330,Late Delivery,1307.65,2025-08-25
R000871,O0008308,P0920,Defective,258.2,2025-08-16
R000872,O0008308,P1438,Changed Mind,39.57,2025-08-22
R000873,O0008309,P0241,Defective,562.07,2026-01-31
R000874,O0008309,P1038,Wrong Item,577.82,2026-02-09
R000875,O0008326,P0423,Defective,2070.46,2025-12-24
R000876,O0008348,P1171,Defective,120.98,2025-12-24
R000877,O0008348,P0816,Late Delivery,316.98,2025-12-16
R000878,O0008348,P0256,Wrong Item,945.02,2025-12-25
R000879,O0008357,P0824,Changed Mind,52.0,2025-09-10
R000880,O0008357,P1357,Changed Mind,241.91,2025-09-11
R000881,O0008361,P1456,Wrong Item,346.97,2025-06-21
R000882,O0008361,P1500,Changed Mind,128.04,2025-06-21
R000883,O0008367,P1453,Changed Mind,2903.43,2025-11-22
R000884,O0008367,P0329,Wrong Item,890.72,2025-11-11
R000885,O0008367,P1164,Late Delivery,395.91,2025-11-09
R000886,O0008367,P0422,Late Delivery,1065.45,2025-11-24
R000887,O0008369,P0937,Wrong Item,122.46,2026-07-21
R000888,O0008380,P0068,Changed Mind,1018.19,2026-03-20
R000889,O0008400,P1170,Wrong Item,871.04,2025-02-25
R000890,O0008423,P0902,Defective,1099.8,2025-11-10
R000891,O0008423,P1021,Defective,2052.35,2025-11-21
R000892,O0008423,P0968,Late Delivery,1140.53,2025-11-20
R000893,O0008441,P0636,Defective,2065.84,2024-10-14
R000894,O0008468,P0928,Defective,618.57,2026-08-10
R000895,O0008478,P0218,Wrong Item,657.33,2024-12-19
R000896,O0008487,P0420,Late Delivery,932.95,2026-01-18
R000897,O0008487,P0622,Late Delivery,1736.54,2026-01-26
R000898,O0008489,P0068,Late Delivery,444.74,2024-05-07
R000899,O0008494,P0839,Changed Mind,273.8,2025-02-27
R000900,O0008520,P0802,Wrong Item,631.12,2025-07-19
R000901,O0008520,P0553,Late Delivery,505.97,2025-07-24
R000902,O0008520,P0791,Wrong Item,675.43,2025-07-20
R000903,O0008554,P0172,Late Delivery,1164.14,2026-07-26
R000904,O0008573,P0534,Wrong Item,842.15,2024-03-24
R000905,O0008573,P0283,Late Delivery,1413.82,2024-03-13
R000906,O0008579,P1303,Defective,690.32,2024-03-29
R000907,O0008608,P0988,Defective,1069.73,2025-09-20
R000908,O0008616,P0033,Late Delivery,973.61,2024-04-17
R000909,O0008705,P0807,Defective,740.35,2026-05-09
R000910,O0008730,P1324,Changed Mind,510.67,2024-11-08
R000911,O0008739,P0356,Late Delivery,1073.22,2024-07-26
R000912,O0008750,P1098,Defective,1189.02,2024-12-01
R000913,O0008750,P0540,Defective,1013.89,2024-12-13
R000914,O0008750,P0722,Defective,1322.14,2024-12-07
R000915,O0008750,P0844,Changed Mind,1163.43,2024-11-27
R000916,O0008751,P0829,Late Delivery,1021.69,2024-03-12
R000917,O0008764,P0954,Changed Mind,378.54,2024-05-23
R000918,O0008769,P0862,Defective,993.1,2025-09-14
R000919,O0008792,P1468,Wrong Item,584.42,2024-02-04
R000920,O0008792,P0144,Late Delivery,3642.22,2024-02-16
R000921,O0008795,P1399,Defective,491.84,2024-10-02
R000922,O0008795,P0711,Wrong Item,400.22,2024-10-01
R000923,O0008812,P1086,Wrong Item,801.43,2026-03-31
R000924,O0008813,P0398,Wrong Item,967.59,2026-02-17
R000925,O0008813,P1436,Changed Mind,822.35,2026-02-24
R000926,O0008820,P1451,Defective,65.46,2025-03-05
R000927,O0008820,P1085,Changed Mind,1330.44,2025-02-27
R000928,O0008827,P0156,Defective,636.89,2025-02-04
R000929,O0008829,P0675,Wrong Item,163.2,2024-04-01
R000930,O0008836,P1431,Changed Mind,523.76,2024-08-20
R000931,O0008836,P1454,Changed Mind,808.11,2024-08-23
R000932,O0008855,P1274,Wrong Item,745.45,2025-03-14
R000933,O0008857,P0206,Defective,383.99,2025-11-29
R000934,O0008869,P0571,Late Delivery,1387.83,2025-05-08
R000935,O0008869,P1100,Changed Mind,362.03,2025-05-08
R000936,O0008880,P0180,Defective,824.95,2025-08-11
R000937,O0008880,P0547,Changed Mind,1791.01,2025-08-04
R000938,O0008880,P0721,Late Delivery,1106.61,2025-08-12
R000939,O0008883,P0302,Changed Mind,2187.19,2024-10-02
R000940,O0008884,P1076,Changed Mind,481.79,2025-10-12
R000941,O0008884,P0939,Late Delivery,930.89,2025-10-23
R000942,O0008894,P0917,Late Delivery,1430.67,2025-08-04
R000943,O0008916,P0398,Defective,759.9,2026-08-28
R000944,O0008921,P0523,Late Delivery,953.6,2025-07-30
R000945,O0008921,P1227,Wrong Item,102.81,2025-08-05
R000946,O0008931,P0223,Changed Mind,1308.71,2025-11-20
R000947,O0008934,P0488,Late Delivery,227.32,2025-07-18
R000948,O0008934,P1428,Defective,129.09,2025-07-20
R000949,O0008945,P1366,Changed Mind,78.63,2024-10-24
R000950,O0008982,P0856,Late Delivery,1014.96,2025-09-24
R000951,O0008982,P1473,Late Delivery,336.82,2025-09-23
R000952,O0008983,P0840,Changed Mind,1023.44,2026-04-24
R000953,O0009004,P0976,Changed Mind,548.93,2024-06-25
R000954,O0009043,P1364,Defective,749.48,2024-05-04
R000955,O0009056,P0776,Late Delivery,127.1,2024-10-27
R000956,O0009059,P0819,Changed Mind,386.63,2025-05-17
R000957,O0009104,P0429,Late Delivery,969.19,2025-10-11
R000958,O0009126,P1329,Wrong Item,723.87,2024-08-26
R000959,O0009162,P0524,Wrong Item,571.35,2024-08-22
R000960,O0009205,P0733,Changed Mind,168.31,2024-08-03
R000961,O0009205,P0502,Wrong Item,853.66,2024-07-25
R000962,O0009219,P0084,Wrong Item,774.67,2025-03-31
R000963,O0009219,P0693,Wrong Item,1575.05,2025-04-08
R000964,O0009236,P0317,Wrong Item,108.06,2026-06-05
R000965,O0009236,P1302,Defective,1357.9,2026-06-01
R000966,O0009257,P1181,Defective,884.8,2026-08-02
R000967,O0009261,P1345,Wrong Item,873.79,2024-11-02
R000968,O0009279,P0910,Wrong Item,3198.06,2025-02-08
R000969,O0009306,P1184,Changed Mind,1137.09,2026-07-05
R000970,O0009316,P1277,Late Delivery,1178.96,2026-08-04
R000971,O0009316,P0648,Changed Mind,156.53,2026-08-17
R000972,O0009316,P0760,Wrong Item,2193.85,2026-08-13
R000973,O0009328,P1200,Defective,89.78,2026-06-02
R000974,O0009335,P0467,Changed Mind,176.27,2025-05-22
R000975,O0009335,P0255,Defective,762.64,2025-06-01
R000976,O0009349,P1444,Late Delivery,261.51,2024-11-24
R000977,O0009353,P0854,Changed Mind,1313.96,2024-08-20
R000978,O0009353,P1206,Late Delivery,1972.36,2024-08-20
R000979,O0009363,P0808,Defective,182.03,2024-12-15
R000980,O0009363,P1457,Changed Mind,293.97,2024-12-16
R000981,O0009364,P1222,Changed Mind,2113.4,2025-07-29
R000982,O0009364,P0370,Defective,2662.06,2025-07-11
R000983,O0009392,P0347,Defective,379.47,2026-01-30
R000984,O0009403,P0752,Late Delivery,929.5,2025-08-27
R000985,O0009423,P0285,Changed Mind,78.42,2024-02-19
R000986,O0009434,P0286,Defective,4165.07,2024-11-03
R000987,O0009434,P0143,Late Delivery,103.73,2024-10-25
R000988,O0009449,P0498,Late Delivery,37.28,2024-10-26
R000989,O0009464,P0140,Late Delivery,1136.52,2026-02-20
R000990,O0009464,P0572,Defective,1077.79,2026-02-22
R000991,O0009464,P1100,Changed Mind,353.63,2026-02-26
R000992,O0009464,P0645,Changed Mind,1095.24,2026-02-18
R000993,O0009483,P0326,Wrong Item,669.95,2025-05-15
R000994,O0009539,P0896,Late Delivery,426.06,2024-07-17
R000995,O0009548,P0345,Changed Mind,916.54,2026-08-10
R000996,O0009563,P1410,Defective,153.76,2024-10-30
R000997,O0009563,P0456,Late Delivery,260.74,2024-11-11
R000998,O0009563,P1196,Wrong Item,433.96,2024-11-01
R000999,O0009563,P0059,Wrong Item,525.21,2024-11-06
R001000,O0009595,P1178,Late Delivery,527.79,2025-07-17
R001001,O0009595,P0052,Wrong Item,2062.17,2025-07-08
R001002,O0009597,P0971,Changed Mind,1009.23,2024-03-12
R001003,O0009597,P0953,Late Delivery,249.83,2024-03-23
R001004,O0009597,P1264,Defective,235.38,2024-03-25
R001005,O0009603,P0199,Late Delivery,274.91,2024-12-10
R001006,O0009608,P0762,Late Delivery,808.73,2026-03-29
R001007,O0009608,P0191,Defective,690.2,2026-04-12
R001008,O0009619,P1424,Changed Mind,924.22,2026-08-15
R001009,O0009619,P0510,Late Delivery,961.03,2026-08-07
R001010,O0009622,P0227,Wrong Item,2447.52,2024-10-08
R001011,O0009622,P0681,Wrong Item,3551.22,2024-10-03
R001012,O0009632,P1273,Late Delivery,492.88,2025-05-30
R001013,O0009632,P1022,Wrong Item,965.71,2025-06-04
R001014,O0009649,P1404,Changed Mind,231.63,2026-04-17
R001015,O0009658,P0482,Defective,132.61,2026-09-05
R001016,O0009658,P1123,Late Delivery,1085.56,2026-09-03
R001017,O0009673,P0051,Defective,678.22,2024-08-24
R001018,O0009673,P0634,Changed Mind,665.85,2024-08-29
R001019,O0009675,P0922,Defective,675.74,2024-03-18
R001020,O0009739,P0113,Late Delivery,2284.68,2025-07-08
R001021,O0009739,P0541,Changed Mind,678.09,2025-07-13
R001022,O0009756,P1325,Late Delivery,1413.09,2026-07-31
R001023,O0009756,P0813,Defective,835.1,2026-07-20
R001024,O0009756,P0808,Changed Mind,565.55,2026-07-31
R001025,O0009758,P0970,Wrong Item,297.45,2024-08-18
R001026,O0009758,P0371,Defective,647.57,2024-08-24
R001027,O0009764,P0074,Changed Mind,1344.32,2025-05-23
R001028,O0009781,P1432,Wrong Item,1992.96,2025-10-04
R001029,O0009812,P0360,Wrong Item,967.98,2026-02-07
R001030,O0009812,P0534,Wrong Item,868.69,2026-02-16
R001031,O0009816,P1283,Wrong Item,1075.26,2024-12-08
R001032,O0009841,P0714,Wrong Item,1074.99,2026-03-18
R001033,O0009843,P0124,Late Delivery,1052.59,2026-09-03
R001034,O0009843,P0923,Wrong Item,2396.13,2026-09-03
R001035,O0009849,P1112,Changed Mind,735.05,2026-02-08
R001036,O0009849,P0212,Wrong Item,736.86,2026-02-09
R001037,O0009849,P0617,Late Delivery,26.66,2026-02-11
R001038,O0009853,P0744,Defective,507.09,2026-08-24
R001039,O0009860,P1070,Late Delivery,1225.49,2024-12-02
R001040,O0009860,P0604,Wrong Item,509.83,2024-12-01
R001041,O0009864,P0374,Changed Mind,300.55,2024-02-08
R001042,O0009873,P0895,Changed Mind,646.77,2026-06-01
R001043,O0009874,P1051,Changed Mind,191.39,2025-01-29
R001044,O0009874,P1303,Changed Mind,787.98,2025-01-20
R001045,O0009874,P0895,Defective,1966.4,2025-01-26
R001046,O0009891,P0875,Changed Mind,789.55,2026-01-29
R001047,O0009891,P0360,Late Delivery,947.65,2026-01-26
R001048,O0009930,P1337,Wrong Item,1000.78,2024-03-03
R001049,O0009938,P0037,Wrong Item,384.54,2026-04-11
R001050,O0009944,P0630,Wrong Item,660.5,2024-04-04
R001051,O0009948,P0188,Late Delivery,756.56,2025-01-08
R001052,O0009953,P0240,Changed Mind,2767.36,2024-12-31
R001053,O0009971,P0432,Late Delivery,4452.51,2025-09-01
R001054,O0009971,P0049,Late Delivery,837.47,2025-08-21
R001055,O0009981,P0865,Defective,1319.64,2025-09-02
R001056,O0009987,P0487,Wrong Item,65.12,2025-12-13
R001057,O0010011,P0469,Changed Mind,76.81,2026-03-17
R001058,O0010045,P1308,Late Delivery,519.0,2024-07-12
R001059,O0010045,P0682,Defective,1329.52,2024-06-27
R001060,O0010048,P0758,Defective,755.09,2026-09-17
R001061,O0010048,P0912,Wrong Item,2357.27,2026-09-16
R001062,O0010060,P0488,Wrong Item,434.39,2026-07-05
R001063,O0010072,P0388,Late Delivery,1182.57,2026-07-13
R001064,O0010072,P0378,Wrong Item,348.88,2026-07-14
R001065,O0010104,P1314,Wrong Item,370.15,2025-08-24
R001066,O0010104,P0595,Wrong Item,1511.81,2025-08-25
R001067,O0010115,P0186,Defective,1164.37,2024-04-06
R001068,O0010132,P0888,Changed Mind,782.97,2024-12-22
R001069,O0010145,P0994,Wrong Item,1166.63,2025-12-30
R001070,O0010153,P0711,Wrong Item,943.57,2026-08-13
R001071,O0010155,P0046,Defective,144.07,2024-11-11
R001072,O0010155,P0790,Changed Mind,29.22,2024-11-19
R001073,O0010158,P0451,Defective,265.32,2025-10-29
R001074,O0010159,P1397,Changed Mind,1206.68,2026-03-03
R001075,O0010168,P0888,Defective,739.04,2026-01-17
R001076,O0010202,P0405,Wrong Item,299.45,2024-04-26
R001077,O0010205,P0837,Late Delivery,1110.55,2026-05-30
R001078,O0010205,P0090,Wrong Item,901.92,2026-05-29
R001079,O0010212,P1321,Changed Mind,2342.48,2024-03-02
R001080,O0010229,P1253,Changed Mind,3719.88,2024-04-04
R001081,O0010229,P0386,Defective,308.69,2024-04-17
R001082,O0010232,P0082,Late Delivery,927.43,2024-11-12
R001083,O0010232,P1293,Late Delivery,802.72,2024-11-07
R001084,O0010232,P0692,Changed Mind,123.71,2024-11-21
R001085,O0010261,P1427,Late Delivery,269.44,2024-12-29
R001086,O0010261,P0880,Defective,2217.51,2024-12-16
R001087,O0010281,P1263,Defective,964.53,2024-04-10
R001088,O0010281,P1157,Defective,871.05,2024-04-10
R001089,O0010301,P0089,Wrong Item,2750.51,2024-11-09
R001090,O0010302,P0835,Changed Mind,428.9,2026-04-22
R001091,O0010302,P0750,Defective,957.32,2026-04-08
R001092,O0010302,P0716,Defective,1148.99,2026-04-05
R001093,O0010330,P1007,Late Delivery,472.5,2025-09-09
R001094,O0010342,P1233,Late Delivery,782.13,2025-04-07
R001095,O0010342,P1316,Late Delivery,1866.57,2025-04-14
R001096,O0010344,P0882,Late Delivery,3631.03,2025-09-04
R001097,O0010351,P1494,Wrong Item,861.25,2024-09-16
R001098,O0010380,P0938,Late Delivery,811.57,2025-06-30
R001099,O0010386,P1310,Changed Mind,204.42,2025-01-31
R001100,O0010399,P1040,Late Delivery,3733.05,2025-01-15
R001101,O0010399,P1151,Defective,491.55,2025-01-28
R001102,O0010403,P0278,Changed Mind,899.44,2024-08-24
R001103,O0010403,P0015,Changed Mind,979.64,2024-09-10
R001104,O0010431,P0584,Defective,727.79,2024-11-01
R001105,O0010431,P1460,Defective,1105.53,2024-10-19
R001106,O0010442,P1482,Late Delivery,267.27,2025-04-13
R001107,O0010461,P0152,Late Delivery,1063.89,2025-04-20
R001108,O0010461,P0092,Defective,640.72,2025-04-16
R001109,O0010461,P0578,Wrong Item,1841.37,2025-04-26
R001110,O0010462,P0444,Wrong Item,1099.26,2025-06-06
R001111,O0010531,P1157,Late Delivery,653.14,2025-09-22
R001112,O0010531,P0329,Late Delivery,835.88,2025-10-02
R001113,O0010531,P0401,Late Delivery,1143.41,2025-09-18
R001114,O0010531,P0988,Changed Mind,1030.71,2025-09-27
R001115,O0010531,P1461,Changed Mind,1059.1,2025-09-25
R001116,O0010551,P1100,Defective,671.43,2024-01-14
R001117,O0010551,P1003,Changed Mind,321.11,2024-01-22
R001118,O0010553,P1134,Wrong Item,1698.58,2024-04-05
R001119,O0010569,P0469,Changed Mind,35.65,2025-03-15
R001120,O0010569,P0901,Changed Mind,763.8,2025-03-11
R001121,O0010576,P0831,Changed Mind,230.05,2025-02-16
R001122,O0010585,P1405,Changed Mind,820.9,2026-03-22
R001123,O0010604,P0984,Defective,1056.69,2025-08-03
R001124,O0010604,P0345,Late Delivery,823.63,2025-08-03
R001125,O0010607,P1276,Late Delivery,581.74,2024-12-16
R001126,O0010615,P0685,Defective,1292.11,2025-07-05
R001127,O0010622,P0403,Defective,60.33,2025-02-15
R001128,O0010624,P0591,Wrong Item,1247.21,2024-12-23
R001129,O0010625,P0828,Wrong Item,560.13,2026-05-08
R001130,O0010629,P0757,Wrong Item,1098.02,2026-01-31
R001131,O0010629,P0385,Late Delivery,668.83,2026-01-28
R001132,O0010630,P0730,Wrong Item,91.35,2024-12-01
R001133,O0010630,P0391,Late Delivery,531.09,2024-12-13
R001134,O0010649,P0524,Late Delivery,646.63,2025-09-12
R001135,O0010661,P0425,Defective,1187.68,2024-07-01
R001136,O0010661,P0558,Late Delivery,62.7,2024-06-19
R001137,O0010661,P1136,Defective,91.94,2024-06-21
R001138,O0010697,P0697,Wrong Item,449.22,2024-12-31
R001139,O0010697,P0587,Wrong Item,571.3,2024-12-30
R001140,O0010705,P1017,Late Delivery,836.0,2025-09-30
R001141,O0010713,P1327,Changed Mind,2415.2,2025-11-25
R001142,O0010713,P1342,Wrong Item,681.1,2025-12-03
R001143,O0010713,P0755,Late Delivery,1558.98,2025-11-26
R001144,O0010714,P1065,Defective,907.02,2024-06-17
R001145,O0010714,P0160,Wrong Item,464.74,2024-06-08
R001146,O0010744,P0941,Late Delivery,838.44,2024-03-12
R001147,O0010762,P1460,Defective,562.05,2025-04-28
R001148,O0010762,P0294,Late Delivery,255.91,2025-04-22
R001149,O0010762,P0143,Late Delivery,107.94,2025-04-27
R001150,O0010763,P1286,Late Delivery,1043.07,2025-04-23
R001151,O0010763,P0144,Late Delivery,3233.23,2025-04-11
R001152,O0010763,P0712,Changed Mind,634.24,2025-04-18
R001153,O0010792,P0731,Wrong Item,778.19,2024-12-26
R001154,O0010792,P0980,Changed Mind,602.88,2024-12-21
R001155,O0010805,P0118,Late Delivery,367.78,2026-04-10
R001156,O0010816,P0218,Defective,613.23,2024-10-16
R001157,O0010816,P1238,Defective,670.26,2024-10-13
R001158,O0010825,P0250,Defective,734.7,2025-08-24
R001159,O0010833,P0726,Late Delivery,218.1,2026-08-07
R001160,O0010833,P0186,Defective,2225.68,2026-08-16
R001161,O0010833,P0360,Defective,2787.83,2026-08-10
R001162,O0010841,P0517,Defective,1219.26,2025-04-21
R001163,O0010841,P0830,Late Delivery,1142.21,2025-04-07
R001164,O0010841,P0079,Changed Mind,3214.4,2025-04-13
R001165,O0010870,P0641,Wrong Item,1161.41,2025-06-29
R001166,O0010898,P0411,Changed Mind,1283.88,2024-04-03
R001167,O0010903,P1113,Changed Mind,965.65,2026-08-13
R001168,O0010929,P0772,Wrong Item,1907.87,2024-07-15
R001169,O0010929,P1114,Late Delivery,652.93,2024-07-11
R001170,O0010935,P0739,Defective,167.41,2025-03-09
R001171,O0010935,P0855,Defective,1910.78,2025-03-12
R001172,O0010935,P1251,Defective,347.53,2025-03-10
R001173,O0010935,P0785,Changed Mind,1260.31,2025-03-09
R001174,O0010945,P0710,Defective,302.26,2025-04-29
R001175,O0010957,P0034,Wrong Item,1762.81,2024-04-03
R001176,O0010959,P1366,Wrong Item,221.84,2024-05-10
R001177,O0010959,P0999,Defective,1660.43,2024-05-08
R001178,O0010968,P0892,Late Delivery,432.62,2024-10-24
R001179,O0010968,P1330,Changed Mind,642.79,2024-10-23
R001180,O0010973,P1322,Changed Mind,1126.88,2026-02-01
R001181,O0010973,P0458,Changed Mind,774.27,2026-02-10
R001182,O0010979,P1421,Wrong Item,256.6,2025-05-31
R001183,O0010985,P0307,Late Delivery,1559.36,2024-02-15
R001184,O0011026,P0163,Defective,377.73,2026-04-17
R001185,O0011028,P1139,Late Delivery,250.29,2024-10-25
R001186,O0011028,P0164,Late Delivery,42.55,2024-10-29
R001187,O0011039,P1283,Defective,2232.44,2026-01-04
R001188,O0011042,P1047,Wrong Item,979.53,2025-03-04
R001189,O0011075,P1287,Wrong Item,35.26,2024-07-25
R001190,O0011082,P0802,Changed Mind,597.32,2026-01-08
R001191,O0011121,P0290,Changed Mind,580.5,2025-09-09
R001192,O0011133,P0039,Wrong Item,921.47,2024-05-19
R001193,O0011139,P1446,Late Delivery,26.07,2025-06-07
R001194,O0011140,P1450,Late Delivery,101.04,2025-03-12
R001195,O0011141,P1339,Defective,492.68,2025-09-06
R001196,O0011141,P0677,Defective,871.95,2025-09-14
R001197,O0011193,P1342,Defective,764.56,2024-10-15
R001198,O0011193,P1091,Defective,247.95,2024-10-20
R001199,O0011223,P0639,Wrong Item,1158.87,2025-03-23
R001200,O0011223,P0979,Wrong Item,996.48,2025-03-14
R001201,O0011235,P1129,Late Delivery,3501.6,2024-06-17
R001202,O0011242,P1250,Late Delivery,1980.83,2026-08-26
R001203,O0011289,P1134,Defective,535.72,2026-09-02
R001204,O0011296,P0191,Late Delivery,752.84,2025-08-10
R001205,O0011296,P1105,Changed Mind,362.17,2025-07-31
R001206,O0011297,P0404,Late Delivery,1079.98,2025-09-22
R001207,O0011297,P1122,Late Delivery,620.76,2025-10-08
R001208,O0011306,P1004,Defective,1063.6,2024-03-20
R001209,O0011311,P0584,Late Delivery,1027.18,2025-01-15
R001210,O0011311,P0209,Wrong Item,710.38,2025-01-08
R001211,O0011315,P0115,Defective,2319.46,2025-08-14
R001212,O0011315,P0578,Wrong Item,1650.19,2025-08-13
R001213,O0011315,P1210,Late Delivery,887.59,2025-08-18
R001214,O0011339,P0385,Late Delivery,598.74,2026-08-04
R001215,O0011345,P0167,Late Delivery,1526.6,2026-08-02
R001216,O0011349,P0710,Late Delivery,319.39,2026-01-16
R001217,O0011349,P0314,Defective,4619.31,2026-01-20
R001218,O0011349,P0223,Late Delivery,1318.8,2026-01-14
R001219,O0011400,P1071,Changed Mind,903.02,2026-05-30
R001220,O0011405,P0487,Changed Mind,67.24,2024-11-10
R001221,O0011405,P0114,Wrong Item,853.88,2024-11-16
R001222,O0011416,P0392,Changed Mind,1261.58,2025-01-21
R001223,O0011417,P1128,Late Delivery,757.53,2024-08-09
R001224,O0011417,P0986,Changed Mind,162.51,2024-08-01
R001225,O0011432,P0122,Defective,665.33,2024-05-07
R001226,O0011482,P0236,Wrong Item,930.08,2026-03-04
R001227,O0011485,P1085,Wrong Item,2787.72,2024-01-22
R001228,O0011517,P1105,Late Delivery,369.67,2024-09-26
R001229,O0011517,P1177,Late Delivery,1157.62,2024-09-29
R001230,O0011529,P0632,Changed Mind,282.99,2025-07-08
R001231,O0011529,P0077,Wrong Item,1208.62,2025-07-03
R001232,O0011545,P0197,Wrong Item,557.2,2024-04-01
R001233,O0011557,P0291,Wrong Item,579.99,2026-04-17
R001234,O0011561,P0662,Wrong Item,1061.3,2024-09-21
R001235,O0011563,P0409,Wrong Item,1057.42,2025-12-24
R001236,O0011572,P0869,Late Delivery,489.61,2026-04-30
R001237,O0011572,P0979,Wrong Item,1109.13,2026-04-27
R001238,O0011572,P0573,Defective,649.24,2026-04-30
R001239,O0011572,P0808,Wrong Item,706.86,2026-05-03
R001240,O0011572,P1311,Late Delivery,1221.28,2026-04-20
R001241,O0011576,P0322,Changed Mind,820.75,2024-07-24
R001242,O0011590,P0523,Changed Mind,2525.45,2026-05-07
R001243,O0011600,P1153,Defective,2654.39,2024-11-25
R001244,O0011600,P0531,Wrong Item,1142.96,2024-11-20
R001245,O0011605,P1279,Late Delivery,2071.1,2026-07-02
R001246,O0011686,P0043,Changed Mind,832.61,2024-06-08
R001247,O0011703,P1085,Late Delivery,1170.42,2025-10-20
R001248,O0011731,P1252,Defective,2356.45,2025-07-14
R001249,O0011757,P1327,Late Delivery,1168.89,2024-05-14
R001250,O0011795,P0056,Changed Mind,532.96,2025-08-21
R001251,O0011797,P1037,Defective,665.77,2026-01-15
R001252,O0011803,P1103,Changed Mind,515.14,2024-02-23
R001253,O0011809,P1456,Defective,765.67,2024-12-23
R001254,O0011845,P0819,Defective,407.24,2024-10-24
R001255,O0011861,P0696,Late Delivery,555.66,2025-04-05
R001256,O0011874,P0253,Changed Mind,653.58,2025-05-10
R001257,O0011896,P0051,Changed Mind,314.68,2025-08-05
R001258,O0011903,P0766,Defective,130.9,2025-08-19
R001259,O0011915,P0097,Wrong Item,1231.71,2024-07-02
R001260,O0011925,P0355,Wrong Item,698.45,2026-06-02
R001261,O0011925,P0892,Wrong Item,409.48,2026-06-03
R001262,O0011954,P0053,Changed Mind,570.69,2026-05-02
R001263,O0011956,P0927,Changed Mind,1277.99,2025-10-09
R001264,O0011956,P0892,Late Delivery,837.91,2025-10-14
R001265,O0011960,P0315,Changed Mind,1801.13,2026-05-11
R001266,O0011960,P0702,Late Delivery,1367.71,2026-05-09
R001267,O0011973,P0770,Defective,3079.66,2024-07-05
R001268,O0011973,P0992,Late Delivery,678.55,2024-07-10
R001269,O0011973,P0937,Wrong Item,469.82,2024-07-09
R001270,O0011980,P1411,Wrong Item,709.62,2024-06-08
R001271,O0011980,P0775,Wrong Item,1715.99,2024-06-07
R001272,O0011980,P1087,Changed Mind,213.64,2024-06-05
R001273,O0011990,P1433,Wrong Item,3779.79,2025-08-06
R001274,O0012005,P0482,Wrong Item,133.7,2025-03-09
R001275,O0012044,P0269,Late Delivery,1066.68,2026-05-18
R001276,O0012044,P1490,Defective,335.97,2026-05-12
R001277,O0012045,P1192,Wrong Item,2563.7,2024-09-14
R001278,O0012045,P1045,Late Delivery,219.01,2024-09-20
R001279,O0012050,P0575,Late Delivery,1255.36,2025-03-13
R001280,O0012050,P0940,Wrong Item,534.59,2025-03-09
R001281,O0012050,P0901,Changed Mind,773.22,2025-03-11
R001282,O0012055,P0890,Changed Mind,146.82,2025-01-21
R001283,O0012055,P0623,Defective,160.43,2025-02-01
R001284,O0012055,P0389,Wrong Item,847.46,2025-01-21
R001285,O0012055,P0500,Late Delivery,250.96,2025-01-26
R001286,O0012055,P0251,Changed Mind,510.85,2025-01-20
R001287,O0012068,P0635,Changed Mind,63.62,2025-07-01
R001288,O0012107,P0709,Wrong Item,993.15,2026-06-01
R001289,O0012112,P0418,Changed Mind,1309.33,2025-11-08
R001290,O0012148,P0469,Late Delivery,36.17,2025-11-22
R001291,O0012152,P0171,Wrong Item,1061.58,2024-11-25
R001292,O0012152,P1075,Late Delivery,883.18,2024-11-28
R001293,O0012160,P1045,Wrong Item,234.61,2025-05-05
R001294,O0012199,P0479,Late Delivery,784.17,2025-06-11
R001295,O0012207,P0935,Defective,735.15,2025-12-25
R001296,O0012207,P0244,Wrong Item,745.2,2025-12-23
R001297,O0012241,P0637,Changed Mind,198.06,2024-04-10
R001298,O0012241,P1127,Defective,459.3,2024-04-15
R001299,O0012241,P0407,Late Delivery,647.85,2024-04-19
R001300,O0012250,P0765,Wrong Item,334.79,2026-02-10
R001301,O0012269,P0096,Late Delivery,739.75,2025-07-30
R001302,O0012284,P1403,Changed Mind,1020.88,2025-01-06
R001303,O0012284,P0155,Changed Mind,3559.9,2024-12-24
R001304,O0012297,P1110,Defective,1153.07,2025-10-07
R001305,O0012297,P1271,Changed Mind,518.42,2025-10-07
R001306,O0012314,P1041,Wrong Item,47.58,2024-05-27
R001307,O0012314,P0520,Changed Mind,1390.13,2024-05-23
R001308,O0012316,P0245,Wrong Item,2544.7,2024-02-05
R001309,O0012316,P1104,Late Delivery,1465.83,2024-02-05
R001310,O0012316,P0745,Changed Mind,720.81,2024-02-09
R001311,O0012323,P1180,Defective,250.26,2024-09-21
R001312,O0012329,P0442,Defective,784.3,2024-04-14
R001313,O0012329,P1092,Late Delivery,680.26,2024-04-18
R001314,O0012329,P0014,Wrong Item,1164.46,2024-04-20
R001315,O0012333,P0821,Late Delivery,769.25,2026-06-05
R001316,O0012333,P0459,Late Delivery,687.14,2026-05-22
R001317,O0012333,P0322,Changed Mind,980.9,2026-06-05
R001318,O0012343,P1180,Late Delivery,240.53,2024-11-25
R001319,O0012344,P0824,Changed Mind,18.76,2026-08-04
R001320,O0012348,P1077,Changed Mind,546.14,2026-02-01
R001321,O0012356,P1278,Defective,601.52,2026-01-20
R001322,O0012356,P0297,Late Delivery,157.58,2026-01-11
R001323,O0012393,P1151,Wrong Item,427.66,2026-03-06
R001324,O0012393,P1398,Changed Mind,671.47,2026-03-01
R001325,O0012403,P0859,Defective,302.12,2025-12-05
R001326,O0012403,P0375,Wrong Item,746.99,2025-11-29
R001327,O0012422,P0500,Late Delivery,771.89,2026-08-20
R001328,O0012442,P1303,Wrong Item,723.82,2024-08-21
R001329,O0012448,P0799,Changed Mind,773.93,2024-06-18
R001330,O0012448,P1306,Defective,42.59,2024-06-15
R001331,O0012453,P1393,Wrong Item,147.62,2026-05-29
R001332,O0012457,P1297,Defective,976.99,2026-06-03
R001333,O0012457,P0284,Wrong Item,179.09,2026-05-28
R001334,O0012500,P0003,Changed Mind,1290.21,2025-09-29
R001335,O0012510,P0670,Wrong Item,1010.1,2024-09-23
R001336,O0012510,P1359,Wrong Item,799.14,2024-09-30
R001337,O0012510,P0359,Defective,286.41,2024-09-19
R001338,O0012521,P1310,Defective,187.99,2024-01-08
R001339,O0012521,P0431,Defective,1424.4,2024-01-25
R001340,O0012521,P1314,Changed Mind,350.26,2024-01-17
R001341,O0012545,P1019,Late Delivery,20.81,2025-05-02
R001342,O0012545,P0638,Late Delivery,2365.84,2025-04-29
R001343,O0012549,P0665,Changed Mind,104.06,2026-05-09
R001344,O0012549,P0415,Wrong Item,900.6,2026-05-11
R001345,O0012578,P0671,Wrong Item,571.44,2024-03-22
R001346,O0012584,P1474,Defective,539.44,2025-08-09
R001347,O0012596,P0001,Wrong Item,2274.67,2025-01-13
R001348,O0012602,P0801,Wrong Item,996.24,2025-10-04
R001349,O0012602,P1031,Changed Mind,299.96,2025-10-01
R001350,O0012665,P0459,Late Delivery,707.74,2024-05-22
R001351,O0012665,P0521,Defective,632.37,2024-05-12
R001352,O0012669,P0799,Changed Mind,735.38,2025-02-01
R001353,O0012675,P0415,Late Delivery,891.04,2026-05-29
R001354,O0012675,P0805,Late Delivery,92.77,2026-05-27
R001355,O0012676,P0234,Wrong Item,43.5,2024-04-05
R001356,O0012692,P1232,Changed Mind,180.36,2025-03-12
R001357,O0012692,P1073,Late Delivery,2719.78,2025-03-08
R001358,O0012695,P1180,Wrong Item,257.38,2025-08-27
R001359,O0012695,P0606,Defective,1167.93,2025-08-17
R001360,O0012695,P1138,Defective,905.56,2025-08-12
R001361,O0012696,P0348,Wrong Item,1375.63,2024-10-01
R001362,O0012696,P1053,Changed Mind,1717.85,2024-09-23
R001363,O0012700,P1010,Defective,64.58,2024-10-05
R001364,O0012739,P0065,Changed Mind,42.66,2025-08-11
R001365,O0012758,P1092,Late Delivery,1402.98,2024-03-26
R001366,O0012798,P1203,Late Delivery,1217.28,2024-09-14
R001367,O0012817,P1332,Changed Mind,585.15,2026-08-01
R001368,O0012836,P0785,Changed Mind,1150.77,2025-08-03
R001369,O0012836,P0193,Late Delivery,230.19,2025-08-02
R001370,O0012843,P0101,Late Delivery,96.46,2025-02-10
R001371,O0012850,P0945,Changed Mind,427.09,2025-06-09
R001372,O0012868,P0872,Wrong Item,844.36,2025-11-08
R001373,O0012868,P0575,Wrong Item,1066.59,2025-11-21
R001374,O0012885,P1254,Wrong Item,772.68,2025-05-03
R001375,O0012886,P0479,Wrong Item,903.64,2025-05-21
R001376,O0012886,P0951,Late Delivery,504.7,2025-05-23
R001377,O0012891,P0226,Late Delivery,291.07,2026-03-30
R001378,O0012891,P0497,Late Delivery,1224.27,2026-04-08
R001379,O0012898,P0722,Late Delivery,1105.84,2024-10-04
R001380,O0012898,P0245,Changed Mind,1272.35,2024-09-17
R001381,O0012898,P0830,Changed Mind,558.42,2024-09-19
R001382,O0012950,P1331,Wrong Item,867.16,2024-11-15
R001383,O0012954,P0461,Late Delivery,502.54,2025-08-30
R001384,O0012954,P0242,Changed Mind,2560.89,2025-08-30
R001385,O0012962,P0219,Wrong Item,446.85,2026-08-14
R001386,O0012968,P0092,Defective,548.01,2025-05-23
R001387,O0012993,P0215,Wrong Item,1287.5,2025-09-27
R001388,O0012993,P0618,Late Delivery,980.46,2025-09-26
R001389,O0013013,P1257,Changed Mind,26.7,2026-01-16
R001390,O0013013,P1494,Defective,2819.9,2026-01-18
R001391,O0013047,P1239,Wrong Item,940.21,2024-12-18
R001392,O0013047,P0254,Late Delivery,78.44,2024-12-24
R001393,O0013055,P0896,Wrong Item,403.06,2025-01-20
R001394,O0013064,P0246,Defective,658.0,2026-09-07
R001395,O0013064,P0608,Wrong Item,109.15,2026-08-28
R001396,O0013095,P0413,Changed Mind,654.95,2024-10-18
R001397,O0013095,P1024,Changed Mind,1338.89,2024-10-22
R001398,O0013095,P0678,Changed Mind,598.43,2024-10-26
R001399,O0013132,P0374,Late Delivery,300.55,2025-12-01
R001400,O0013182,P0604,Changed Mind,580.84,2024-09-16
R001401,O0013234,P0443,Late Delivery,2851.27,2026-07-16
R001402,O0013239,P1307,Defective,204.32,2026-07-09
R001403,O0013259,P0823,Changed Mind,503.61,2026-03-18
R001404,O0013259,P1369,Defective,966.16,2026-03-21
R001405,O0013269,P1131,Late Delivery,1073.84,2024-03-02
R001406,O0013269,P0244,Wrong Item,723.63,2024-03-01
R001407,O0013298,P1269,Wrong Item,585.92,2025-08-14
R001408,O0013307,P0762,Defective,1317.63,2026-02-19
R001409,O0013318,P0187,Wrong Item,223.26,2026-09-09
R001410,O0013318,P0637,Defective,200.1,2026-09-19
R001411,O0013318,P0566,Defective,1316.93,2026-09-13
R001412,O0013318,P0203,Late Delivery,436.62,2026-09-18
R001413,O0013353,P0859,Late Delivery,298.3,2026-05-29
R001414,O0013353,P0932,Wrong Item,202.74,2026-06-07
R001415,O0013416,P1126,Changed Mind,835.78,2025-01-31
R001416,O0013456,P0846,Late Delivery,389.76,2024-02-23
R001417,O0013472,P0919,Defective,2596.23,2024-02-26
R001418,O0013472,P0533,Late Delivery,1602.84,2024-02-27
R001419,O0013525,P1035,Wrong Item,960.85,2024-11-13
R001420,O0013525,P0814,Changed Mind,392.05,2024-11-01
R001421,O0013525,P0233,Defective,1511.86,2024-11-16
R001422,O0013537,P1241,Defective,21.01,2026-05-16
R001423,O0013551,P0211,Late Delivery,2562.81,2024-08-11
R001424,O0013564,P1021,Defective,735.83,2026-08-26
R001425,O0013566,P0730,Changed Mind,91.06,2025-01-03
R001426,O0013571,P1250,Late Delivery,1114.79,2025-09-25
R001427,O0013575,P0341,Defective,805.6,2025-01-09
R001428,O0013575,P1371,Changed Mind,1102.77,2025-01-18
R001429,O0013575,P0891,Wrong Item,1027.23,2025-01-21
R001430,O0013586,P0482,Defective,154.98,2024-07-05
R001431,O0013586,P0348,Changed Mind,491.69,2024-07-20
R001432,O0013593,P0726,Changed Mind,107.51,2026-05-22
R001433,O0013603,P0007,Defective,296.13,2025-04-06
R001434,O0013628,P1019,Wrong Item,45.93,2026-01-12
R001435,O0013628,P0886,Wrong Item,681.13,2026-01-17
R001436,O0013637,P0380,Wrong Item,107.94,2024-05-30
R001437,O0013639,P0705,Defective,581.25,2026-01-24
R001438,O0013639,P1455,Late Delivery,213.87,2026-01-26
R001439,O0013639,P1011,Defective,1206.96,2026-01-31
R001440,O0013654,P1393,Defective,126.54,2025-08-26
R001441,O0013687,P0742,Wrong Item,2726.9,2025-06-05
R001442,O0013687,P0410,Late Delivery,1057.68,2025-05-29
R001443,O0013687,P0320,Wrong Item,1045.92,2025-05-20
R001444,O0013727,P0914,Changed Mind,1860.67,2026-02-06
R001445,O0013728,P1416,Late Delivery,1523.14,2025-08-19
R001446,O0013751,P0535,Wrong Item,481.13,2026-01-30
R001447,O0013756,P1024,Wrong Item,1284.66,2025-06-16
R001448,O0013786,P1484,Changed Mind,2488.28,2024-03-22
R001449,O0013786,P1498,Defective,866.66,2024-03-22
R001450,O0013797,P1242,Late Delivery,844.07,2025-06-26
R001451,O0013800,P1024,Defective,2549.43,2025-12-31
R001452,O0013801,P1268,Late Delivery,540.64,2025-10-20
R001453,O0013801,P0098,Defective,1202.91,2025-10-13
R001454,O0013801,P0725,Late Delivery,511.3,2025-10-16
R001455,O0013812,P0061,Wrong Item,660.84,2025-04-02
R001456,O0013812,P0410,Defective,2201.26,2025-04-02
R001457,O0013828,P1315,Wrong Item,637.33,2025-05-04
R001458,O0013862,P0033,Wrong Item,1050.82,2025-10-31
R001459,O0013862,P0299,Changed Mind,30.1,2025-10-26
R001460,O0013862,P1413,Wrong Item,1615.87,2025-11-04
R001461,O0013880,P0960,Wrong Item,955.14,2026-03-03
R001462,O0013885,P0668,Wrong Item,55.87,2025-08-25
R001463,O0013885,P1288,Defective,924.7,2025-08-19
R001464,O0013885,P0797,Defective,998.81,2025-08-19
R001465,O0013888,P1133,Changed Mind,968.08,2024-09-21
R001466,O0013926,P0959,Wrong Item,457.95,2026-09-03
R001467,O0013941,P0014,Changed Mind,1172.59,2026-02-06
R001468,O0013941,P0041,Wrong Item,1294.0,2026-02-18
R001469,O0013970,P0909,Late Delivery,542.19,2024-11-28
R001470,O0013971,P1078,Defective,681.13,2026-02-14
R001471,O0013971,P0417,Defective,20.48,2026-02-22
R001472,O0014005,P0139,Wrong Item,1192.56,2025-12-06
R001473,O0014006,P0198,Wrong Item,1192.65,2024-08-12
R001474,O0014030,P0123,Changed Mind,1125.66,2026-04-05
R001475,O0014032,P1258,Defective,867.44,2025-10-15
R001476,O0014063,P1436,Changed Mind,752.49,2024-06-29
R001477,O0014075,P0610,Defective,1098.23,2024-10-31
R001478,O0014075,P0565,Wrong Item,365.65,2024-10-30
R001479,O0014079,P0858,Defective,182.59,2026-04-15
R001480,O0014084,P0364,Wrong Item,546.5,2025-09-19
R001481,O0014109,P0733,Wrong Item,145.35,2024-07-29
R001482,O0014109,P0894,Defective,351.31,2024-07-17
R001483,O0014111,P0135,Changed Mind,705.36,2026-01-30
R001484,O0014111,P0766,Wrong Item,134.5,2026-02-10
R001485,O0014111,P0837,Defective,1305.37,2026-02-11
R001486,O0014119,P0747,Defective,779.21,2025-09-13
R001487,O0014119,P0741,Wrong Item,1441.95,2025-09-03
R001488,O0014146,P0739,Late Delivery,272.83,2025-03-08
R001489,O0014191,P0890,Late Delivery,298.23,2026-07-28
R001490,O0014191,P0814,Late Delivery,469.62,2026-08-06
R001491,O0014203,P0108,Wrong Item,1078.81,2026-08-14
R001492,O0014203,P0669,Defective,1884.62,2026-08-22
R001493,O0014222,P1266,Wrong Item,41.02,2026-04-10
R001494,O0014235,P0562,Changed Mind,192.58,2025-12-30
R001495,O0014240,P1224,Defective,2423.02,2026-07-12
R001496,O0014259,P0577,Late Delivery,238.03,2024-03-03
R001497,O0014275,P1339,Wrong Item,1017.68,2024-05-13
R001498,O0014275,P1093,Defective,687.03,2024-05-17
R001499,O0014275,P1392,Late Delivery,738.53,2024-05-28
R001500,O0014275,P0230,Wrong Item,1253.67,2024-05-19
R001501,O0014297,P0078,Changed Mind,61.31,2025-11-28
R001502,O0014313,P0514,Wrong Item,425.39,2026-04-29
R001503,O0014333,P1136,Wrong Item,76.55,2024-05-21
R001504,O0014371,P1450,Late Delivery,107.61,2026-01-06
R001505,O0014377,P0489,Defective,330.12,2024-06-25
R001506,O0014384,P0849,Defective,1563.66,2024-07-04
R001507,O0014389,P0058,Defective,861.14,2024-11-21
R001508,O0014389,P1250,Defective,954.72,2024-11-19
R001509,O0014392,P0299,Wrong Item,64.94,2026-02-15
R001510,O0014401,P0800,Defective,1818.71,2025-10-18
R001511,O0014407,P0002,Late Delivery,346.79,2025-07-20
R001512,O0014461,P0535,Defective,443.14,2025-02-02
R001513,O0014461,P0821,Late Delivery,827.03,2025-01-30
R001514,O0014464,P0925,Defective,431.32,2025-07-09
R001515,O0014471,P0130,Late Delivery,587.5,2025-12-09
R001516,O0014471,P0026,Wrong Item,1006.64,2025-12-07
R001517,O0014472,P0595,Wrong Item,821.34,2024-10-28
R001518,O0014472,P1464,Changed Mind,1180.93,2024-10-26
R001519,O0014489,P1483,Defective,1254.82,2025-04-01
R001520,O0014489,P1272,Late Delivery,278.46,2025-04-05
R001521,O0014496,P0418,Wrong Item,3867.84,2024-11-03
R001522,O0014496,P0600,Wrong Item,1324.73,2024-10-30
R001523,O0014500,P0548,Late Delivery,973.97,2024-11-29
R001524,O0014524,P0647,Defective,503.88,2024-06-26
R001525,O0014524,P0270,Wrong Item,2328.05,2024-06-26
R001526,O0014553,P0829,Changed Mind,1214.28,2024-11-24
R001527,O0014609,P1481,Defective,827.96,2024-03-15
R001528,O0014609,P0557,Defective,212.64,2024-03-18
R001529,O0014609,P0579,Changed Mind,1098.91,2024-03-13
R001530,O0014613,P1287,Late Delivery,66.31,2025-09-28
R001531,O0014613,P0737,Wrong Item,626.97,2025-09-29
R001532,O0014618,P0344,Changed Mind,3326.56,2026-07-15
R001533,O0014654,P0983,Late Delivery,1202.45,2024-01-28
R001534,O0014659,P0638,Wrong Item,967.86,2024-09-25
R001535,O0014661,P0633,Late Delivery,93.47,2024-03-12
R001536,O0014661,P0333,Defective,1195.58,2024-03-02
R001537,O0014662,P0712,Wrong Item,1316.7,2024-09-03
R001538,O0014678,P0976,Wrong Item,496.15,2025-08-27
R001539,O0014684,P0508,Late Delivery,2559.3,2024-11-29
R001540,O0014684,P0620,Wrong Item,1033.67,2024-11-28
R001541,O0014684,P1267,Late Delivery,1010.7,2024-11-27
R001542,O0014684,P0143,Late Delivery,287.7,2024-11-28
R001543,O0014685,P1119,Wrong Item,637.86,2025-10-22
R001544,O0014712,P0157,Changed Mind,1033.33,2024-02-25
R001545,O0014712,P1446,Defective,26.05,2024-02-28
R001546,O0014712,P1261,Changed Mind,649.74,2024-02-26
R001547,O0014726,P1493,Wrong Item,1098.97,2025-03-22
R001548,O0014734,P0566,Wrong Item,1219.75,2026-06-18
R001549,O0014741,P0106,Wrong Item,3537.22,2026-02-28
R001550,O0014766,P0943,Defective,291.24,2025-05-25
R001551,O0014795,P0461,Changed Mind,513.85,2024-06-28
R001552,O0014795,P0686,Late Delivery,1313.42,2024-06-28
R001553,O0014802,P0582,Late Delivery,662.76,2025-06-29
R001554,O0014815,P1142,Late Delivery,781.72,2024-12-14
R001555,O0014815,P1375,Late Delivery,332.51,2024-12-14
R001556,O0014815,P1213,Defective,572.81,2024-12-19
R001557,O0014838,P0365,Changed Mind,723.27,2026-08-10
R001558,O0014843,P1299,Defective,517.82,2025-02-12
R001559,O0014865,P0918,Late Delivery,800.23,2026-05-09
R001560,O0014865,P1026,Late Delivery,882.51,2026-05-21
R001561,O0014878,P0100,Changed Mind,354.09,2025-10-19
R001562,O0014891,P0039,Defective,1053.58,2024-11-11
R001563,O0014919,P0288,Defective,740.2,2026-06-08
R001564,O0014919,P0417,Late Delivery,21.27,2026-06-06
R001565,O0014932,P0712,Late Delivery,782.18,2025-10-29
R001566,O0014932,P0444,Changed Mind,1819.91,2025-10-22
R001567,O0014932,P0386,Wrong Item,703.24,2025-10-26
R001568,O0014932,P0056,Changed Mind,488.03,2025-10-23
R001569,O0014942,P0054,Late Delivery,5466.64,2024-06-07
R001570,O0014949,P0970,Wrong Item,280.96,2025-10-16
R001571,O0014953,P0531,Defective,1115.8,2025-04-20
R001572,O0014953,P1222,Late Delivery,953.93,2025-04-21
R001573,O0014982,P1271,Defective,1402.4,2026-05-11
R001574,O0014984,P0535,Changed Mind,493.26,2025-06-08
R001575,O0014984,P0125,Changed Mind,1664.65,2025-05-28
R001576,O0014994,P1214,Late Delivery,972.96,2025-09-01
R001577,O0015033,P1256,Wrong Item,885.82,2025-01-21
R001578,O0015041,P0968,Defective,1927.23,2024-07-15
R001579,O0015043,P0094,Defective,723.49,2025-08-06
R001580,O0015043,P0779,Late Delivery,3912.91,2025-08-09
R001581,O0015043,P0642,Late Delivery,1118.4,2025-08-08
R001582,O0015046,P1101,Late Delivery,1133.97,2025-01-21
R001583,O0015046,P0063,Defective,293.43,2025-01-15
R001584,O0015051,P0222,Late Delivery,716.8,2024-03-01
R001585,O0015054,P0571,Defective,1361.48,2024-11-05
R001586,O0015054,P0879,Changed Mind,1415.38,2024-11-10
R001587,O0015054,P0520,Late Delivery,1325.24,2024-11-14
R001588,O0015058,P1368,Wrong Item,935.07,2025-06-03
R001589,O0015060,P0325,Defective,760.3,2024-04-04
R001590,O0015060,P0468,Late Delivery,274.34,2024-03-31
R001591,O0015067,P0024,Defective,612.79,2024-05-27
R001592,O0015075,P1048,Defective,47.54,2026-04-05
R001593,O0015075,P1322,Wrong Item,510.16,2026-03-25
R001594,O0015081,P1235,Wrong Item,1157.81,2026-03-06
R001595,O0015081,P0651,Defective,550.43,2026-02-22
R001596,O0015085,P0253,Defective,633.47,2024-09-10
R001597,O0015085,P0053,Changed Mind,613.16,2024-09-02
R001598,O0015092,P1383,Late Delivery,1651.64,2025-07-14
R001599,O0015100,P1211,Changed Mind,68.63,2024-03-22
R001600,O0015104,P0997,Defective,910.8,2024-08-03
R001601,O0015104,P1489,Defective,1143.64,2024-07-27
R001602,O0015110,P1081,Changed Mind,721.09,2024-12-02
R001603,O0015116,P0882,Defective,1020.29,2025-02-11
R001604,O0015117,P0121,Wrong Item,1297.22,2025-06-15
R001605,O0015117,P0231,Late Delivery,4668.07,2025-06-14
R001606,O0015136,P0712,Wrong Item,687.86,2025-09-27
R001607,O0015138,P0889,Defective,941.39,2025-06-21
R001608,O0015153,P1477,Defective,558.3,2024-08-24
R001609,O0015161,P0012,Defective,496.06,2025-07-08
R001610,O0015165,P0389,Wrong Item,1688.83,2025-03-07
R001611,O0015165,P0918,Changed Mind,441.06,2025-03-20
R001612,O0015165,P0661,Wrong Item,3581.71,2025-03-15
R001613,O0015181,P0987,Defective,274.45,2025-10-30
R001614,O0015186,P1239,Defective,858.87,2024-10-20
R001615,O0015235,P0542,Changed Mind,634.27,2024-11-27
R001616,O0015238,P0648,Changed Mind,318.78,2026-07-18
R001617,O0015255,P1264,Defective,219.75,2025-09-22
R001618,O0015255,P1191,Defective,1232.84,2025-09-20
R001619,O0015256,P0693,Changed Mind,806.76,2024-12-29
R001620,O0015256,P0748,Wrong Item,1627.08,2024-12-29
R001621,O0015299,P0187,Wrong Item,178.86,2026-08-01
R001622,O0015299,P0870,Changed Mind,547.65,2026-08-10
R001623,O0015326,P0128,Wrong Item,567.65,2026-04-28
R001624,O0015326,P1300,Defective,480.27,2026-04-17
R001625,O0015326,P1360,Defective,786.91,2026-04-18
R001626,O0015335,P0314,Late Delivery,2504.14,2024-11-06
R001627,O0015335,P1060,Late Delivery,701.97,2024-11-08
R001628,O0015340,P0661,Changed Mind,1162.99,2024-01-19
R001629,O0015344,P0473,Changed Mind,2295.82,2024-11-25
R001630,O0015344,P0513,Changed Mind,140.14,2024-12-08
R001631,O0015344,P0917,Defective,418.14,2024-11-25
R001632,O0015344,P0955,Changed Mind,341.97,2024-12-09
R001633,O0015358,P1165,Changed Mind,132.6,2025-06-18
R001634,O0015396,P0539,Changed Mind,1448.47,2025-03-24
R001635,O0015396,P0099,Late Delivery,76.7,2025-03-31
R001636,O0015399,P0677,Wrong Item,422.13,2025-04-18
R001637,O0015424,P0563,Defective,342.4,2025-04-25
R001638,O0015424,P1486,Defective,186.95,2025-04-16
R001639,O0015449,P0900,Wrong Item,451.91,2026-08-15
R001640,O0015475,P0606,Late Delivery,1040.35,2024-07-18
R001641,O0015475,P1318,Defective,4702.14,2024-07-24
R001642,O0015485,P1413,Defective,912.54,2025-08-05
R001643,O0015485,P1379,Wrong Item,2708.98,2025-07-26
R001644,O0015485,P0425,Defective,740.96,2025-07-26
R001645,O0015495,P1338,Changed Mind,621.59,2026-08-24
R001646,O0015495,P0217,Changed Mind,168.76,2026-08-15
R001647,O0015497,P0303,Defective,1842.02,2025-01-20
R001648,O0015501,P0137,Defective,551.94,2025-12-05
R001649,O0015501,P0145,Changed Mind,389.93,2025-12-10
R001650,O0015519,P1489,Late Delivery,1039.03,2026-08-01
R001651,O0015533,P0637,Late Delivery,172.77,2025-08-18
R001652,O0015538,P1189,Wrong Item,275.18,2026-04-18
R001653,O0015550,P0133,Changed Mind,1218.16,2025-10-03
R001654,O0015557,P0853,Late Delivery,1117.72,2025-03-16
R001655,O0015557,P0242,Defective,1147.94,2025-03-06
R001656,O0015558,P0121,Changed Mind,2712.44,2025-03-13
R001657,O0015594,P1303,Late Delivery,792.74,2024-12-27
R001658,O0015649,P1240,Late Delivery,798.84,2024-08-16
R001659,O0015651,P0274,Changed Mind,509.91,2025-03-08
R001660,O0015651,P0312,Defective,3272.95,2025-03-05
R001661,O0015689,P0700,Late Delivery,2603.63,2024-08-02
R001662,O0015695,P1185,Late Delivery,94.98,2024-11-24
R001663,O0015695,P0072,Defective,384.42,2024-11-25
R001664,O0015716,P0590,Late Delivery,3877.33,2024-03-13
R001665,O0015718,P0404,Changed Mind,529.24,2025-12-28
R001666,O0015736,P0703,Changed Mind,1978.77,2026-08-17
R001667,O0015736,P1305,Defective,1136.02,2026-08-18
R001668,O0015736,P0656,Late Delivery,872.3,2026-08-05
R001669,O0015737,P0070,Changed Mind,706.52,2026-09-05
R001670,O0015740,P0108,Changed Mind,1099.58,2024-11-13
R001671,O0015751,P1244,Late Delivery,1257.22,2024-08-27
R001672,O0015751,P1056,Wrong Item,320.98,2024-09-01
R001673,O0015751,P0151,Wrong Item,469.3,2024-08-21
R001674,O0015773,P0759,Wrong Item,1185.2,2026-03-10
R001675,O0015793,P0358,Wrong Item,3304.4,2024-12-26
R001676,O0015803,P1005,Late Delivery,805.5,2024-09-19
R001677,O0015804,P1124,Wrong Item,1020.14,2026-07-27
R001678,O0015804,P1110,Late Delivery,498.42,2026-07-28
R001679,O0015804,P0617,Late Delivery,56.46,2026-08-04
R001680,O0015821,P0279,Wrong Item,1855.12,2026-05-01
R001681,O0015830,P0574,Changed Mind,1281.97,2025-01-10
R001682,O0015845,P1481,Wrong Item,861.76,2026-08-12
R001683,O0015861,P1150,Defective,1881.91,2026-03-29
R001684,O0015875,P1393,Defective,77.72,2026-03-26
R001685,O0015905,P0308,Late Delivery,588.67,2025-07-02
R001686,O0015912,P0298,Changed Mind,1059.06,2026-08-23
R001687,O0015912,P1147,Changed Mind,253.95,2026-08-21
R001688,O0015916,P1116,Changed Mind,2216.01,2025-04-15
R001689,O0015916,P0725,Changed Mind,489.53,2025-04-23
R001690,O0015916,P0553,Wrong Item,493.63,2025-04-20
R001691,O0015933,P0550,Changed Mind,886.8,2025-03-02
R001692,O0015933,P1400,Defective,554.71,2025-02-21
R001693,O0015933,P0201,Changed Mind,56.58,2025-02-18
R001694,O0015946,P0419,Defective,738.11,2026-02-06
R001695,O0015949,P0215,Changed Mind,1122.57,2025-10-12
R001696,O0015961,P0034,Wrong Item,1999.32,2025-12-15
R001697,O0015961,P1170,Late Delivery,843.4,2025-12-22
R001698,O0015961,P0924,Changed Mind,591.46,2025-12-12
R001699,O0015984,P0542,Late Delivery,653.87,2026-03-26
R001700,O0015996,P0463,Defective,901.13,2025-03-28
R001701,O0015996,P0609,Changed Mind,1770.64,2025-03-30
R001702,O0016043,P0217,Wrong Item,230.89,2024-11-23
R001703,O0016043,P0960,Wrong Item,2540.63,2024-11-24
R001704,O0016043,P0201,Changed Mind,59.18,2024-11-27
R001705,O0016064,P0774,Late Delivery,525.15,2025-01-09
R001706,O0016064,P0370,Late Delivery,1152.47,2025-01-15
R001707,O0016064,P0628,Defective,435.91,2025-01-02
R001708,O0016080,P1402,Defective,654.5,2024-08-29
R001709,O0016080,P0427,Wrong Item,2054.11,2024-08-27
R001710,O0016085,P0382,Late Delivery,687.36,2026-08-17
R001711,O0016085,P1047,Late Delivery,1079.97,2026-09-01
R001712,O0016091,P1126,Defective,805.22,2025-03-08
R001713,O0016091,P0171,Defective,2393.06,2025-03-09
R001714,O0016108,P1257,Late Delivery,26.01,2024-06-08
R001715,O0016108,P0622,Defective,945.73,2024-06-19
R001716,O0016108,P1014,Wrong Item,844.97,2024-06-23
R001717,O0016180,P0573,Wrong Item,733.09,2024-04-10
R001718,O0016208,P0485,Defective,1196.09,2026-06-26
R001719,O0016211,P0569,Changed Mind,3071.14,2024-06-18
R001720,O0016211,P0585,Late Delivery,1133.06,2024-06-21
R001721,O0016213,P1290,Defective,171.26,2025-08-05
R001722,O0016213,P0582,Changed Mind,630.95,2025-08-07
R001723,O0016226,P0709,Defective,941.04,2025-06-17
R001724,O0016262,P0719,Wrong Item,168.67,2026-07-14
R001725,O0016262,P0962,Wrong Item,274.12,2026-07-22
R001726,O0016262,P0944,Late Delivery,444.47,2026-07-11
R001727,O0016268,P0809,Wrong Item,1731.96,2025-05-07
R001728,O0016268,P0607,Defective,367.93,2025-04-26
R001729,O0016286,P1439,Changed Mind,1022.06,2024-02-04
R001730,O0016305,P1110,Wrong Item,624.43,2025-05-24
R001731,O0016305,P1397,Changed Mind,1153.28,2025-05-28
R001732,O0016355,P0391,Defective,542.26,2024-07-25
R001733,O0016358,P0007,Late Delivery,304.07,2024-08-13
R001734,O0016400,P1288,Changed Mind,1678.93,2026-07-01
R001735,O0016426,P0015,Changed Mind,895.58,2025-08-06
R001736,O0016426,P0077,Wrong Item,1284.99,2025-08-15
R001737,O0016428,P0016,Late Delivery,1047.34,2026-06-17
R001738,O0016428,P0786,Wrong Item,442.23,2026-06-24
R001739,O0016428,P0208,Changed Mind,1049.91,2026-06-15
R001740,O0016428,P0271,Wrong Item,1093.38,2026-06-21
R001741,O0016433,P0625,Wrong Item,385.59,2026-03-25
R001742,O0016471,P1046,Wrong Item,1998.2,2024-08-24
R001743,O0016478,P0305,Wrong Item,689.65,2025-12-04
R001744,O0016480,P0082,Defective,746.78,2024-07-01
R001745,O0016481,P0049,Changed Mind,3600.48,2024-01-28
R001746,O0016483,P0228,Late Delivery,2721.86,2026-07-13
R001747,O0016493,P0744,Defective,292.85,2024-11-08
R001748,O0016518,P0783,Defective,1128.1,2026-01-19
R001749,O0016540,P0008,Defective,69.87,2024-08-15
R001750,O0016540,P0382,Wrong Item,304.75,2024-07-31
R001751,O0016541,P0976,Defective,564.32,2025-04-18
R001752,O0016564,P0726,Late Delivery,192.1,2025-09-29
R001753,O0016567,P0727,Wrong Item,120.27,2026-07-09
R001754,O0016571,P1016,Defective,1433.77,2026-08-14
R001755,O0016579,P0913,Late Delivery,469.85,2025-10-22
R001756,O0016579,P0649,Late Delivery,697.54,2025-10-13
R001757,O0016603,P0884,Wrong Item,612.19,2026-08-18
R001758,O0016627,P0169,Changed Mind,1661.6,2025-09-15
R001759,O0016627,P1324,Defective,501.49,2025-09-13
R001760,O0016627,P0418,Late Delivery,1384.14,2025-09-22
R001761,O0016634,P0733,Late Delivery,157.69,2025-09-09
R001762,O0016650,P1116,Defective,687.27,2024-11-02
R001763,O0016656,P1343,Defective,1354.97,2025-08-27
R001764,O0016668,P0439,Changed Mind,671.65,2025-10-20
R001765,O0016668,P0788,Changed Mind,1674.94,2025-10-16
R001766,O0016668,P1110,Late Delivery,1067.65,2025-10-10
R001767,O0016683,P0701,Changed Mind,189.16,2024-02-26
R001768,O0016683,P0833,Changed Mind,543.75,2024-02-13
R001769,O0016721,P1389,Late Delivery,51.97,2026-01-03
R001770,O0016721,P1349,Defective,1136.87,2026-01-06
R001771,O0016721,P0419,Defective,1442.8,2026-01-07
R001772,O0016790,P1035,Changed Mind,1630.41,2024-03-17
R001773,O0016790,P0912,Wrong Item,1888.6,2024-04-02
R001774,O0016802,P0323,Late Delivery,288.92,2026-02-21
R001775,O0016805,P1079,Changed Mind,465.83,2024-10-16
R001776,O0016805,P0309,Changed Mind,1418.38,2024-10-26
R001777,O0016805,P0521,Late Delivery,1957.65,2024-10-17
R001778,O0016805,P0721,Defective,1155.59,2024-10-22
R001779,O0016806,P0172,Late Delivery,2624.81,2025-01-06
R001780,O0016806,P0510,Late Delivery,2824.12,2025-01-03
R001781,O0016817,P0709,Defective,1910.02,2024-03-10
R001782,O0016840,P1112,Late Delivery,629.73,2024-09-28
R001783,O0016840,P0674,Defective,635.7,2024-09-26
R001784,O0016840,P0102,Defective,750.09,2024-09-18
R001785,O0016843,P1299,Defective,526.15,2024-09-23
R001786,O0016843,P0570,Late Delivery,701.39,2024-09-19
R001787,O0016874,P1191,Wrong Item,1324.2,2024-05-13
R001788,O0016874,P1202,Changed Mind,894.47,2024-05-09
R001789,O0016907,P1487,Late Delivery,722.14,2025-11-20
R001790,O0016910,P0967,Defective,528.44,2025-07-01
R001791,O0016937,P0943,Defective,1061.78,2025-08-18
R001792,O0016952,P1474,Changed Mind,478.2,2024-02-28
R001793,O0016952,P0818,Late Delivery,895.33,2024-03-07
R001794,O0016958,P0612,Defective,4778.21,2025-11-13
R001795,O0016958,P1343,Late Delivery,624.09,2025-11-01
R001796,O0016960,P1446,Wrong Item,22.75,2024-12-15
R001797,O0016971,P0728,Wrong Item,1280.84,2026-07-09
R001798,O0016973,P0298,Defective,1033.55,2025-03-05
R001799,O0016973,P0561,Wrong Item,556.91,2025-03-05
R001800,O0016986,P0468,Changed Mind,264.23,2025-01-07
R001801,O0017021,P0062,Late Delivery,1247.28,2025-09-13
R001802,O0017027,P0661,Changed Mind,1267.01,2024-12-23
R001803,O0017082,P1484,Late Delivery,850.71,2026-02-05
R001804,O0017107,P0508,Late Delivery,2919.24,2025-02-09
R001805,O0017107,P1253,Wrong Item,5027.59,2025-01-29
R001806,O0017107,P0682,Late Delivery,2675.42,2025-02-06
R001807,O0017108,P0226,Late Delivery,296.75,2024-05-29
R001808,O0017110,P0693,Changed Mind,854.61,2025-05-22
R001809,O0017111,P1462,Defective,124.94,2025-11-18
R001810,O0017111,P0237,Defective,992.17,2025-11-22
R001811,O0017111,P0939,Late Delivery,836.38,2025-11-21
R001812,O0017123,P1265,Changed Mind,1068.7,2026-04-15
R001813,O0017173,P0831,Late Delivery,492.35,2024-03-16
R001814,O0017173,P0666,Late Delivery,353.35,2024-03-13
R001815,O0017174,P1069,Changed Mind,1263.86,2025-08-18
R001816,O0017176,P0964,Changed Mind,346.63,2025-12-03
R001817,O0017205,P0669,Wrong Item,685.59,2025-05-24
R001818,O0017221,P0005,Changed Mind,1259.92,2024-06-29
R001819,O0017227,P0075,Defective,234.45,2026-08-25
R001820,O0017239,P0622,Late Delivery,1653.21,2024-05-26
R001821,O0017239,P0040,Defective,667.66,2024-06-04
R001822,O0017289,P1407,Late Delivery,679.35,2025-12-06
R001823,O0017289,P1098,Wrong Item,633.92,2025-12-15
R001824,O0017317,P0898,Defective,199.26,2025-05-01
R001825,O0017349,P0423,Defective,2395.26,2024-06-13
R001826,O0017380,P1151,Late Delivery,477.72,2026-05-05
R001827,O0017380,P0752,Defective,958.93,2026-04-30
R001828,O0017380,P1483,Wrong Item,1212.06,2026-04-21
R001829,O0017385,P0946,Defective,123.54,2025-11-04
R001830,O0017387,P0786,Late Delivery,502.46,2024-09-07
R001831,O0017394,P0469,Wrong Item,37.86,2025-08-02
R001832,O0017425,P0704,Wrong Item,523.77,2025-04-19
R001833,O0017440,P0011,Late Delivery,896.52,2026-06-08
R001834,O0017441,P0075,Wrong Item,225.92,2026-08-14
R001835,O0017441,P0057,Late Delivery,994.05,2026-08-12
R001836,O0017451,P0726,Wrong Item,88.53,2026-04-29
R001837,O0017451,P0072,Wrong Item,456.72,2026-05-08
R001838,O0017453,P0937,Late Delivery,135.92,2024-02-29
R001839,O0017473,P0198,Late Delivery,2181.56,2025-07-17
R001840,O0017479,P0359,Wrong Item,288.52,2024-06-20
R001841,O0017483,P0525,Late Delivery,717.01,2026-05-03
R001842,O0017497,P1017,Wrong Item,2437.02,2026-08-12
R001843,O0017506,P0364,Wrong Item,220.35,2025-06-23
R001844,O0017507,P0464,Defective,952.36,2026-03-13
R001845,O0017507,P1412,Changed Mind,630.66,2026-03-21
R001846,O0017517,P0599,Late Delivery,983.15,2024-01-26
R001847,O0017526,P0651,Late Delivery,673.79,2024-08-15
R001848,O0017526,P0566,Defective,1142.86,2024-08-18
R001849,O0017540,P1103,Changed Mind,551.25,2024-09-04
R001850,O0017569,P0706,Defective,643.38,2026-04-25
R001851,O0017569,P1180,Wrong Item,226.45,2026-05-12
R001852,O0017573,P1140,Wrong Item,232.93,2026-07-14
R001853,O0017580,P0731,Defective,869.83,2024-06-12
R001854,O0017580,P0635,Late Delivery,75.75,2024-06-12
R001855,O0017599,P0706,Late Delivery,1248.01,2025-03-08
R001856,O0017599,P0845,Defective,307.93,2025-02-21
R001857,O0017610,P0369,Defective,627.12,2024-10-22
R001858,O0017610,P0138,Wrong Item,423.67,2024-10-22
R001859,O0017614,P0147,Defective,422.04,2024-06-27
R001860,O0017619,P1341,Defective,2279.68,2026-03-17
R001861,O0017628,P0081,Defective,137.96,2024-10-01
R001862,O0017628,P0101,Wrong Item,89.75,2024-10-01
R001863,O0017645,P0827,Defective,262.36,2025-09-16
R001864,O0017648,P0565,Late Delivery,340.44,2026-06-08
R001865,O0017648,P0297,Defective,49.19,2026-06-02
R001866,O0017672,P0575,Defective,1175.57,2026-01-29
R001867,O0017685,P0433,Wrong Item,627.06,2026-03-02
R001868,O0017696,P0287,Late Delivery,1209.99,2026-04-21
R001869,O0017710,P1046,Late Delivery,1013.53,2024-04-29
R001870,O0017737,P0458,Defective,844.31,2026-03-30
R001871,O0017760,P1076,Defective,795.75,2025-10-08
R001872,O0017762,P0815,Wrong Item,614.31,2024-07-05
R001873,O0017789,P0864,Wrong Item,184.22,2024-03-05
R001874,O0017793,P1324,Late Delivery,502.43,2024-05-14
R001875,O0017827,P0930,Changed Mind,127.67,2024-06-13
R001876,O0017827,P1175,Late Delivery,4027.43,2024-06-03
R001877,O0017880,P1065,Changed Mind,416.71,2024-04-16
R001878,O0017880,P0683,Defective,510.08,2024-04-19
R001879,O0017895,P0640,Wrong Item,54.94,2025-01-07
R001880,O0017901,P0944,Late Delivery,420.5,2025-03-24
R001881,O0017901,P0126,Wrong Item,55.39,2025-03-22
R001882,O0017921,P0252,Late Delivery,614.68,2025-07-04
R001883,O0017923,P1416,Changed Mind,885.1,2025-08-18
R001884,O0017926,P0239,Late Delivery,334.83,2025-05-22
R001885,O0017935,P0260,Defective,1277.18,2024-06-30
R001886,O0017955,P0928,Late Delivery,1999.31,2024-10-02
R001887,O0017967,P1401,Wrong Item,1661.5,2024-05-22
R001888,O0017967,P0459,Defective,625.78,2024-05-09
R001889,O0017967,P0051,Late Delivery,329.29,2024-05-23
R001890,O0017969,P1198,Changed Mind,1055.01,2024-07-27
R001891,O0017971,P1477,Late Delivery,1678.88,2026-09-02
R001892,O0017975,P0133,Late Delivery,1262.73,2025-06-24
R001893,O0017985,P0060,Wrong Item,355.88,2026-01-15
R001894,O0018005,P1326,Wrong Item,663.64,2025-10-21
R001895,O0018005,P0828,Late Delivery,568.45,2025-10-20
R001896,O0018029,P0713,Changed Mind,515.84,2024-04-06
R001897,O0018029,P0122,Late Delivery,885.09,2024-04-10
R001898,O0018029,P0105,Changed Mind,381.38,2024-04-06
R001899,O0018042,P1071,Defective,448.7,2025-06-21
R001900,O0018064,P0663,Changed Mind,693.19,2026-06-22
R001901,O0018064,P0800,Changed Mind,971.86,2026-06-22
R001902,O0018064,P0108,Late Delivery,1244.01,2026-06-11
R001903,O0018070,P1237,Late Delivery,774.88,2026-04-01
R001904,O0018070,P0499,Defective,650.01,2026-03-28
R001905,O0018070,P0394,Late Delivery,1270.0,2026-03-28
R001906,O0018070,P0278,Defective,866.46,2026-03-31
R001907,O0018091,P0401,Late Delivery,1177.9,2025-10-22
R001908,O0018093,P0760,Late Delivery,1139.52,2024-08-17
R001909,O0018093,P0511,Defective,867.35,2024-08-16
R001910,O0018099,P0740,Changed Mind,19.55,2026-07-08
R001911,O0018138,P0746,Defective,1448.35,2025-09-11
R001912,O0018153,P0003,Late Delivery,1126.3,2025-12-13
R001913,O0018153,P0826,Defective,2244.89,2025-12-08
R001914,O0018172,P0703,Late Delivery,507.0,2024-01-28
R001915,O0018172,P0872,Changed Mind,904.99,2024-01-28
R001916,O0018173,P0611,Changed Mind,506.04,2024-10-30
R001917,O0018173,P0937,Changed Mind,254.74,2024-11-11
R001918,O0018173,P1075,Late Delivery,1709.25,2024-10-28
R001919,O0018180,P0683,Changed Mind,531.41,2026-01-12
R001920,O0018230,P1127,Late Delivery,504.25,2026-08-22
R001921,O0018230,P0612,Wrong Item,1034.38,2026-08-18
R001922,O0018230,P0092,Late Delivery,2227.69,2026-08-26
R001923,O0018230,P0830,Changed Mind,603.9,2026-08-29
R001924,O0018234,P0398,Defective,864.9,2024-07-19
R001925,O0018238,P0404,Changed Mind,541.08,2026-07-09
R001926,O0018243,P0078,Changed Mind,58.74,2026-02-15
R001927,O0018285,P0997,Defective,1069.11,2026-08-13
R001928,O0018306,P1314,Late Delivery,631.22,2026-03-30
R001929,O0018310,P1358,Wrong Item,2338.16,2025-09-11
R001930,O0018310,P0490,Defective,634.41,2025-09-17
R001931,O0018310,P0161,Changed Mind,567.14,2025-09-06
R001932,O0018310,P1452,Defective,749.46,2025-09-04
R001933,O0018319,P1297,Changed Mind,1039.69,2026-04-02
R001934,O0018319,P0798,Defective,647.47,2026-04-18
R001935,O0018319,P0940,Late Delivery,538.53,2026-04-17
R001936,O0018326,P0815,Changed Mind,614.31,2025-03-09
R001937,O0018326,P0638,Late Delivery,1062.06,2025-02-20
R001938,O0018363,P0838,Defective,123.6,2025-09-29
R001939,O0018400,P1305,Wrong Item,984.51,2025-11-28
R001940,O0018402,P1155,Wrong Item,307.64,2024-06-30
R001941,O0018408,P0208,Defective,3153.86,2025-11-23
R001942,O0018430,P0223,Late Delivery,1290.16,2025-11-17
R001943,O0018438,P0101,Late Delivery,82.23,2024-08-19
R001944,O0018445,P0754,Defective,996.37,2024-05-15
R001945,O0018445,P0899,Wrong Item,1434.46,2024-05-09
R001946,O0018451,P1431,Late Delivery,478.45,2026-07-12
R001947,O0018456,P0027,Wrong Item,414.15,2024-04-11
R001948,O0018456,P1395,Defective,173.3,2024-04-12
R001949,O0018503,P1422,Defective,184.05,2025-05-08
R001950,O0018504,P0763,Changed Mind,1759.1,2025-03-29
R001951,O0018504,P0261,Wrong Item,376.1,2025-04-10
R001952,O0018504,P0407,Defective,1846.35,2025-03-24
R001953,O0018514,P0696,Defective,1099.1,2025-01-15
R001954,O0018514,P0432,Changed Mind,1333.97,2025-01-01
R001955,O0018534,P1404,Changed Mind,239.66,2024-06-26
R001956,O0018558,P0896,Changed Mind,418.74,2026-06-13
R001957,O0018591,P0867,Late Delivery,4231.25,2025-05-11
R001958,O0018593,P0354,Defective,1864.96,2025-09-05
R001959,O0018593,P1101,Changed Mind,1247.08,2025-09-04
R001960,O0018599,P0070,Defective,1342.6,2024-03-13
R001961,O0018602,P1132,Late Delivery,635.69,2025-12-23
R001962,O0018616,P0543,Late Delivery,94.63,2025-09-20
R001963,O0018616,P0728,Late Delivery,1148.79,2025-09-24
R001964,O0018622,P0654,Late Delivery,864.58,2024-12-21
R001965,O0018623,P0805,Wrong Item,20.28,2025-11-25
R001966,O0018623,P0594,Defective,500.32,2025-12-08
R001967,O0018630,P0096,Late Delivery,2026.09,2024-03-23
R001968,O0018648,P0442,Late Delivery,850.11,2025-01-09
R001969,O0018657,P0632,Changed Mind,235.73,2025-07-11
R001970,O0018701,P0947,Wrong Item,151.27,2025-11-27
R001971,O0018702,P0654,Defective,904.65,2024-10-29
R001972,O0018702,P1091,Late Delivery,214.09,2024-10-24
R001973,O0018702,P0980,Defective,762.75,2024-10-21
R001974,O0018713,P1039,Wrong Item,317.58,2025-06-21
R001975,O0018720,P1482,Changed Mind,250.38,2024-06-29
R001976,O0018720,P1381,Changed Mind,173.15,2024-06-22
R001977,O0018731,P0029,Defective,754.55,2024-10-02
R001978,O0018731,P1327,Defective,3643.41,2024-10-05
R001979,O0018805,P0569,Defective,864.6,2025-07-29
R001980,O0018808,P1134,Changed Mind,543.39,2025-12-16
R001981,O0018813,P1025,Changed Mind,77.27,2026-06-06
R001982,O0018813,P0892,Late Delivery,468.47,2026-06-13
R001983,O0018821,P0682,Changed Mind,1391.61,2025-07-18
R001984,O0018825,P1169,Late Delivery,1253.01,2024-11-21
R001985,O0018825,P0561,Changed Mind,1809.77,2024-11-20
R001986,O0018826,P1235,Changed Mind,1234.01,2025-09-13
R001987,O0018826,P1014,Defective,1006.94,2025-09-13
R001988,O0018841,P1197,Wrong Item,737.62,2026-03-07
R001989,O0018841,P0223,Late Delivery,1324.89,2026-03-02
R001990,O0018857,P0084,Late Delivery,822.03,2024-12-22
R001991,O0018858,P0180,Late Delivery,1530.34,2024-08-03
R001992,O0018874,P0417,Defective,18.9,2025-03-04
R001993,O0018879,P1037,Wrong Item,605.78,2025-02-04
R001994,O0018897,P1002,Changed Mind,778.57,2024-04-22
R001995,O0018918,P1409,Defective,1180.54,2026-08-20
R001996,O0018928,P1170,Changed Mind,909.13,2024-01-24
R001997,O0018928,P1091,Late Delivery,226.56,2024-01-20
R001998,O0018949,P0650,Defective,848.28,2025-07-01
R001999,O0018976,P1181,Defective,1953.57,2026-04-07
R002000,O0018976,P0757,Changed Mind,2941.54,2026-03-31
R002001,O0018976,P0436,Defective,3658.27,2026-04-06
R002002,O0018976,P1010,Late Delivery,61.34,2026-03-31
R002003,O0018981,P0003,Defective,2230.33,2024-05-25
R002004,O0018988,P0801,Wrong Item,4425.25,2025-07-21
R002005,O0019023,P0031,Wrong Item,609.12,2024-07-25
R002006,O0019023,P1023,Wrong Item,1241.58,2024-08-11
R002007,O0019023,P0052,Late Delivery,1022.51,2024-07-31
R002008,O0019058,P0282,Wrong Item,226.3,2026-05-31
R002009,O0019136,P0710,Defective,346.43,2024-10-26
R002010,O0019145,P0658,Changed Mind,520.67,2024-12-08
R002011,O0019147,P1460,Changed Mind,1143.28,2024-06-24
R002012,O0019153,P0094,Defective,235.24,2025-11-15
R002013,O0019157,P0651,Defective,662.36,2025-09-01
R002014,O0019171,P0816,Changed Mind,975.34,2025-07-12
R002015,O0019171,P0444,Wrong Item,910.42,2025-07-10
R002016,O0019176,P0910,Changed Mind,967.36,2024-10-28
R002017,O0019176,P0668,Late Delivery,59.19,2024-10-25
R002018,O0019214,P0960,Defective,1200.52,2026-01-09
R002019,O0019217,P1259,Changed Mind,639.85,2025-07-27
R002020,O0019217,P0587,Wrong Item,490.24,2025-07-24
R002021,O0019217,P1361,Wrong Item,156.4,2025-07-25
R002022,O0019217,P0182,Defective,190.84,2025-07-25
R002023,O0019218,P1266,Defective,49.33,2025-04-24
R002024,O0019218,P0619,Changed Mind,189.96,2025-04-18
R002025,O0019218,P0016,Defective,1152.74,2025-04-19
R002026,O0019218,P0714,Defective,1095.98,2025-04-26
R002027,O0019271,P0643,Wrong Item,197.7,2026-03-14
R002028,O0019303,P0964,Defective,616.11,2024-10-24
R002029,O0019310,P0017,Wrong Item,193.34,2025-12-10
R002030,O0019310,P1287,Late Delivery,29.45,2025-12-06
R002031,O0019313,P0638,Late Delivery,2353.2,2026-04-19
R002032,O0019313,P0622,Defective,1686.12,2026-04-20
R002033,O0019330,P1243,Late Delivery,1070.69,2026-01-17
R002034,O0019360,P0783,Wrong Item,1155.17,2024-06-02
R002035,O0019364,P1055,Defective,636.88,2024-04-21
R002036,O0019394,P0586,Defective,64.58,2024-03-10
R002037,O0019394,P0999,Late Delivery,1513.31,2024-03-01
R002038,O0019428,P1123,Changed Mind,4097.7,2026-02-06
R002039,O0019428,P0314,Changed Mind,1310.41,2026-01-30
R002040,O0019428,P0337,Defective,561.24,2026-01-26
R002041,O0019442,P1371,Defective,3556.87,2026-02-05
R002042,O0019442,P0943,Wrong Item,633.82,2026-01-21
R002043,O0019442,P0424,Wrong Item,317.45,2026-02-05
R002044,O0019462,P1137,Late Delivery,3042.55,2026-04-28
R002045,O0019462,P0862,Late Delivery,964.79,2026-04-25
R002046,O0019471,P0186,Late Delivery,1168.59,2024-05-12
R002047,O0019471,P1265,Defective,1013.59,2024-05-12
R002048,O0019495,P1423,Wrong Item,237.83,2025-01-15
R002049,O0019518,P0979,Defective,1163.4,2025-07-05
R002050,O0019534,P1345,Late Delivery,873.38,2026-09-08
R002051,O0019535,P0530,Changed Mind,990.89,2026-05-07
R002052,O0019566,P0033,Late Delivery,852.24,2025-12-30
R002053,O0019620,P0798,Changed Mind,627.88,2024-06-27
R002054,O0019624,P0651,Late Delivery,651.28,2025-02-15
R002055,O0019624,P0151,Late Delivery,547.42,2025-02-09
R002056,O0019624,P0842,Late Delivery,307.57,2025-02-08
R002057,O0019628,P0980,Changed Mind,1509.79,2026-04-30
R002058,O0019628,P1095,Late Delivery,1687.74,2026-04-28
R002059,O0019628,P1473,Late Delivery,322.85,2026-05-03
R002060,O0019635,P0175,Wrong Item,488.5,2025-11-04
R002061,O0019654,P0437,Defective,534.55,2024-12-19
R002062,O0019656,P0032,Defective,2356.73,2025-01-30
R002063,O0019656,P0420,Wrong Item,778.33,2025-02-01
R002064,O0019658,P1108,Changed Mind,282.57,2024-02-20
R002065,O0019703,P0438,Late Delivery,1979.32,2025-08-19
R002066,O0019705,P1472,Defective,1286.78,2024-09-22
R002067,O0019723,P0471,Late Delivery,1099.28,2026-07-30
R002068,O0019723,P0039,Defective,956.84,2026-07-31
R002069,O0019751,P0367,Changed Mind,1250.01,2025-04-15
R002070,O0019751,P0129,Changed Mind,1049.74,2025-04-11
R002071,O0019751,P1348,Defective,1319.86,2025-04-15
R002072,O0019751,P1500,Changed Mind,468.68,2025-04-13
R002073,O0019751,P1332,Wrong Item,1572.58,2025-04-03
R002074,O0019753,P1142,Late Delivery,699.0,2026-07-11
R002075,O0019777,P0704,Late Delivery,557.05,2026-01-19
R002076,O0019822,P0299,Changed Mind,58.19,2026-02-12
R002077,O0019822,P0347,Defective,862.5,2026-01-27
R002078,O0019834,P0838,Late Delivery,140.66,2025-02-20
R002079,O0019888,P0500,Defective,237.07,2025-12-12
R002080,O0019888,P0892,Wrong Item,916.87,2025-12-08
R002081,O0019891,P0079,Wrong Item,1203.75,2025-12-26
R002082,O0019896,P0351,Late Delivery,194.07,2025-03-11
R002083,O0019910,P0571,Changed Mind,2477.16,2024-02-03
R002084,O0019947,P0385,Wrong Item,579.61,2024-04-26
R002085,O0019948,P1316,Wrong Item,948.97,2024-03-08
R002086,O0019982,P0012,Defective,247.05,2025-09-05
R002087,O0019988,P0258,Wrong Item,449.71,2024-07-26
R002088,O0019988,P0492,Defective,2842.64,2024-07-24
R002089,O0020028,P0059,Defective,133.69,2025-06-23
R002090,O0020028,P0839,Wrong Item,296.39,2025-06-23
R002091,O0020088,P1399,Wrong Item,571.04,2025-08-29
R002092,O0020101,P0427,Defective,1022.7,2024-04-12
R002093,O0020105,P0418,Wrong Item,1281.46,2024-05-20
R002094,O0020105,P0795,Wrong Item,1176.37,2024-05-17
R002095,O0020122,P0818,Defective,687.78,2026-02-20
R002096,O0020122,P0094,Wrong Item,637.57,2026-02-14
R002097,O0020136,P0062,Late Delivery,661.89,2026-07-28
R002098,O0020137,P0770,Wrong Item,1004.47,2024-08-02
R002099,O0020138,P1473,Changed Mind,308.26,2024-05-01
R002100,O0020142,P0016,Defective,2243.42,2024-09-07
R002101,O0020149,P0923,Changed Mind,793.05,2025-01-25
R002102,O0020149,P0553,Defective,510.95,2025-01-29
R002103,O0020150,P0013,Changed Mind,390.94,2025-02-05
R002104,O0020163,P0552,Wrong Item,506.64,2026-04-24
R002105,O0020174,P0791,Changed Mind,1459.78,2024-12-17
R002106,O0020188,P0619,Defective,172.43,2024-08-26
R002107,O0020188,P0721,Wrong Item,3267.25,2024-08-31
R002108,O0020194,P0752,Defective,945.71,2025-08-23
R002109,O0020206,P1204,Wrong Item,1214.45,2026-04-22
R002110,O0020213,P1078,Late Delivery,797.67,2025-10-16
R002111,O0020213,P0477,Changed Mind,40.32,2025-10-22
R002112,O0020213,P1259,Late Delivery,649.96,2025-10-21
R002113,O0020254,P0504,Defective,3802.14,2026-08-21
R002114,O0020254,P1039,Changed Mind,266.19,2026-08-26
R002115,O0020266,P0761,Wrong Item,419.71,2024-09-12
R002116,O0020266,P0990,Changed Mind,914.98,2024-09-20
R002117,O0020266,P1157,Late Delivery,720.0,2024-09-20
R002118,O0020283,P1337,Late Delivery,905.43,2026-01-14
R002119,O0020308,P0160,Defective,474.11,2024-08-22
R002120,O0020308,P1477,Defective,651.41,2024-08-23
R002121,O0020312,P0798,Wrong Item,724.86,2024-12-09
R002122,O0020312,P1113,Defective,2130.2,2024-12-15
R002123,O0020323,P0711,Wrong Item,401.88,2025-11-04
R002124,O0020350,P1457,Defective,104.28,2025-12-01
R002125,O0020350,P1256,Changed Mind,836.03,2025-12-04
R002126,O0020358,P1494,Late Delivery,1728.13,2024-03-27
R002127,O0020367,P0016,Defective,1065.42,2025-08-03
R002128,O0020387,P1124,Defective,1679.44,2025-10-09
R002129,O0020400,P0614,Late Delivery,2438.27,2024-11-25
R002130,O0020421,P0065,Defective,48.57,2024-12-19
R002131,O0020430,P0830,Defective,617.31,2025-07-07
R002132,O0020431,P0292,Wrong Item,1276.8,2026-03-18
R002133,O0020454,P0479,Late Delivery,993.17,2025-12-28
R002134,O0020468,P0738,Defective,426.74,2024-01-31
R002135,O0020471,P0065,Late Delivery,50.0,2026-06-21
R002136,O0020471,P0704,Defective,536.42,2026-06-21
R002137,O0020490,P0797,Wrong Item,2771.77,2025-08-05
R002138,O0020490,P0097,Late Delivery,1174.72,2025-08-01
R002139,O0020490,P0715,Wrong Item,354.54,2025-08-02
R002140,O0020502,P0388,Changed Mind,465.75,2026-03-05
R002141,O0020502,P1284,Wrong Item,708.55,2026-02-28
R002142,O0020509,P0892,Changed Mind,414.27,2026-01-02
R002143,O0020509,P0344,Wrong Item,1160.19,2025-12-25
R002144,O0020509,P0947,Wrong Item,484.21,2025-12-30
R002145,O0020522,P0313,Late Delivery,475.56,2026-02-25
R002146,O0020522,P1452,Changed Mind,720.56,2026-02-18
R002147,O0020523,P1106,Wrong Item,221.24,2024-02-27
R002148,O0020537,P1240,Changed Mind,440.15,2025-05-29
R002149,O0020537,P0349,Late Delivery,1125.92,2025-05-26
R002150,O0020559,P0377,Defective,831.62,2026-07-29
R002151,O0020571,P0942,Changed Mind,917.87,2025-08-11
R002152,O0020571,P0563,Changed Mind,152.78,2025-08-28
R002153,O0020601,P0831,Late Delivery,656.55,2024-10-21
R002154,O0020602,P0230,Wrong Item,1159.09,2026-02-27
R002155,O0020604,P1013,Changed Mind,564.29,2025-10-09
R002156,O0020604,P0484,Changed Mind,708.24,2025-10-03
R002157,O0020613,P1140,Wrong Item,935.74,2025-12-05
R002158,O0020613,P1454,Wrong Item,717.51,2025-12-05
R002159,O0020613,P0595,Late Delivery,835.95,2025-12-04
R002160,O0020621,P0875,Defective,818.04,2025-09-18
R002161,O0020624,P0327,Wrong Item,1354.89,2024-11-29
R002162,O0020638,P0627,Late Delivery,457.22,2025-01-10
R002163,O0020666,P1296,Changed Mind,306.24,2024-06-01
R002164,O0020667,P1260,Late Delivery,518.78,2024-05-22
R002165,O0020667,P0707,Defective,1604.84,2024-05-22
R002166,O0020668,P0960,Changed Mind,1071.23,2025-02-21
R002167,O0020668,P0931,Wrong Item,535.62,2025-03-03
R002168,O0020691,P1222,Defective,2949.45,2026-03-10
R002169,O0020691,P0281,Late Delivery,1765.15,2026-03-03
R002170,O0020691,P1338,Changed Mind,571.18,2026-03-10
R002171,O0020699,P0736,Wrong Item,632.01,2024-07-09
R002172,O0020699,P0618,Wrong Item,479.2,2024-07-14
R002173,O0020699,P0794,Defective,1646.02,2024-07-01
R002174,O0020736,P1277,Wrong Item,1160.78,2026-03-31
R002175,O0020736,P1468,Defective,704.62,2026-03-25
R002176,O0020736,P0968,Defective,3293.95,2026-03-16
R002177,O0020736,P0823,Defective,244.75,2026-03-25
R002178,O0020753,P0854,Defective,2561.58,2024-09-14
R002179,O0020772,P0940,Late Delivery,880.41,2025-05-19
R002180,O0020790,P1305,Wrong Item,1071.29,2026-08-03
R002181,O0020790,P0910,Wrong Item,1054.65,2026-07-31
R002182,O0020915,P1028,Defective,3836.02,2025-03-08
R002183,O0020921,P0984,Late Delivery,4381.49,2025-03-13
R002184,O0020934,P0249,Late Delivery,986.69,2024-01-26
R002185,O0020935,P0943,Defective,271.56,2024-06-09
R002186,O0020935,P0030,Late Delivery,917.15,2024-05-30
R002187,O0020944,P0526,Changed Mind,1826.59,2024-11-13
R002188,O0020952,P0594,Defective,525.77,2024-08-25
R002189,O0020952,P0036,Changed Mind,875.5,2024-08-28
R002190,O0020962,P0240,Defective,1888.64,2024-04-04
R002191,O0020974,P1040,Changed Mind,876.14,2026-03-09
R002192,O0020997,P0645,Changed Mind,2318.05,2024-07-20
R002193,O0021022,P0607,Changed Mind,339.75,2026-06-21
R002194,O0021022,P0826,Late Delivery,573.61,2026-06-14
R002195,O0021034,P0210,Late Delivery,972.35,2026-03-27
R002196,O0021034,P1063,Defective,785.39,2026-03-29
R002197,O0021038,P0702,Defective,1307.38,2026-07-16
R002198,O0021048,P0848,Late Delivery,1132.81,2024-11-19
R002199,O0021067,P0960,Late Delivery,1154.92,2025-09-17
R002200,O0021086,P1225,Late Delivery,95.47,2026-05-28
R002201,O0021087,P0430,Late Delivery,265.84,2025-09-28
R002202,O0021087,P0455,Wrong Item,2070.65,2025-09-29
R002203,O0021092,P1369,Wrong Item,966.84,2025-12-03
R002204,O0021105,P0873,Defective,1275.21,2024-06-23
R002205,O0021121,P0670,Wrong Item,936.4,2026-06-04
R002206,O0021126,P0323,Changed Mind,332.24,2025-12-30
R002207,O0021128,P0868,Wrong Item,572.09,2025-08-04
R002208,O0021148,P1031,Defective,508.07,2024-11-14
R002209,O0021173,P1053,Changed Mind,814.15,2024-10-15
R002210,O0021196,P1196,Changed Mind,1224.62,2024-02-07
R002211,O0021196,P1390,Changed Mind,522.03,2024-02-03
R002212,O0021223,P0693,Late Delivery,2098.21,2025-03-04
R002213,O0021231,P0612,Changed Mind,1147.21,2025-09-27
R002214,O0021233,P0342,Defective,1638.62,2026-01-11
R002215,O0021257,P0048,Wrong Item,1147.9,2025-12-01
R002216,O0021257,P1411,Wrong Item,1617.22,2025-11-30
R002217,O0021259,P0787,Defective,227.4,2024-11-30
R002218,O0021271,P0568,Defective,579.89,2024-05-04
R002219,O0021271,P0836,Changed Mind,1241.02,2024-05-08
R002220,O0021281,P0877,Wrong Item,525.39,2024-09-27
R002221,O0021281,P1203,Late Delivery,1131.57,2024-09-28
R002222,O0021290,P0350,Changed Mind,1102.42,2025-05-29
R002223,O0021296,P1370,Defective,1317.8,2024-04-09
R002224,O0021311,P0162,Defective,779.26,2026-03-24
R002225,O0021324,P0218,Late Delivery,629.78,2024-12-08
R002226,O0021324,P1008,Late Delivery,109.32,2024-12-11
R002227,O0021324,P0111,Changed Mind,1214.62,2024-11-27
R002228,O0021350,P0904,Wrong Item,753.69,2025-03-29
R002229,O0021362,P0213,Wrong Item,842.99,2026-03-10
R002230,O0021407,P1325,Wrong Item,1232.66,2025-04-13
R002231,O0021472,P1393,Wrong Item,121.46,2025-01-19
R002232,O0021475,P1055,Late Delivery,1864.14,2024-06-05
R002233,O0021475,P0886,Late Delivery,668.96,2024-05-26
R002234,O0021493,P0749,Changed Mind,960.56,2026-09-01
R002235,O0021493,P0121,Changed Mind,1240.67,2026-08-21
R002236,O0021513,P1265,Changed Mind,1282.41,2024-04-23
R002237,O0021515,P0851,Changed Mind,772.19,2026-07-07
R002238,O0021515,P0280,Wrong Item,1230.66,2026-07-17
R002239,O0021516,P0221,Wrong Item,1527.33,2025-07-10
R002240,O0021516,P1003,Late Delivery,350.06,2025-07-16
R002241,O0021516,P0249,Late Delivery,957.12,2025-07-09
R002242,O0021528,P0827,Defective,259.58,2025-11-23
R002243,O0021586,P1094,Changed Mind,642.97,2025-11-02
R002244,O0021598,P0405,Late Delivery,173.03,2025-03-04
R002245,O0021598,P0536,Changed Mind,1977.06,2025-03-17
R002246,O0021626,P0405,Defective,151.07,2024-07-02
R002247,O0021638,P1276,Late Delivery,613.08,2024-06-16
R002248,O0021649,P0055,Late Delivery,1633.78,2025-08-17
R002249,O0021659,P0802,Defective,602.02,2024-05-11
R002250,O0021659,P0309,Late Delivery,1493.82,2024-05-18
R002251,O0021663,P0044,Wrong Item,3043.08,2025-11-17
R002252,O0021665,P0105,Wrong Item,364.45,2025-07-07
R002253,O0021665,P1494,Defective,925.21,2025-07-18
R002254,O0021665,P1282,Wrong Item,1165.52,2025-07-14
R002255,O0021685,P0747,Changed Mind,882.96,2024-03-04
R002256,O0021685,P0953,Defective,291.11,2024-02-28
R002257,O0021713,P1303,Defective,775.26,2025-06-26
R002258,O0021713,P1480,Late Delivery,269.66,2025-06-27
R002259,O0021714,P0412,Late Delivery,2369.04,2025-03-16
R002260,O0021726,P0023,Wrong Item,1946.42,2025-11-18
R002261,O0021729,P1251,Wrong Item,395.92,2024-05-11
R002262,O0021736,P0893,Late Delivery,544.14,2026-02-02
R002263,O0021760,P0714,Defective,1062.4,2024-03-01
R002264,O0021794,P0938,Defective,812.78,2026-02-17
R002265,O0021794,P1247,Wrong Item,1834.7,2026-02-25
R002266,O0021794,P0236,Changed Mind,872.45,2026-02-27
R002267,O0021794,P1161,Defective,2876.13,2026-02-26
R002268,O0021800,P0359,Wrong Item,330.57,2026-04-20
R002269,O0021800,P0449,Defective,22.53,2026-04-10
R002270,O0021808,P1281,Wrong Item,567.03,2025-05-17
R002271,O0021814,P0052,Late Delivery,1008.46,2024-02-05
R002272,O0021814,P0479,Defective,898.14,2024-02-04
R002273,O0021828,P0984,Wrong Item,1264.28,2026-08-20
R002274,O0021839,P1309,Wrong Item,2293.93,2024-04-30
R002275,O0021845,P0980,Late Delivery,655.97,2026-08-26
R002276,O0021849,P0112,Defective,391.35,2024-06-18
R002277,O0021879,P1157,Wrong Item,338.6,2024-11-15
R002278,O0021879,P0639,Late Delivery,1203.36,2024-11-26
R002279,O0021884,P0957,Changed Mind,835.26,2025-12-19
R002280,O0021884,P0940,Late Delivery,277.48,2025-12-06
R002281,O0021887,P1253,Late Delivery,1445.82,2024-04-03
R002282,O0021887,P0055,Late Delivery,861.84,2024-04-16
R002283,O0021901,P1423,Wrong Item,256.39,2024-12-24
R002284,O0021906,P1342,Defective,751.53,2024-04-25
R002285,O0021917,P0382,Defective,308.73,2025-07-12
R002286,O0021917,P1076,Changed Mind,231.24,2025-07-24
R002287,O0021917,P1268,Late Delivery,580.28,2025-07-10
R002288,O0021926,P1425,Wrong Item,676.8,2024-02-14
R002289,O0021932,P0832,Late Delivery,1474.11,2026-04-30
R002290,O0021937,P0923,Wrong Item,1471.77,2025-07-23
R002291,O0021939,P1175,Wrong Item,1989.01,2025-10-28
R002292,O0021948,P0678,Defective,501.54,2025-10-18
R002293,O0021948,P0116,Wrong Item,673.55,2025-10-21
R002294,O0021949,P0054,Changed Mind,1109.86,2024-06-14
R002295,O0021949,P0275,Wrong Item,94.72,2024-06-07
R002296,O0021959,P0950,Changed Mind,2573.08,2024-02-27
R002297,O0021959,P0617,Late Delivery,23.26,2024-02-19
R002298,O0021961,P0616,Changed Mind,1046.83,2025-03-20
R002299,O0021966,P0235,Wrong Item,1033.91,2024-12-06
R002300,O0021966,P0996,Late Delivery,334.64,2024-12-11
R002301,O0021966,P0039,Defective,1029.34,2024-12-12
R002302,O0021966,P0599,Wrong Item,1029.23,2024-12-13
R002303,O0021975,P1026,Wrong Item,426.26,2024-05-27
R002304,O0022004,P1456,Wrong Item,330.18,2025-09-14
R002305,O0022017,P0803,Defective,827.21,2025-09-09
R002306,O0022025,P1360,Late Delivery,832.74,2025-11-19
R002307,O0022051,P0261,Late Delivery,853.56,2025-01-13
R002308,O0022058,P0042,Wrong Item,362.78,2025-10-27
R002309,O0022058,P1344,Wrong Item,2196.15,2025-10-29
R002310,O0022062,P0506,Wrong Item,45.69,2026-09-08
R002311,O0022083,P0837,Wrong Item,1120.47,2025-02-15
R002312,O0022107,P0301,Late Delivery,927.99,2025-01-25
R002313,O0022107,P1460,Defective,1053.82,2025-01-13
R002314,O0022132,P1418,Changed Mind,997.73,2024-11-15
R002315,O0022132,P1024,Wrong Item,1335.24,2024-11-06
R002316,O0022163,P0427,Late Delivery,1871.0,2024-07-07
R002317,O0022169,P0128,Wrong Item,544.0,2025-01-03
R002318,O0022183,P1142,Changed Mind,802.46,2026-03-13
R002319,O0022183,P0886,Changed Mind,367.56,2026-03-15
R002320,O0022183,P0326,Changed Mind,722.27,2026-03-22
R002321,O0022218,P0750,Late Delivery,306.08,2025-07-22
R002322,O0022245,P1454,Late Delivery,711.44,2026-03-04
R002323,O0022262,P0962,Defective,874.72,2024-12-10
R002324,O0022262,P1192,Defective,2634.24,2024-12-09
R002325,O0022309,P0982,Changed Mind,186.38,2025-09-29
R002326,O0022326,P0362,Defective,3780.53,2026-07-19
R002327,O0022336,P1053,Defective,1576.18,2024-05-21
R002328,O0022336,P0047,Late Delivery,479.37,2024-05-25
R002329,O0022344,P0909,Late Delivery,563.31,2026-01-26
R002330,O0022346,P0134,Late Delivery,585.0,2024-02-10
R002331,O0022349,P0784,Wrong Item,1057.65,2024-09-13
R002332,O0022349,P0366,Late Delivery,296.49,2024-09-14
R002333,O0022349,P1084,Late Delivery,394.54,2024-09-27
R002334,O0022378,P0948,Defective,166.04,2025-09-13
R002335,O0022394,P1435,Wrong Item,357.15,2024-03-09
R002336,O0022420,P1465,Late Delivery,816.24,2026-06-25
R002337,O0022461,P1405,Defective,893.98,2024-06-29
R002338,O0022489,P0945,Wrong Item,343.74,2025-03-21
R002339,O0022489,P1399,Late Delivery,565.33,2025-03-18
R002340,O0022489,P0992,Late Delivery,624.53,2025-03-28
R002341,O0022491,P0323,Wrong Item,624.74,2025-11-09
R002342,O0022511,P0894,Late Delivery,1739.25,2026-01-12
R002343,O0022536,P0700,Changed Mind,775.97,2024-07-26
R002344,O0022557,P0137,Late Delivery,500.79,2024-05-13
R002345,O0022633,P0090,Late Delivery,778.15,2024-08-11
R002346,O0022633,P0381,Late Delivery,459.42,2024-08-22
R002347,O0022634,P0434,Wrong Item,822.77,2025-08-16
R002348,O0022634,P1392,Defective,1509.91,2025-08-21
R002349,O0022639,P1471,Defective,979.17,2026-02-05
R002350,O0022639,P0069,Changed Mind,228.1,2026-02-12
R002351,O0022639,P0633,Wrong Item,200.36,2026-01-31
R002352,O0022647,P1296,Wrong Item,320.75,2026-03-12
R002353,O0022663,P1147,Wrong Item,81.29,2025-06-11
R002354,O0022668,P0270,Changed Mind,2230.51,2024-02-12
R002355,O0022672,P0491,Defective,713.4,2025-03-10
R002356,O0022673,P0828,Changed Mind,566.17,2024-04-08
R002357,O0022673,P1290,Wrong Item,330.09,2024-04-12
R002358,O0022690,P0403,Wrong Item,18.18,2026-04-11
R002359,O0022695,P0268,Late Delivery,320.45,2024-09-11
R002360,O0022695,P0957,Changed Mind,781.12,2024-08-29
R002361,O0022701,P1445,Late Delivery,1152.79,2024-09-24
R002362,O0022716,P1473,Defective,329.91,2026-02-18
R002363,O0022766,P0434,Changed Mind,859.15,2026-02-24
R002364,O0022774,P1039,Wrong Item,269.21,2025-07-22
R002365,O0022774,P0913,Wrong Item,452.14,2025-07-24
R002366,O0022774,P1191,Late Delivery,1217.9,2025-07-17
R002367,O0022774,P1453,Changed Mind,949.0,2025-07-29
R002368,O0022774,P0386,Defective,387.52,2025-07-15
R002369,O0022910,P0240,Changed Mind,833.68,2024-03-30
R002370,O0022910,P1228,Wrong Item,874.04,2024-03-24
R002371,O0022919,P0690,Late Delivery,1266.27,2025-01-02
R002372,O0022919,P1262,Defective,993.14,2024-12-27
R002373,O0022919,P1306,Wrong Item,44.52,2025-01-05
R002374,O0022983,P0311,Late Delivery,1036.74,2024-10-20
R002375,O0023001,P0767,Defective,50.5,2026-01-30
R002376,O0023027,P0074,Changed Mind,1217.72,2026-01-23
R002377,O0023068,P1205,Wrong Item,1309.92,2024-10-02
R002378,O0023073,P0762,Changed Mind,813.05,2024-08-26
R002379,O0023073,P0897,Late Delivery,1015.29,2024-09-12
R002380,O0023079,P0974,Late Delivery,228.08,2026-02-09
R002381,O0023079,P1403,Late Delivery,1016.3,2026-02-06
R002382,O0023130,P0249,Changed Mind,1050.27,2025-06-06
R002383,O0023130,P1443,Late Delivery,721.61,2025-06-21
R002384,O0023139,P0066,Wrong Item,131.06,2024-02-22
R002385,O0023161,P0410,Changed Mind,1013.33,2025-05-03
R002386,O0023161,P1111,Wrong Item,782.24,2025-05-02
R002387,O0023161,P0953,Defective,265.89,2025-05-02
R002388,O0023203,P0445,Wrong Item,107.81,2026-06-16
R002389,O0023203,P0344,Defective,1125.04,2026-06-24
R002390,O0023237,P0310,Late Delivery,309.88,2024-12-20
R002391,O0023239,P0496,Changed Mind,1177.36,2026-04-18
R002392,O0023239,P0731,Wrong Item,861.46,2026-04-16
R002393,O0023239,P0648,Late Delivery,168.06,2026-04-23
R002394,O0023241,P0545,Changed Mind,861.68,2024-11-22
R002395,O0023242,P0510,Late Delivery,863.86,2024-07-12
R002396,O0023242,P0872,Wrong Item,755.16,2024-07-12
R002397,O0023244,P1170,Wrong Item,769.4,2026-04-16
R002398,O0023250,P1314,Wrong Item,304.03,2024-07-21
R002399,O0023251,P0241,Late Delivery,973.23,2025-09-29
R002400,O0023260,P1026,Wrong Item,960.76,2024-05-29
R002401,O0023274,P0386,Wrong Item,704.97,2026-06-12
R002402,O0023279,P0937,Changed Mind,145.04,2024-09-10
R002403,O0023288,P1081,Late Delivery,325.95,2025-06-29
R002404,O0023311,P0878,Wrong Item,411.7,2026-05-28
R002405,O0023311,P0281,Late Delivery,1600.65,2026-06-01
R002406,O0023316,P0007,Wrong Item,293.62,2026-01-30
R002407,O0023338,P0048,Defective,2720.15,2024-09-09
R002408,O0023382,P0707,Wrong Item,821.15,2026-04-14
R002409,O0023385,P0997,Defective,984.14,2025-10-05
R002410,O0023430,P0893,Wrong Item,568.05,2025-11-16
R002411,O0023430,P0447,Defective,1752.65,2025-11-24
R002412,O0023430,P0785,Defective,1188.86,2025-11-15
R002413,O0023430,P0784,Late Delivery,1981.4,2025-11-22
R002414,O0023438,P0371,Changed Mind,202.71,2025-06-12
R002415,O0023445,P1495,Late Delivery,140.48,2026-04-13
R002416,O0023445,P0732,Late Delivery,189.89,2026-04-07
R002417,O0023445,P0425,Late Delivery,2040.03,2026-04-19
R002418,O0023453,P1036,Wrong Item,236.98,2024-12-12
R002419,O0023465,P0130,Changed Mind,568.23,2025-09-26
R002420,O0023465,P0213,Late Delivery,842.22,2025-09-23
R002421,O0023487,P0822,Wrong Item,290.02,2026-09-07
R002422,O0023487,P1252,Changed Mind,772.33,2026-09-05
R002423,O0023487,P1138,Wrong Item,540.89,2026-08-24
R002424,O0023528,P0448,Changed Mind,878.04,2024-06-24
R002425,O0023528,P0898,Changed Mind,96.91,2024-07-03
R002426,O0023528,P0024,Defective,674.22,2024-07-04
R002427,O0023537,P1277,Changed Mind,1009.83,2024-11-17
R002428,O0023592,P0496,Wrong Item,1418.17,2024-05-17
R002429,O0023592,P1341,Wrong Item,2125.57,2024-05-19
R002430,O0023592,P1170,Defective,1706.26,2024-05-12
R002431,O0023592,P1169,Late Delivery,601.09,2024-05-26
R002432,O0023595,P0072,Wrong Item,448.27,2025-05-02
R002433,O0023637,P0213,Changed Mind,711.63,2024-06-22
R002434,O0023639,P0441,Late Delivery,2346.23,2024-03-09
R002435,O0023696,P0345,Changed Mind,378.02,2025-08-09
R002436,O0023699,P0428,Changed Mind,2944.74,2024-07-06
R002437,O0023699,P0703,Defective,469.33,2024-07-05
R002438,O0023737,P0326,Wrong Item,669.39,2026-02-03
R002439,O0023762,P0768,Defective,246.86,2025-10-01
R002440,O0023769,P0669,Wrong Item,625.85,2026-08-08
R002441,O0023769,P0914,Changed Mind,999.62,2026-08-11
R002442,O0023775,P1308,Wrong Item,896.83,2026-01-26
R002443,O0023785,P0012,Late Delivery,285.38,2024-11-03
R002444,O0023785,P0311,Changed Mind,1188.75,2024-11-03
R002445,O0023802,P0207,Wrong Item,1290.56,2024-04-03
R002446,O0023802,P0670,Late Delivery,1074.01,2024-04-06
R002447,O0023807,P0118,Changed Mind,392.61,2026-02-26
R002448,O0023811,P1119,Changed Mind,706.02,2025-09-30
R002449,O0023811,P0551,Wrong Item,396.87,2025-09-15
R002450,O0023811,P1362,Defective,876.03,2025-09-15
R002451,O0023817,P1265,Changed Mind,2432.94,2024-01-30
R002452,O0023819,P0653,Defective,219.86,2026-07-20
R002453,O0023909,P0717,Changed Mind,749.12,2025-01-26
R002454,O0023909,P0006,Wrong Item,201.97,2025-02-11
R002455,O0023909,P0614,Wrong Item,2101.43,2025-02-08
R002456,O0023947,P0523,Wrong Item,2780.24,2026-03-26
R002457,O0023968,P1092,Defective,740.4,2025-02-05
R002458,O0023970,P1198,Changed Mind,1884.45,2026-02-25
R002459,O0023971,P0139,Changed Mind,378.51,2025-06-24
R002460,O0024000,P0301,Defective,915.83,2025-11-21
R002461,O0024004,P1318,Changed Mind,1218.63,2026-01-15
R002462,O0024004,P0283,Defective,665.96,2026-01-13
R002463,O0024023,P0916,Defective,2275.98,2025-01-04
R002464,O0024032,P0176,Late Delivery,1212.6,2025-04-28
R002465,O0024032,P0503,Changed Mind,1152.01,2025-05-08
R002466,O0024048,P1063,Defective,890.45,2026-02-09
R002467,O0024071,P0668,Wrong Item,62.25,2024-09-20
R002468,O0024071,P1210,Wrong Item,905.6,2024-09-18
R002469,O0024108,P0815,Defective,1228.62,2024-08-19
R002470,O0024122,P0658,Wrong Item,1513.74,2026-08-08
R002471,O0024135,P0405,Wrong Item,156.89,2026-02-03
R002472,O0024136,P0150,Changed Mind,769.03,2024-02-07
R002473,O0024164,P0730,Late Delivery,329.19,2024-07-22
R002474,O0024190,P1170,Defective,1562.43,2024-12-17
R002475,O0024190,P0344,Wrong Item,1018.6,2024-12-11
R002476,O0024190,P0746,Defective,2608.77,2024-12-19
R002477,O0024190,P0030,Changed Mind,427.19,2024-12-07
R002478,O0024193,P1363,Changed Mind,928.67,2024-07-12
R002479,O0024193,P0297,Wrong Item,36.7,2024-07-19
R002480,O0024193,P0033,Wrong Item,2244.04,2024-07-14
R002481,O0024246,P0066,Wrong Item,126.56,2024-09-14
R002482,O0024257,P1307,Defective,222.28,2025-11-06
R002483,O0024294,P0394,Late Delivery,1240.14,2025-10-25
R002484,O0024294,P0297,Wrong Item,155.07,2025-10-30
R002485,O0024311,P0064,Changed Mind,1434.02,2026-08-17
R002486,O0024343,P1340,Late Delivery,178.4,2024-11-28
R002487,O0024343,P0450,Defective,889.9,2024-12-01
R002488,O0024343,P0334,Defective,482.04,2024-12-12
R002489,O0024374,P0375,Wrong Item,1711.83,2024-11-05
R002490,O0024374,P0362,Late Delivery,1250.73,2024-11-01
R002491,O0024398,P1492,Changed Mind,435.33,2024-06-07
R002492,O0024398,P0863,Wrong Item,469.07,2024-06-08
R002493,O0024416,P0008,Late Delivery,92.59,2026-09-08
R002494,O0024416,P0771,Wrong Item,688.71,2026-09-03
R002495,O0024419,P0027,Changed Mind,411.52,2024-09-18
R002496,O0024423,P0373,Changed Mind,317.62,2025-05-03
R002497,O0024423,P0876,Changed Mind,957.62,2025-05-05
R002498,O0024473,P0894,Changed Mind,821.24,2026-01-05
R002499,O0024477,P0816,Defective,296.29,2025-05-03
R002500,O0024491,P1231,Late Delivery,556.89,2025-12-21
R002501,O0024491,P0386,Wrong Item,334.3,2025-12-11
R002502,O0024514,P1423,Defective,251.35,2024-11-06
R002503,O0024516,P1103,Late Delivery,918.16,2024-09-26
R002504,O0024524,P0766,Changed Mind,144.95,2024-04-13
R002505,O0024529,P1067,Changed Mind,650.43,2026-07-15
R002506,O0024533,P1495,Wrong Item,135.67,2024-09-14
R002507,O0024533,P1039,Late Delivery,319.37,2024-09-18
R002508,O0024533,P0866,Wrong Item,2102.41,2024-09-20
R002509,O0024533,P0099,Changed Mind,80.56,2024-09-16
R002510,O0024534,P1453,Wrong Item,2950.18,2025-10-28
R002511,O0024551,P0749,Changed Mind,1112.0,2026-04-28
R002512,O0024551,P1319,Defective,1282.11,2026-04-26
R002513,O0024554,P1065,Wrong Item,453.61,2026-07-14
R002514,O0024582,P0760,Changed Mind,4285.29,2026-04-27
R002515,O0024587,P0316,Wrong Item,2789.05,2026-02-19
R002516,O0024587,P0244,Late Delivery,774.16,2026-02-21
R002517,O0024616,P0025,Defective,369.17,2025-03-24
R002518,O0024626,P1264,Defective,218.39,2025-09-06
R002519,O0024631,P0729,Changed Mind,980.29,2024-12-18
R002520,O0024631,P1372,Changed Mind,1023.5,2024-12-09
R002521,O0024631,P1253,Wrong Item,1297.19,2024-12-20
R002522,O0024672,P0584,Changed Mind,373.48,2024-12-13
R002523,O0024676,P0230,Changed Mind,1263.52,2026-06-10
R002524,O0024683,P1353,Wrong Item,1034.13,2024-11-23
R002525,O0024683,P1454,Changed Mind,805.0,2024-11-11
R002526,O0024684,P0129,Wrong Item,1150.07,2025-09-20
R002527,O0024684,P1225,Late Delivery,222.56,2025-09-16
R002528,O0024685,P0755,Defective,411.04,2024-10-13
R002529,O0024685,P0254,Changed Mind,81.98,2024-10-04
R002530,O0024689,P0097,Late Delivery,2477.28,2026-05-23
R002531,O0024689,P1402,Late Delivery,747.02,2026-05-09
R002532,O0024690,P1106,Wrong Item,243.66,2025-01-18
R002533,O0024690,P0864,Late Delivery,209.19,2025-01-31
R002534,O0024712,P0686,Wrong Item,1193.77,2025-07-07
R002535,O0024713,P1201,Changed Mind,73.62,2025-07-20
R002536,O0024713,P1036,Wrong Item,241.2,2025-07-09
R002537,O0024713,P1099,Wrong Item,1108.48,2025-07-11
R002538,O0024741,P0438,Defective,1047.21,2026-01-04
R002539,O0024748,P1337,Defective,817.22,2024-02-27
R002540,O0024756,P0730,Wrong Item,109.5,2026-07-08
R002541,O0024766,P1356,Defective,1029.75,2025-08-27
R002542,O0024783,P0938,Wrong Item,843.14,2025-11-11
R002543,O0024798,P0611,Wrong Item,542.8,2024-11-25
R002544,O0024805,P0399,Changed Mind,403.38,2025-10-01
R002545,O0024812,P0653,Late Delivery,212.34,2024-08-10
R002546,O0024818,P0130,Changed Mind,566.29,2025-07-22
R002547,O0024818,P0383,Changed Mind,406.45,2025-07-25
R002548,O0024862,P1092,Changed Mind,1258.53,2025-04-05
R002549,O0024862,P0448,Wrong Item,899.44,2025-03-30
R002550,O0024862,P0511,Changed Mind,939.05,2025-03-25
R002551,O0024862,P0249,Wrong Item,944.4,2025-03-27
R002552,O0024880,P0714,Wrong Item,1213.52,2025-05-05
R002553,O0024906,P0153,Late Delivery,3375.98,2026-07-20
R002554,O0024906,P0609,Late Delivery,3632.43,2026-07-22
R002555,O0024914,P0384,Late Delivery,2696.7,2025-10-25
R002556,O0024914,P1134,Wrong Item,538.92,2025-10-26
R002557,O0024923,P0356,Changed Mind,959.92,2024-02-05
R002558,O0024923,P1158,Wrong Item,2269.26,2024-02-14
R002559,O0024923,P0964,Defective,301.72,2024-02-19
R002560,O0024923,P0202,Defective,2031.56,2024-02-17
R002561,O0024927,P0315,Changed Mind,822.22,2025-08-02
R002562,O0024927,P1323,Changed Mind,618.87,2025-08-06
R002563,O0024929,P0700,Changed Mind,905.15,2026-08-15
R002564,O0024954,P0052,Late Delivery,1044.34,2025-02-16
R002565,O0024954,P0582,Defective,1766.59,2025-02-21
R002566,O0024971,P0009,Wrong Item,702.06,2026-01-01
R002567,O0024980,P0795,Defective,1182.86,2024-12-08
R002568,O0024980,P1365,Changed Mind,1266.39,2024-12-01
R002569,O0024988,P0859,Wrong Item,659.42,2025-02-05
R002570,O0024988,P0666,Defective,116.56,2025-02-05
R002571,O0024997,P0874,Changed Mind,1183.51,2026-05-06
R002572,O0025011,P0754,Defective,882.6,2024-07-13
R002573,O0025015,P1005,Defective,1631.22,2025-07-02
R002574,O0025018,P0930,Changed Mind,131.0,2024-06-14
R002575,O0025024,P0094,Defective,238.01,2025-11-28
R002576,O0025024,P1094,Wrong Item,1427.6,2025-12-05
R002577,O0025040,P1231,Wrong Item,549.16,2026-03-04
R002578,O0025042,P0035,Late Delivery,2643.13,2024-02-02
R002579,O0025042,P1160,Wrong Item,248.91,2024-01-20
R002580,O0025042,P1411,Wrong Item,682.83,2024-01-27
R002581,O0025047,P1104,Wrong Item,986.84,2024-01-22
R002582,O0025047,P0647,Wrong Item,962.28,2024-02-04
R002583,O0025053,P0711,Late Delivery,452.41,2024-12-29
R002584,O0025053,P0297,Changed Mind,46.46,2025-01-05
R002585,O0025070,P0066,Wrong Item,406.43,2025-08-26
R002586,O0025089,P0349,Defective,1286.34,2025-03-27
R002587,O0025092,P1232,Wrong Item,339.72,2024-09-06
R002588,O0025092,P1081,Defective,362.25,2024-09-04
R002589,O0025092,P1219,Wrong Item,192.65,2024-09-02
R002590,O0025159,P0874,Wrong Item,2373.41,2025-03-30
R002591,O0025159,P1459,Wrong Item,1198.55,2025-03-29
R002592,O0025167,P0722,Wrong Item,986.45,2025-02-15
R002593,O0025192,P0749,Late Delivery,2875.95,2024-05-20
R002594,O0025192,P0220,Defective,2253.0,2024-05-21
R002595,O0025200,P0190,Late Delivery,118.15,2026-06-26
R002596,O0025207,P0506,Late Delivery,88.28,2025-09-01
R002597,O0025213,P0738,Changed Mind,917.82,2026-03-02
R002598,O0025224,P1427,Changed Mind,239.53,2024-03-13
R002599,O0025224,P1400,Changed Mind,568.36,2024-03-15
R002600,O0025228,P1191,Defective,1169.24,2026-05-08
R002601,O0025229,P0580,Wrong Item,1905.58,2025-04-24
R002602,O0025229,P0129,Wrong Item,1046.72,2025-04-17
R002603,O0025229,P0764,Late Delivery,597.1,2025-04-17
R002604,O0025251,P0568,Wrong Item,575.54,2025-06-10
R002605,O0025251,P0391,Defective,1063.81,2025-05-31
R002606,O0025254,P0312,Late Delivery,1262.5,2025-10-22
R002607,O0025254,P1169,Changed Mind,1466.37,2025-10-21
R002608,O0025267,P1188,Defective,1321.64,2024-06-03
R002609,O0025269,P0970,Changed Mind,564.5,2025-02-16
R002610,O0025288,P1216,Changed Mind,455.78,2024-09-04
R002611,O0025308,P0497,Changed Mind,2589.6,2026-07-23
R002612,O0025308,P1185,Changed Mind,92.66,2026-08-04
R002613,O0025329,P0121,Defective,1240.53,2025-11-08
R002614,O0025343,P1480,Late Delivery,284.69,2024-11-30
R002615,O0025354,P0024,Late Delivery,586.72,2025-05-08
R002616,O0025369,P1281,Changed Mind,1791.78,2025-11-07
R002617,O0025373,P0882,Wrong Item,2334.16,2024-09-10
R002618,O0025374,P0957,Changed Mind,792.95,2025-02-01
R002619,O0025375,P0855,Late Delivery,633.16,2024-07-22
R002620,O0025411,P0719,Late Delivery,367.66,2025-10-04
R002621,O0025411,P0920,Changed Mind,280.52,2025-10-04
R002622,O0025432,P0498,Wrong Item,42.8,2026-03-18
R002623,O0025432,P0997,Wrong Item,1871.34,2026-03-12
R002624,O0025481,P1192,Wrong Item,737.66,2025-03-19
R002625,O0025481,P0900,Changed Mind,422.9,2025-03-01
R002626,O0025481,P0888,Defective,801.46,2025-03-16
R002627,O0025492,P0629,Wrong Item,66.56,2026-01-10
R002628,O0025500,P0802,Changed Mind,657.16,2026-04-16
R002629,O0025500,P1284,Late Delivery,2645.24,2026-04-12
R002630,O0025504,P0877,Wrong Item,530.91,2026-01-08
R002631,O0025504,P0053,Changed Mind,524.69,2026-01-15
R002632,O0025504,P0633,Defective,182.37,2026-01-08
R002633,O0025534,P0744,Defective,639.54,2026-01-13
R002634,O0025566,P0383,Defective,225.42,2025-07-03
R002635,O0025566,P0031,Late Delivery,585.45,2025-07-11
R002636,O0025612,P0770,Changed Mind,1000.43,2024-09-05
R002637,O0025665,P0417,Changed Mind,18.33,2024-11-19
R002638,O0025665,P1432,Defective,1488.84,2024-11-11
R002639,O0025676,P0595,Defective,904.6,2025-05-18
R002640,O0025685,P1360,Wrong Item,1551.9,2026-08-30
R002641,O0025689,P1399,Late Delivery,1713.12,2024-02-20
R002642,O0025704,P0740,Changed Mind,17.35,2025-11-12
R002643,O0025704,P0035,Defective,793.54,2025-11-13
R002644,O0025704,P0537,Changed Mind,1140.5,2025-11-17
R002645,O0025704,P1313,Changed Mind,396.23,2025-11-09
R002646,O0025711,P0043,Wrong Item,806.04,2024-10-21
R002647,O0025711,P1462,Late Delivery,117.43,2024-10-26
R002648,O0025717,P0488,Late Delivery,249.27,2026-01-29
R002649,O0025762,P1349,Changed Mind,1269.61,2026-05-15
R002650,O0025769,P0005,Late Delivery,2278.62,2025-04-26
R002651,O0025771,P0167,Late Delivery,505.32,2025-07-05
R002652,O0025771,P0141,Late Delivery,2926.49,2025-07-15
R002653,O0025771,P0872,Changed Mind,885.45,2025-07-06
R002654,O0025793,P1006,Late Delivery,685.23,2025-09-15
R002655,O0025800,P0643,Late Delivery,257.6,2026-08-18
R002656,O0025800,P1060,Late Delivery,720.06,2026-08-17
R002657,O0025806,P0687,Changed Mind,1141.01,2024-08-29
R002658,O0025811,P1304,Wrong Item,1269.04,2025-10-29
R002659,O0025820,P0640,Wrong Item,51.33,2025-04-10
R002660,O0025842,P1226,Late Delivery,199.66,2026-08-01
R002661,O0025842,P0146,Wrong Item,1616.12,2026-07-23
R002662,O0025844,P0123,Wrong Item,647.74,2026-05-10
R002663,O0025844,P0927,Late Delivery,1196.58,2026-05-07
R002664,O0025852,P1474,Changed Mind,519.31,2025-12-31
R002665,O0025852,P0700,Defective,928.11,2025-12-30
R002666,O0025885,P0171,Wrong Item,1192.25,2024-01-17
R002667,O0025912,P0992,Wrong Item,598.26,2026-03-05
R002668,O0025912,P0473,Wrong Item,536.26,2026-02-28
R002669,O0025917,P1272,Wrong Item,839.49,2024-09-13
R002670,O0025917,P0009,Wrong Item,1501.04,2024-09-14
R002671,O0025925,P0339,Late Delivery,872.21,2026-04-04
R002672,O0025943,P0268,Late Delivery,127.31,2024-07-27
R002673,O0025943,P1358,Late Delivery,3565.13,2024-07-21
R002674,O0025977,P1434,Wrong Item,1465.7,2024-08-08
R002675,O0025977,P1192,Defective,851.51,2024-08-18
R002676,O0026001,P0612,Wrong Item,1024.36,2026-07-23
R002677,O0026004,P1498,Defective,878.19,2026-02-18
R002678,O0026004,P0259,Changed Mind,1374.77,2026-02-07
R002679,O0026004,P0031,Wrong Item,561.35,2026-02-15
R002680,O0026030,P0114,Changed Mind,293.17,2024-04-09
R002681,O0026051,P0157,Changed Mind,1013.59,2026-05-01
R002682,O0026059,P0175,Changed Mind,2018.25,2026-06-10
R002683,O0026059,P0146,Late Delivery,1838.95,2026-06-19
R002684,O0026075,P1274,Wrong Item,1359.59,2025-08-13
R002685,O0026079,P0279,Changed Mind,927.56,2024-05-25
R002686,O0026105,P0480,Changed Mind,824.62,2025-10-25
R002687,O0026107,P0862,Changed Mind,936.05,2024-06-07
R002688,O0026107,P0143,Defective,317.38,2024-06-10
R002689,O0026131,P1123,Wrong Item,1135.8,2026-04-08
R002690,O0026140,P1095,Defective,991.36,2024-09-30
R002691,O0026140,P0269,Defective,280.23,2024-09-28
R002692,O0026153,P0492,Changed Mind,2679.38,2024-08-28
R002693,O0026198,P0957,Defective,1520.55,2026-02-24
R002694,O0026199,P1346,Late Delivery,454.16,2025-10-08
R002695,O0026199,P1080,Defective,916.73,2025-10-10
R002696,O0026199,P1137,Late Delivery,971.35,2025-09-26
R002697,O0026242,P0406,Late Delivery,57.18,2024-11-21
R002698,O0026248,P0110,Wrong Item,1032.72,2024-10-25
R002699,O0026248,P0575,Late Delivery,1100.63,2024-10-20
R002700,O0026249,P0683,Wrong Item,522.92,2025-12-10
R002701,O0026323,P1487,Changed Mind,2077.63,2026-01-19
R002702,O0026342,P0165,Changed Mind,409.06,2024-07-10
R002703,O0026342,P1380,Defective,3516.28,2024-07-14
R002704,O0026342,P1083,Defective,1618.54,2024-07-11
R002705,O0026362,P0854,Wrong Item,2180.55,2026-06-20
R002706,O0026362,P1397,Late Delivery,2723.67,2026-06-21
R002707,O0026362,P0770,Wrong Item,1019.27,2026-06-16
R002708,O0026374,P0216,Defective,529.26,2026-05-06
R002709,O0026380,P0355,Wrong Item,597.62,2024-09-09
R002710,O0026390,P0413,Changed Mind,687.02,2024-11-21
R002711,O0026390,P1142,Late Delivery,649.63,2024-11-21
R002712,O0026390,P1461,Late Delivery,1228.66,2024-11-10
R002713,O0026400,P0418,Wrong Item,4056.43,2025-09-20
R002714,O0026400,P1201,Late Delivery,77.17,2025-09-08
R002715,O0026416,P0423,Late Delivery,1095.47,2024-04-03
R002716,O0026423,P0454,Defective,991.76,2024-02-27
R002717,O0026438,P1207,Late Delivery,488.17,2024-12-04
R002718,O0026445,P0433,Changed Mind,521.62,2024-06-27
R002719,O0026448,P1076,Defective,264.48,2024-02-03
R002720,O0026455,P0713,Wrong Item,508.91,2025-12-19
R002721,O0026464,P0562,Defective,181.89,2024-11-14
R002722,O0026464,P0212,Wrong Item,2204.94,2024-11-13
R002723,O0026486,P0275,Changed Mind,97.23,2024-10-22
R002724,O0026486,P0136,Defective,621.53,2024-10-30
R002725,O0026486,P0066,Changed Mind,122.06,2024-10-18
R002726,O0026486,P1237,Late Delivery,1370.93,2024-10-24
R002727,O0026491,P0519,Wrong Item,58.12,2025-11-03
R002728,O0026491,P0232,Defective,943.12,2025-11-16
R002729,O0026493,P1327,Defective,1255.16,2025-05-04
R002730,O0026494,P1228,Wrong Item,994.65,2026-06-17
R002731,O0026553,P0145,Defective,396.99,2024-02-08
R002732,O0026553,P1386,Changed Mind,978.98,2024-02-01
R002733,O0026638,P1156,Wrong Item,252.22,2025-09-27
R002734,O0026656,P0263,Wrong Item,363.06,2026-01-08
R002735,O0026664,P0688,Wrong Item,709.44,2024-06-29
R002736,O0026670,P0144,Changed Mind,1374.32,2024-07-12
R002737,O0026670,P0214,Changed Mind,2105.27,2024-07-19
R002738,O0026686,P1125,Defective,1053.3,2025-06-26
R002739,O0026698,P1467,Changed Mind,927.42,2025-09-27
R002740,O0026707,P0863,Defective,472.51,2024-03-03
R002741,O0026707,P0684,Changed Mind,1029.76,2024-02-27
R002742,O0026727,P1061,Changed Mind,504.38,2026-03-24
R002743,O0026762,P1119,Changed Mind,1786.36,2025-04-28
R002744,O0026776,P1151,Defective,497.48,2024-01-30
R002745,O0026776,P1033,Changed Mind,2263.08,2024-02-02
R002746,O0026802,P0627,Late Delivery,411.34,2025-02-01
R002747,O0026804,P0012,Changed Mind,232.32,2024-08-30
R002748,O0026812,P0349,Defective,1187.53,2025-02-01
R002749,O0026830,P0297,Defective,141.36,2026-08-12
R002750,O0026830,P0522,Changed Mind,906.93,2026-08-19
R002751,O0026864,P0233,Defective,508.47,2026-05-13
R002752,O0026865,P0791,Changed Mind,724.31,2024-12-23
R002753,O0026873,P0329,Late Delivery,892.02,2024-11-21
R002754,O0026877,P0124,Changed Mind,2563.04,2025-12-22
R002755,O0026877,P0152,Defective,3775.56,2025-12-21
R002756,O0026879,P0646,Defective,2164.09,2024-05-18
R002757,O0026880,P1166,Changed Mind,97.11,2026-01-23
R002758,O0026880,P0976,Changed Mind,1171.93,2026-02-02
R002759,O0026883,P0844,Defective,1190.8,2025-05-31
R002760,O0026885,P0582,Changed Mind,596.88,2025-06-11
R002761,O0026885,P1151,Defective,1460.4,2025-06-10
R002762,O0026914,P0809,Wrong Item,1313.88,2025-10-06
R002763,O0026914,P0409,Wrong Item,1189.2,2025-10-01
R002764,O0026919,P0444,Late Delivery,946.89,2026-08-12
R002765,O0026932,P0810,Late Delivery,1629.29,2025-05-09
R002766,O0026933,P0742,Defective,836.26,2026-01-18
R002767,O0026933,P1487,Wrong Item,729.65,2026-02-01
R002768,O0026956,P0931,Defective,536.81,2026-04-18
R002769,O0026958,P0657,Defective,669.32,2025-02-11
R002770,O0026970,P1246,Wrong Item,1012.59,2026-06-11
R002771,O0026970,P0690,Changed Mind,2334.16,2026-06-19
R002772,O0026970,P0456,Wrong Item,518.91,2026-06-14
R002773,O0026970,P0621,Changed Mind,2067.78,2026-06-19
R002774,O0027041,P0013,Changed Mind,451.7,2025-04-07
R002775,O0027046,P0251,Wrong Item,512.31,2025-03-29
R002776,O0027050,P1322,Late Delivery,1118.07,2026-05-09
R002777,O0027063,P1080,Late Delivery,728.85,2024-01-23
R002778,O0027071,P1087,Defective,165.05,2026-04-19
R002779,O0027074,P0760,Changed Mind,2755.59,2025-02-25
R002780,O0027074,P0449,Wrong Item,44.76,2025-02-24
R002781,O0027074,P0879,Wrong Item,1330.69,2025-03-06
R002782,O0027076,P0373,Late Delivery,252.18,2025-09-02
R002783,O0027076,P0641,Late Delivery,1197.43,2025-08-28
R002784,O0027077,P0781,Changed Mind,1090.19,2024-11-09
R002785,O0027106,P0988,Wrong Item,2492.96,2025-07-21
R002786,O0027117,P0180,Wrong Item,1001.4,2024-02-21
R002787,O0027123,P0374,Wrong Item,319.87,2026-06-02
R002788,O0027123,P1382,Changed Mind,309.51,2026-06-06
R002789,O0027124,P1103,Wrong Item,1070.97,2024-01-15
R002790,O0027128,P0365,Wrong Item,310.97,2024-12-09
R002791,O0027128,P1416,Changed Mind,861.45,2024-12-02
R002792,O0027128,P1306,Late Delivery,46.68,2024-12-11
R002793,O0027140,P0912,Wrong Item,937.64,2024-01-08
R002794,O0027140,P1183,Changed Mind,292.47,2024-01-18
R002795,O0027140,P0085,Wrong Item,919.83,2024-01-21
R002796,O0027180,P0167,Defective,524.48,2024-11-10
R002797,O0027192,P1328,Changed Mind,857.72,2025-07-27
R002798,O0027195,P0127,Changed Mind,482.3,2026-02-26
R002799,O0027204,P1057,Changed Mind,236.01,2025-07-07
R002800,O0027226,P0207,Wrong Item,2540.32,2024-06-24
R002801,O0027227,P0549,Late Delivery,956.74,2024-08-30
R002802,O0027249,P0659,Wrong Item,2249.34,2025-09-07
R002803,O0027268,P0255,Changed Mind,1434.79,2025-05-31
R002804,O0027270,P0836,Late Delivery,4128.92,2025-09-07
R002805,O0027270,P1377,Changed Mind,1296.25,2025-08-30
R002806,O0027272,P0539,Late Delivery,667.74,2024-04-20
R002807,O0027272,P0398,Defective,845.26,2024-04-24
R002808,O0027272,P0723,Late Delivery,1010.29,2024-04-16
R002809,O0027291,P1338,Changed Mind,1851.39,2024-08-28
R002810,O0027317,P1226,Late Delivery,315.12,2024-08-31
R002811,O0027317,P0770,Changed Mind,877.89,2024-09-07
R002812,O0027329,P0988,Late Delivery,1158.23,2025-01-09
R002813,O0027367,P1493,Defective,2110.58,2024-02-18
R002814,O0027367,P1346,Defective,203.95,2024-02-20
R002815,O0027371,P0878,Changed Mind,396.72,2026-02-14
R002816,O0027408,P0332,Wrong Item,1083.03,2026-02-01
R002817,O0027430,P1087,Changed Mind,576.56,2026-05-12
R002818,O0027446,P0671,Late Delivery,166.94,2024-12-30
R002819,O0027477,P1247,Defective,2574.79,2026-08-18
R002820,O0027526,P0294,Changed Mind,250.34,2025-02-10
R002821,O0027526,P0720,Defective,466.9,2025-02-12
R002822,O0027530,P0499,Wrong Item,667.21,2024-02-27
R002823,O0027568,P0504,Late Delivery,2773.51,2024-10-21
R002824,O0027620,P0174,Wrong Item,1577.19,2026-08-17
R002825,O0027639,P0290,Defective,579.08,2024-04-17
R002826,O0027639,P1030,Wrong Item,1430.01,2024-04-29
R002827,O0027643,P0684,Defective,1296.24,2026-08-12
R002828,O0027656,P1308,Wrong Item,583.78,2026-09-12
R002829,O0027662,P1280,Late Delivery,202.51,2024-07-08
R002830,O0027672,P0017,Late Delivery,168.72,2026-07-27
R002831,O0027672,P1085,Defective,1109.23,2026-08-09
R002832,O0027672,P1421,Wrong Item,618.1,2026-07-31
R002833,O0027672,P0958,Wrong Item,149.53,2026-08-04
R002834,O0027677,P0646,Changed Mind,2191.45,2024-06-21
R002835,O0027724,P0019,Wrong Item,139.17,2026-03-29
R002836,O0027724,P1123,Late Delivery,1124.56,2026-04-02
R002837,O0027727,P0514,Changed Mind,99.12,2025-01-08
R002838,O0027727,P0585,Defective,1073.65,2025-01-14
R002839,O0027729,P1299,Defective,484.41,2026-04-06
R002840,O0027729,P1207,Late Delivery,466.39,2026-04-10
R002841,O0027745,P1193,Wrong Item,315.12,2026-02-17
R002842,O0027745,P0826,Changed Mind,622.38,2026-02-20
R002843,O0027756,P1075,Defective,865.3,2024-08-09
R002844,O0027757,P0111,Changed Mind,1005.77,2024-11-28
R002845,O0027757,P0970,Changed Mind,274.78,2024-11-24
R002846,O0027770,P0028,Late Delivery,1321.81,2024-05-05
R002847,O0027793,P0441,Late Delivery,1011.31,2024-12-19
R002848,O0027833,P1291,Changed Mind,1001.52,2025-06-09
R002849,O0027849,P0565,Defective,408.08,2026-02-11
R002850,O0027870,P0792,Late Delivery,393.99,2024-10-06
R002851,O0027870,P1120,Changed Mind,1485.39,2024-10-20
R002852,O0027877,P0991,Wrong Item,592.89,2024-12-26
R002853,O0027882,P0188,Defective,859.34,2025-06-21
R002854,O0027882,P0494,Defective,1960.69,2025-06-11
R002855,O0027884,P1371,Late Delivery,1215.59,2025-08-13
R002856,O0027903,P0573,Wrong Item,1678.51,2024-01-16
R002857,O0027920,P0053,Late Delivery,2345.07,2024-07-23
R002858,O0027921,P0070,Changed Mind,630.32,2025-06-21
R002859,O0027965,P0960,Wrong Item,1231.81,2024-09-18
R002860,O0028033,P0954,Wrong Item,383.17,2025-11-26
R002861,O0028033,P0897,Defective,978.03,2025-11-18
R002862,O0028033,P0818,Defective,3332.4,2025-11-25
R002863,O0028039,P0049,Late Delivery,844.22,2025-09-26
R002864,O0028046,P1482,Changed Mind,536.2,2025-10-12
R002865,O0028046,P0921,Changed Mind,834.69,2025-10-08
R002866,O0028070,P0154,Wrong Item,196.48,2024-01-23
R002867,O0028100,P0954,Defective,367.9,2026-05-08
R002868,O0028107,P1093,Changed Mind,3036.97,2025-08-07
R002869,O0028107,P1367,Late Delivery,846.9,2025-08-11
R002870,O0028107,P0762,Wrong Item,706.56,2025-08-18
R002871,O0028115,P1200,Late Delivery,192.72,2024-09-15
R002872,O0028116,P1221,Changed Mind,948.0,2025-10-15
R002873,O0028116,P0329,Changed Mind,827.18,2025-10-21
R002874,O0028121,P0868,Late Delivery,499.78,2024-07-22
R002875,O0028144,P0056,Defective,1425.4,2025-08-08
R002876,O0028149,P1153,Wrong Item,2647.67,2024-04-28
R002877,O0028158,P0728,Defective,1136.62,2025-02-28
R002878,O0028173,P0131,Changed Mind,1865.78,2025-08-03
R002879,O0028173,P0936,Defective,113.77,2025-07-30
R002880,O0028176,P0783,Changed Mind,4516.5,2025-11-26
R002881,O0028176,P0349,Wrong Item,1096.18,2025-11-18
R002882,O0028187,P0387,Late Delivery,991.53,2024-12-21
R002883,O0028187,P1454,Changed Mind,808.2,2025-01-05
R002884,O0028233,P0754,Changed Mind,2071.73,2025-05-11
R002885,O0028233,P1202,Late Delivery,867.87,2025-05-14
R002886,O0028239,P1437,Defective,802.38,2025-08-11
R002887,O0028272,P0745,Changed Mind,776.06,2025-06-04
R002888,O0028272,P1408,Late Delivery,1207.03,2025-06-02
R002889,O0028272,P0835,Wrong Item,556.35,2025-06-16
R002890,O0028297,P1179,Changed Mind,716.37,2024-05-14
R002891,O0028310,P1466,Wrong Item,613.61,2024-08-14
R002892,O0028336,P0733,Changed Mind,649.7,2024-03-08
R002893,O0028366,P1453,Wrong Item,930.82,2024-03-28
R002894,O0028387,P1475,Changed Mind,1000.69,2024-10-09
R002895,O0028387,P0416,Changed Mind,80.52,2024-10-10
R002896,O0028387,P0149,Late Delivery,1842.16,2024-10-19
R002897,O0028418,P1224,Late Delivery,1179.18,2024-07-28
R002898,O0028438,P0225,Wrong Item,85.09,2025-11-24
R002899,O0028438,P0488,Wrong Item,641.11,2025-11-12
R002900,O0028464,P0399,Changed Mind,101.56,2024-06-16
R002901,O0028506,P1475,Wrong Item,464.36,2025-07-30
R002902,O0028506,P1050,Late Delivery,438.11,2025-07-26
R002903,O0028506,P1371,Wrong Item,1156.83,2025-07-25
R002904,O0028527,P1480,Changed Mind,630.42,2024-08-11
R002905,O0028535,P0277,Changed Mind,181.51,2024-06-28
R002906,O0028535,P0830,Defective,593.61,2024-06-23
R002907,O0028535,P1361,Defective,303.98,2024-07-07
R002908,O0028544,P0620,Defective,902.9,2024-08-18
R002909,O0028544,P0422,Changed Mind,1902.0,2024-08-07
R002910,O0028544,P1149,Changed Mind,668.61,2024-08-16
R002911,O0028544,P1442,Late Delivery,1397.65,2024-08-10
R002912,O0028582,P0736,Changed Mind,743.91,2026-02-19
R002913,O0028585,P0473,Changed Mind,616.29,2026-07-12
R002914,O0028585,P0275,Wrong Item,90.18,2026-07-13
R002915,O0028600,P1426,Defective,172.67,2024-03-27
R002916,O0028602,P1001,Wrong Item,1021.9,2024-08-01
R002917,O0028620,P0559,Defective,1950.97,2026-01-21
R002918,O0028623,P0866,Late Delivery,1177.76,2025-10-02
R002919,O0028649,P0905,Changed Mind,1092.99,2025-09-18
R002920,O0028667,P0080,Changed Mind,826.23,2024-02-03
R002921,O0028675,P0704,Wrong Item,552.45,2026-04-23
R002922,O0028757,P1179,Wrong Item,738.49,2024-03-21
R002923,O0028762,P0090,Wrong Item,945.72,2024-11-06
R002924,O0028769,P1410,Wrong Item,152.76,2024-10-19
R002925,O0028769,P0824,Late Delivery,19.17,2024-10-19
R002926,O0028788,P1408,Wrong Item,1796.87,2024-08-25
R002927,O0028788,P0231,Defective,1180.91,2024-08-23
R002928,O0028795,P0102,Defective,773.29,2026-08-30
R002929,O0028799,P0613,Late Delivery,387.17,2025-09-10
R002930,O0028802,P0265,Changed Mind,1094.42,2026-05-17
R002931,O0028826,P0340,Wrong Item,625.97,2025-04-13
R002932,O0028826,P0668,Changed Mind,49.13,2025-04-04
R002933,O0028879,P0256,Defective,917.48,2025-07-21
R002934,O0028879,P0320,Late Delivery,1244.43,2025-07-22
R002935,O0028900,P0212,Wrong Item,2253.17,2024-05-22
R002936,O0028900,P1174,Changed Mind,340.44,2024-05-22
R002937,O0028900,P1492,Late Delivery,484.96,2024-05-12
R002938,O0028905,P1316,Changed Mind,993.37,2024-07-13
R002939,O0028932,P0624,Late Delivery,2016.14,2024-06-24
R002940,O0028932,P0841,Wrong Item,1116.66,2024-06-29
R002941,O0028960,P1438,Late Delivery,69.07,2024-12-20
R002942,O0028960,P0788,Defective,882.94,2024-12-07
R002943,O0028973,P1489,Changed Mind,1194.15,2025-03-03
R002944,O0028985,P0535,Changed Mind,453.6,2024-09-27
R002945,O0028995,P1244,Wrong Item,1039.8,2024-02-18
R002946,O0029003,P0311,Late Delivery,1313.16,2026-02-24
R002947,O0029003,P0964,Late Delivery,731.98,2026-02-20
R002948,O0029003,P0532,Changed Mind,353.56,2026-02-15
R002949,O0029032,P1402,Wrong Item,675.35,2025-10-15
R002950,O0029032,P0563,Defective,171.37,2025-10-24
R002951,O0029038,P0271,Wrong Item,1244.74,2024-08-10
R002952,O0029040,P0629,Late Delivery,63.45,2025-02-12
R002953,O0029040,P1310,Changed Mind,217.33,2025-02-17
R002954,O0029065,P0045,Wrong Item,1149.32,2024-01-19
R002955,O0029076,P1011,Changed Mind,2364.41,2025-10-22
R002956,O0029097,P0455,Wrong Item,936.56,2024-01-24
R002957,O0029097,P0624,Wrong Item,918.6,2024-01-26
R002958,O0029103,P1366,Late Delivery,146.58,2024-03-04
R002959,O0029105,P0669,Changed Mind,2577.19,2025-08-07
R002960,O0029127,P0153,Wrong Item,1153.94,2024-12-26
R002961,O0029127,P0156,Late Delivery,711.47,2024-12-18
R002962,O0029145,P0395,Late Delivery,1026.38,2025-07-06
R002963,O0029145,P0234,Defective,43.34,2025-06-29
R002964,O0029168,P0514,Late Delivery,98.97,2026-07-07
R002965,O0029170,P0134,Wrong Item,570.95,2025-02-04
R002966,O0029182,P1257,Defective,23.09,2024-01-17
R002967,O0029204,P1461,Defective,2019.67,2025-06-01
R002968,O0029224,P0804,Changed Mind,970.72,2024-03-07
R002969,O0029242,P0740,Defective,20.88,2025-07-04
R002970,O0029260,P1183,Changed Mind,285.26,2024-01-09
R002971,O0029260,P0918,Changed Mind,415.86,2024-01-21
R002972,O0029277,P0959,Late Delivery,473.42,2024-12-04
R002973,O0029277,P0708,Wrong Item,1132.97,2024-12-11
R002974,O0029278,P1032,Late Delivery,1123.57,2024-02-23
R002975,O0029298,P0203,Changed Mind,345.85,2025-09-05
R002976,O0029316,P1426,Late Delivery,169.73,2024-04-17
R002977,O0029328,P1247,Defective,1331.71,2024-04-10
R002978,O0029328,P0191,Wrong Item,1450.96,2024-04-09
R002979,O0029355,P0794,Wrong Item,2358.78,2024-09-24
R002980,O0029355,P1406,Wrong Item,2597.42,2024-09-13
R002981,O0029374,P0710,Changed Mind,685.07,2026-06-21
R002982,O0029391,P1422,Changed Mind,167.39,2026-04-10
R002983,O0029391,P1158,Defective,1137.08,2026-04-04
R002984,O0029391,P0258,Changed Mind,940.26,2026-04-08
R002985,O0029398,P0678,Defective,625.31,2024-02-24
R002986,O0029406,P0279,Changed Mind,885.82,2026-08-28
R002987,O0029423,P1270,Changed Mind,176.16,2024-06-16
R002988,O0029430,P0722,Late Delivery,1173.13,2024-03-18
R002989,O0029430,P0834,Defective,2778.61,2024-03-09
R002990,O0029430,P0305,Wrong Item,612.24,2024-03-09
R002991,O0029436,P0150,Defective,2287.95,2024-03-31
R002992,O0029451,P0020,Wrong Item,622.44,2024-02-28
R002993,O0029451,P0009,Defective,2270.49,2024-03-11
R002994,O0029459,P0447,Wrong Item,2838.61,2024-06-10
R002995,O0029495,P0463,Changed Mind,2939.37,2024-10-28
R002996,O0029520,P1155,Defective,1268.01,2024-11-22
R002997,O0029520,P1455,Defective,208.44,2024-11-18
R002998,O0029522,P1403,Changed Mind,1217.87,2024-11-30
R002999,O0029538,P1247,Defective,1329.6,2025-05-11
R003000,O0029538,P0193,Wrong Item,208.65,2025-05-20
R003001,O0029538,P1339,Changed Mind,953.72,2025-05-19
R003002,O0029538,P0666,Wrong Item,109.9,2025-05-11
R003003,O0029545,P0198,Changed Mind,934.99,2025-01-30
R003004,O0029545,P1401,Wrong Item,810.23,2025-02-04
R003005,O0029547,P1360,Wrong Item,3492.72,2025-04-23
R003006,O0029549,P0137,Wrong Item,1081.53,2025-03-09
R003007,O0029549,P1072,Defective,1173.13,2025-03-08
R003008,O0029559,P0823,Changed Mind,234.24,2025-07-01
R003009,O0029565,P0431,Wrong Item,1242.11,2024-03-15
R003010,O0029582,P0781,Defective,1106.99,2024-12-16
R003011,O0029582,P0622,Late Delivery,869.45,2024-12-06
R003012,O0029608,P1010,Wrong Item,58.88,2026-07-22
R003013,O0029608,P1249,Changed Mind,675.35,2026-07-16
R003014,O0029611,P0537,Defective,1166.96,2025-05-24
R003015,O0029611,P0135,Defective,277.74,2025-05-29
R003016,O0029624,P0010,Late Delivery,1265.33,2025-02-24
R003017,O0029631,P0441,Changed Mind,1158.37,2025-12-31
R003018,O0029651,P0043,Defective,2467.7,2024-09-20
R003019,O0029651,P1375,Defective,321.77,2024-09-18
R003020,O0029652,P0274,Late Delivery,1655.63,2025-12-05
R003021,O0029652,P0760,Late Delivery,2194.09,2025-11-29
R003022,O0029652,P1009,Late Delivery,1551.8,2025-12-03
R003023,O0029664,P0153,Late Delivery,992.3,2025-07-10
R003024,O0029668,P1451,Defective,150.03,2024-06-02
R003025,O0029668,P0586,Late Delivery,22.21,2024-06-02
R003026,O0029678,P0895,Wrong Item,1376.94,2025-08-21
R003027,O0029686,P0149,Wrong Item,979.59,2025-11-02
R003028,O0029705,P0559,Changed Mind,1761.93,2025-06-13
R003029,O0029714,P0082,Wrong Item,1050.44,2026-03-11
R003030,O0029714,P1425,Late Delivery,246.28,2026-03-04
R003031,O0029714,P0679,Late Delivery,816.9,2026-03-04
R003032,O0029723,P0058,Wrong Item,754.91,2026-06-29
R003033,O0029723,P1116,Changed Mind,1341.99,2026-06-23
R003034,O0029723,P0340,Defective,627.73,2026-07-05
R003035,O0029729,P0694,Changed Mind,100.46,2026-05-12
R003036,O0029791,P0639,Wrong Item,4065.34,2026-04-11
R003037,O0029798,P0899,Defective,525.3,2025-07-15
R003038,O0029811,P0469,Late Delivery,36.06,2024-11-19
R003039,O0029811,P0151,Late Delivery,1667.24,2024-12-04
R003040,O0029836,P0440,Defective,1888.42,2025-04-16
R003041,O0029846,P1375,Wrong Item,355.55,2024-07-24
R003042,O0029850,P0032,Late Delivery,2322.28,2025-10-15
R003043,O0029850,P0033,Defective,1078.45,2025-10-18
R003044,O0029873,P1124,Wrong Item,1038.61,2025-05-25
R003045,O0029873,P0030,Late Delivery,961.91,2025-05-22
R003046,O0029874,P0098,Changed Mind,1029.06,2024-05-02
R003047,O0029876,P0475,Defective,25.99,2025-10-26
R003048,O0029908,P0079,Wrong Item,5146.04,2024-03-01
R003049,O0029908,P1167,Changed Mind,2156.24,2024-02-29
R003050,O0029908,P0185,Wrong Item,685.78,2024-03-04
R003051,O0029908,P1285,Defective,507.31,2024-03-11
R003052,O0029917,P0388,Late Delivery,388.04,2025-09-24
R003053,O0029918,P0131,Changed Mind,1267.11,2026-06-05
R003054,O0029922,P1075,Wrong Item,1645.94,2025-07-18
R003055,O0029938,P0084,Defective,2742.84,2026-04-20
R003056,O0029938,P0894,Late Delivery,409.32,2026-04-19
R003057,O0029939,P1089,Changed Mind,1659.38,2024-12-29
R003058,O0029956,P0705,Wrong Item,1107.61,2026-06-21
R003059,O0029960,P0256,Wrong Item,1006.77,2024-09-12
R003060,O0029992,P0661,Defective,1163.12,2024-09-26
R003061,O0029994,P0350,Defective,2016.01,2025-03-13
R003062,O0030005,P1338,Wrong Item,1602.04,2025-10-22
R003063,O0030061,P0131,Defective,535.5,2026-05-11
R003064,O0030111,P1365,Wrong Item,1248.97,2025-04-17
R003065,O0030111,P1188,Changed Mind,598.41,2025-04-11
R003066,O0030115,P1308,Late Delivery,976.38,2024-01-22
R003067,O0030115,P1450,Changed Mind,120.2,2024-01-29
R003068,O0030116,P1301,Changed Mind,647.95,2025-08-12
R003069,O0030116,P0980,Changed Mind,649.56,2025-08-08
R003070,O0030116,P0066,Wrong Item,124.27,2025-08-05
R003071,O0030124,P0404,Wrong Item,478.4,2025-02-16
R003072,O0030158,P0374,Changed Mind,284.81,2024-07-12
R003073,O0030200,P0060,Wrong Item,1108.14,2024-11-20
R003074,O0030212,P0493,Changed Mind,651.21,2024-12-19
R003075,O0030212,P0108,Changed Mind,3348.75,2024-12-21
R003076,O0030246,P1441,Changed Mind,534.31,2025-03-30
R003077,O0030301,P1383,Wrong Item,938.99,2026-07-26
R003078,O0030301,P0154,Late Delivery,181.78,2026-07-25
R003079,O0030303,P0959,Late Delivery,507.44,2026-04-04
R003080,O0030303,P1456,Late Delivery,330.3,2026-03-31
R003081,O0030330,P0592,Wrong Item,258.02,2024-11-13
R003082,O0030339,P1344,Changed Mind,1218.26,2025-01-21
R003083,O0030339,P1425,Changed Mind,223.81,2025-01-30
R003084,O0030363,P0017,Late Delivery,166.79,2026-01-23
R003085,O0030374,P1177,Changed Mind,2303.7,2024-12-28
R003086,O0030374,P1273,Changed Mind,445.2,2025-01-09
R003087,O0030386,P1082,Late Delivery,345.42,2025-12-18
R003088,O0030389,P0874,Wrong Item,1199.88,2026-03-11
R003089,O0030401,P1354,Late Delivery,448.25,2026-03-13
R003090,O0030401,P0760,Defective,1158.28,2026-03-16
R003091,O0030401,P0169,Late Delivery,812.24,2026-03-03
R003092,O0030407,P0007,Wrong Item,276.54,2025-08-02
R003093,O0030407,P1406,Late Delivery,997.57,2025-08-07
R003094,O0030435,P1018,Defective,880.69,2025-02-14
R003095,O0030440,P0920,Changed Mind,544.96,2024-02-28
R003096,O0030448,P0553,Late Delivery,545.2,2026-07-19
R003097,O0030448,P0311,Changed Mind,1212.59,2026-07-20
R003098,O0030449,P0358,Defective,3614.44,2024-07-07
R003099,O0030450,P0209,Changed Mind,748.27,2025-01-23
R003100,O0030455,P0757,Late Delivery,2750.11,2026-04-17
R003101,O0030458,P1478,Wrong Item,2009.4,2026-06-28
R003102,O0030460,P1053,Defective,793.34,2026-01-15
R003103,O0030460,P1497,Late Delivery,674.24,2026-01-12
R003104,O0030473,P0100,Defective,308.49,2025-06-27
R003105,O0030477,P0688,Defective,1525.77,2024-10-23
R003106,O0030477,P0205,Late Delivery,822.53,2024-10-26
R003107,O0030487,P0680,Changed Mind,909.72,2024-07-04
R003108,O0030509,P1310,Late Delivery,399.75,2024-11-27
R003109,O0030509,P0614,Wrong Item,1062.0,2024-12-09
R003110,O0030525,P0674,Defective,712.45,2025-05-09
R003111,O0030540,P0142,Defective,214.32,2025-01-18
R003112,O0030569,P1494,Late Delivery,1731.62,2024-12-08
R003113,O0030577,P1050,Late Delivery,201.52,2024-06-06
R003114,O0030577,P1486,Changed Mind,198.5,2024-06-07
R003115,O0030589,P1121,Changed Mind,1161.55,2025-06-27
R003116,O0030621,P0720,Defective,484.95,2024-11-23
R003117,O0030621,P0954,Late Delivery,395.8,2024-11-13
R003118,O0030621,P0410,Changed Mind,1050.93,2024-11-23
R003119,O0030689,P0806,Changed Mind,719.3,2024-10-06
R003120,O0030711,P0494,Defective,608.57,2025-02-24
R003121,O0030713,P0651,Wrong Item,551.96,2025-11-05
R003122,O0030724,P0094,Changed Mind,199.76,2026-04-22
R003123,O0030724,P1132,Changed Mind,723.77,2026-04-13
R003124,O0030729,P0873,Late Delivery,1121.93,2025-07-12
R003125,O0030750,P0101,Wrong Item,87.95,2025-10-01
R003126,O0030750,P1358,Defective,1043.7,2025-10-10
R003127,O0030750,P0922,Changed Mind,591.07,2025-10-14
R003128,O0030760,P1186,Late Delivery,411.57,2026-06-14
R003129,O0030763,P0900,Wrong Item,824.54,2026-08-04
R003130,O0030768,P0742,Defective,2499.75,2025-07-02
R003131,O0030777,P1032,Wrong Item,892.72,2025-01-22
R003132,O0030777,P0574,Defective,1357.03,2025-01-28
R003133,O0030822,P1418,Changed Mind,1995.95,2026-08-13
R003134,O0030832,P0419,Defective,1377.98,2024-08-14
R003135,O0030832,P0569,Defective,1078.73,2024-08-09
R003136,O0030849,P0767,Changed Mind,50.05,2024-03-30
R003137,O0030849,P0696,Changed Mind,543.18,2024-03-20
R003138,O0030877,P1108,Defective,1117.47,2025-10-02
R003139,O0030901,P0244,Late Delivery,783.57,2025-03-12
R003140,O0030912,P0453,Wrong Item,951.94,2025-03-27
R003141,O0030912,P0645,Defective,2216.85,2025-03-28
R003142,O0030912,P1238,Changed Mind,734.55,2025-04-03
R003143,O0030913,P0430,Changed Mind,579.96,2024-02-20
R003144,O0030937,P0164,Defective,39.58,2026-01-03
R003145,O0030937,P1381,Defective,448.29,2026-01-11
R003146,O0030944,P1229,Wrong Item,2068.03,2024-02-28
R003147,O0030962,P0221,Late Delivery,2484.81,2025-07-25
R003148,O0030962,P1073,Late Delivery,2015.11,2025-08-05
R003149,O0030962,P0792,Changed Mind,454.03,2025-08-05
R003150,O0030970,P1161,Late Delivery,1212.7,2025-02-02
R003151,O0030970,P0141,Wrong Item,1031.14,2025-02-08
R003152,O0030994,P0691,Changed Mind,3098.27,2025-12-26
R003153,O0030994,P0982,Late Delivery,167.02,2025-12-29
R003154,O0031004,P0047,Late Delivery,916.47,2025-07-18
R003155,O0031004,P0363,Wrong Item,972.36,2025-07-19
R003156,O0031009,P0977,Wrong Item,443.21,2025-05-29
R003157,O0031009,P0774,Wrong Item,469.15,2025-06-02
R003158,O0031009,P0812,Wrong Item,987.84,2025-06-05
R003159,O0031010,P0313,Defective,1082.78,2024-10-31
R003160,O0031010,P0590,Late Delivery,1414.48,2024-10-29
R003161,O0031010,P1051,Wrong Item,171.39,2024-10-20
R003162,O0031035,P0150,Defective,703.29,2025-08-15
R003163,O0031067,P1213,Defective,1183.12,2024-02-17
R003164,O0031069,P1155,Defective,314.25,2026-01-15
R003165,O0031093,P0827,Changed Mind,875.71,2026-04-20
R003166,O0031093,P0856,Late Delivery,1928.92,2026-04-15
R003167,O0031095,P0023,Defective,1148.19,2026-05-19
R003168,O0031097,P0640,Changed Mind,55.53,2025-06-08
R003169,O0031111,P0193,Wrong Item,242.65,2026-08-21
R003170,O0031137,P0462,Defective,264.44,2024-11-13
R003171,O0031147,P0112,Late Delivery,186.81,2026-04-01
R003172,O0031193,P1084,Wrong Item,352.72,2026-06-05
R003173,O0031209,P0791,Changed Mind,716.7,2024-05-14
R003174,O0031218,P0098,Wrong Item,2437.7,2025-02-09
R003175,O0031218,P0626,Changed Mind,561.17,2025-01-28
R003176,O0031223,P1373,Wrong Item,572.91,2026-06-06
R003177,O0031234,P0533,Defective,2082.31,2024-07-02
R003178,O0031234,P0992,Wrong Item,730.94,2024-07-15
R003179,O0031260,P0363,Wrong Item,2180.58,2024-08-17
R003180,O0031260,P1446,Wrong Item,24.77,2024-08-27
R003181,O0031263,P0300,Changed Mind,965.71,2024-11-27
R003182,O0031291,P0525,Changed Mind,678.56,2024-06-01
R003183,O0031291,P0004,Changed Mind,924.71,2024-06-08
R003184,O0031325,P0137,Defective,550.41,2026-06-13
R003185,O0031325,P1455,Late Delivery,425.76,2026-05-28
R003186,O0031325,P0774,Defective,493.25,2026-06-03
R003187,O0031348,P0004,Defective,1761.94,2025-10-27
R003188,O0031348,P0019,Wrong Item,169.6,2025-10-26
R003189,O0031374,P1203,Changed Mind,3901.53,2025-02-04
R003190,O0031387,P0339,Wrong Item,2017.89,2025-09-01
R003191,O0031429,P0923,Late Delivery,869.98,2025-07-16
R003192,O0031432,P1041,Late Delivery,43.31,2025-06-13
R003193,O0031470,P0992,Defective,685.0,2025-03-06
R003194,O0031470,P1170,Wrong Item,788.67,2025-03-02
R003195,O0031478,P0516,Defective,128.84,2024-11-25
R003196,O0031478,P1420,Wrong Item,1052.59,2024-11-21
R003197,O0031489,P1185,Late Delivery,90.08,2025-02-24
R003198,O0031489,P0109,Defective,1281.99,2025-02-10
R003199,O0031497,P0631,Wrong Item,600.6,2026-05-16
R003200,O0031497,P1206,Wrong Item,689.76,2026-05-15
R003201,O0031501,P0115,Late Delivery,1449.07,2024-12-03
R003202,O0031505,P0770,Changed Mind,1954.62,2025-11-24
R003203,O0031510,P1208,Wrong Item,310.05,2026-09-03
R003204,O0031510,P1168,Defective,952.36,2026-08-31
R003205,O0031537,P0733,Defective,159.79,2024-07-05
R003206,O0031540,P0911,Changed Mind,408.93,2024-09-22
R003207,O0031561,P0522,Wrong Item,2515.24,2026-07-15
R003208,O0031626,P1274,Changed Mind,2334.37,2025-08-27
R003209,O0031633,P1471,Changed Mind,945.89,2024-11-30
R003210,O0031633,P0406,Changed Mind,153.97,2024-11-29
R003211,O0031635,P0782,Late Delivery,1172.71,2026-07-10
R003212,O0031635,P0465,Wrong Item,1063.94,2026-07-22
R003213,O0031654,P0481,Wrong Item,234.06,2025-04-22
R003214,O0031699,P0382,Late Delivery,634.94,2026-02-20
R003215,O0031728,P0402,Defective,1259.81,2024-08-27
R003216,O0031728,P0354,Late Delivery,2068.56,2024-09-11
R003217,O0031728,P1469,Late Delivery,3319.18,2024-09-13
R003218,O0031764,P1263,Defective,1022.66,2024-07-07
R003219,O0031769,P1241,Wrong Item,41.66,2025-11-11
R003220,O0031769,P1492,Changed Mind,478.67,2025-11-05
R003221,O0031779,P1430,Changed Mind,32.15,2024-04-23
R003222,O0031789,P1346,Changed Mind,209.18,2024-12-07
R003223,O0031798,P0346,Defective,867.05,2026-02-11
R003224,O0031815,P0176,Wrong Item,1254.26,2025-02-09
R003225,O0031851,P0303,Defective,3050.21,2025-11-30
R003226,O0031851,P0609,Changed Mind,950.6,2025-12-09
R003227,O0031851,P0153,Defective,1222.65,2025-11-24
R003228,O0031877,P0429,Wrong Item,964.41,2026-01-24
R003229,O0031881,P0918,Late Delivery,1164.52,2024-09-18
R003230,O0031883,P0234,Wrong Item,42.01,2024-11-16
R003231,O0031883,P0938,Late Delivery,736.58,2024-11-22
R003232,O0031906,P1106,Defective,1018.57,2026-05-17
R003233,O0031910,P1108,Changed Mind,1164.45,2025-09-05
R003234,O0031917,P0504,Wrong Item,1359.3,2026-05-06
R003235,O0031931,P1051,Defective,188.19,2025-09-04
R003236,O0031931,P1295,Late Delivery,3129.08,2025-09-15
R003237,O0031941,P1240,Late Delivery,419.49,2025-03-31
R003238,O0031943,P1353,Defective,1156.95,2026-05-09
R003239,O0031950,P0636,Wrong Item,1239.99,2025-04-01
R003240,O0031950,P1436,Wrong Item,744.09,2025-03-29
R003241,O0031957,P1191,Changed Mind,1229.57,2026-04-14
R003242,O0031970,P0849,Changed Mind,399.09,2026-06-08
R003243,O0031972,P1308,Defective,1089.3,2025-07-10
R003244,O0031973,P1343,Late Delivery,667.07,2025-10-11
R003245,O0031974,P0426,Changed Mind,278.21,2025-01-31
R003246,O0031974,P0026,Wrong Item,1076.13,2025-01-26
R003247,O0031991,P0527,Changed Mind,330.07,2024-12-15
R003248,O0031991,P1340,Changed Mind,153.48,2024-12-21
R003249,O0032006,P0846,Changed Mind,171.47,2026-04-14
R003250,O0032049,P0965,Late Delivery,364.62,2024-08-22
R003251,O0032049,P0979,Late Delivery,1168.42,2024-08-22
R003252,O0032078,P0058,Wrong Item,806.29,2026-06-30
R003253,O0032078,P0641,Changed Mind,2098.2,2026-07-11
R003254,O0032081,P0843,Wrong Item,1069.91,2026-06-27
R003255,O0032104,P0249,Wrong Item,880.08,2025-09-30
R003256,O0032104,P0704,Changed Mind,535.33,2025-09-26
R003257,O0032107,P1093,Wrong Item,612.82,2025-08-17
R003258,O0032107,P1236,Changed Mind,112.38,2025-08-28
R003259,O0032116,P1329,Defective,691.44,2024-05-18
R003260,O0032125,P0220,Defective,1704.72,2024-04-14
R003261,O0032125,P0655,Late Delivery,3994.99,2024-03-30
R003262,O0032133,P0321,Defective,1139.01,2024-11-12
R003263,O0032133,P0884,Late Delivery,218.08,2024-11-12
R003264,O0032151,P0501,Changed Mind,118.35,2025-02-02
R003265,O0032151,P0664,Changed Mind,395.55,2025-02-09
R003266,O0032188,P0268,Late Delivery,145.51,2024-07-10
R003267,O0032190,P0827,Late Delivery,772.09,2024-06-08
R003268,O0032232,P1187,Wrong Item,976.78,2025-01-06
R003269,O0032235,P1318,Defective,2042.51,2025-03-23
R003270,O0032285,P1339,Defective,999.17,2025-02-08
R003271,O0032285,P0498,Changed Mind,36.51,2025-02-01
R003272,O0032285,P0359,Defective,273.94,2025-02-18
R003273,O0032290,P1477,Changed Mind,2174.08,2025-02-04
R003274,O0032305,P0608,Defective,74.6,2024-07-12
R003275,O0032305,P0089,Late Delivery,873.39,2024-06-29
R003276,O0032320,P0657,Wrong Item,683.05,2025-08-17
R003277,O0032320,P0659,Wrong Item,1249.43,2025-08-15
R003278,O0032320,P0302,Wrong Item,4041.36,2025-08-29
R003279,O0032326,P0652,Defective,170.67,2026-04-14
R003280,O0032326,P0739,Changed Mind,187.55,2026-04-05
R003281,O0032351,P1182,Defective,852.18,2026-09-12
R003282,O0032391,P0231,Defective,3624.5,2024-03-18
R003283,O0032397,P0126,Wrong Item,54.08,2025-01-27
R003284,O0032411,P0702,Late Delivery,1312.88,2024-08-09
R003285,O0032411,P1071,Wrong Item,433.36,2024-08-09
R003286,O0032411,P0441,Wrong Item,1050.96,2024-08-12
R003287,O0032429,P0759,Wrong Item,2328.88,2024-01-27
R003288,O0032429,P1004,Wrong Item,1025.66,2024-01-14
R003289,O0032429,P1285,Defective,474.23,2024-01-22
R003290,O0032455,P0709,Wrong Item,931.28,2024-08-14
R003291,O0032455,P0638,Changed Mind,1149.83,2024-08-27
R003292,O0032455,P0326,Defective,743.77,2024-08-29
R003293,O0032462,P0318,Late Delivery,464.77,2024-09-12
R003294,O0032464,P0803,Defective,220.99,2026-05-04
R003295,O0032495,P1222,Late Delivery,950.15,2024-04-21
R003296,O0032506,P0385,Defective,623.08,2024-04-18
R003297,O0032512,P0497,Changed Mind,1266.79,2024-07-21
R003298,O0032512,P0621,Late Delivery,2703.99,2024-07-24
R003299,O0032512,P0718,Wrong Item,228.08,2024-07-17
R003300,O0032544,P0689,Changed Mind,5038.49,2024-05-27
R003301,O0032544,P0828,Changed Mind,585.09,2024-05-23
R003302,O0032551,P0608,Defective,35.6,2024-11-12
R003303,O0032561,P1010,Defective,61.82,2024-12-18
R003304,O0032561,P1391,Defective,880.2,2024-12-19
R003305,O0032561,P1372,Wrong Item,1373.68,2024-12-18
R003306,O0032591,P1094,Defective,1223.39,2025-02-08
R003307,O0032591,P1024,Late Delivery,1309.65,2025-02-06
R003308,O0032592,P1056,Late Delivery,313.06,2025-06-16
R003309,O0032593,P0799,Changed Mind,1505.36,2024-04-02
R003310,O0032594,P0204,Changed Mind,426.81,2026-02-11
R003311,O0032613,P0803,Defective,235.27,2025-11-12
R003312,O0032623,P0705,Changed Mind,597.08,2026-05-23
R003313,O0032623,P1329,Defective,641.75,2026-05-19
R003314,O0032623,P0621,Defective,1162.53,2026-05-30
R003315,O0032626,P1487,Wrong Item,791.19,2025-09-03
R003316,O0032665,P0815,Late Delivery,2122.56,2025-10-21
R003317,O0032665,P1184,Late Delivery,3321.18,2025-10-26
R003318,O0032674,P0097,Defective,1255.78,2026-03-17
R003319,O0032681,P1208,Wrong Item,158.1,2024-11-16
R003320,O0032690,P1244,Changed Mind,2411.87,2026-04-30
R003321,O0032690,P0086,Defective,601.7,2026-05-06
R003322,O0032697,P0648,Defective,145.37,2024-06-25
R003323,O0032697,P1294,Wrong Item,743.43,2024-07-04
R003324,O0032702,P1288,Defective,2226.97,2026-06-01
R003325,O0032706,P0082,Changed Mind,904.31,2025-10-14
R003326,O0032706,P1141,Changed Mind,618.05,2025-10-15
R003327,O0032728,P1121,Wrong Item,2368.35,2025-03-16
R003328,O0032742,P0108,Wrong Item,1146.73,2024-12-18
R003329,O0032742,P0187,Wrong Item,229.98,2024-12-20
R003330,O0032743,P1212,Wrong Item,584.37,2024-06-08
R003331,O0032756,P0841,Changed Mind,1042.62,2026-03-26
R003332,O0032762,P0140,Defective,3378.31,2025-12-15
R003333,O0032770,P0233,Late Delivery,570.7,2026-06-25
R003334,O0032770,P0638,Late Delivery,1151.19,2026-06-18
R003335,O0032801,P0860,Defective,50.27,2024-04-30
R003336,O0032810,P0382,Wrong Item,950.7,2026-04-24
R003337,O0032810,P0202,Defective,1065.67,2026-04-25
R003338,O0032810,P0577,Wrong Item,243.27,2026-05-06
R003339,O0032811,P0129,Wrong Item,1175.8,2024-07-30
R003340,O0032811,P0258,Wrong Item,961.31,2024-08-03
R003341,O0032814,P0820,Late Delivery,271.24,2024-01-25
R003342,O0032814,P0906,Changed Mind,613.27,2024-02-04
R003343,O0032816,P0028,Late Delivery,1340.34,2026-08-12
R003344,O0032816,P0514,Wrong Item,100.48,2026-08-20
R003345,O0032816,P0070,Wrong Item,1338.45,2026-08-16
R003346,O0032826,P0927,Defective,1213.15,2025-01-01
R003347,O0032826,P0983,Changed Mind,1134.46,2024-12-15
R003348,O0032865,P1369,Wrong Item,924.17,2026-01-25
R003349,O0032865,P1208,Wrong Item,174.93,2026-01-30
R003350,O0032874,P1041,Changed Mind,46.64,2024-02-23
R003351,O0032919,P0796,Late Delivery,753.98,2026-01-18
R003352,O0032919,P1249,Defective,770.16,2026-01-09
R003353,O0032924,P0482,Wrong Item,142.58,2026-07-29
R003354,O0032924,P0812,Changed Mind,2023.05,2026-07-29
R003355,O0032929,P0081,Wrong Item,155.22,2024-10-29
R003356,O0032929,P0368,Defective,959.57,2024-10-16
R003357,O0032929,P1404,Changed Mind,520.54,2024-10-23
R003358,O0032931,P0322,Defective,857.13,2025-01-03
R003359,O0032931,P1086,Changed Mind,713.56,2025-01-10
R003360,O0032937,P1118,Late Delivery,855.53,2025-12-19
R003361,O0032937,P0372,Changed Mind,967.07,2025-12-31
R003362,O0032957,P0305,Wrong Item,702.91,2026-01-29
R003363,O0032957,P1280,Changed Mind,103.47,2026-01-20
R003364,O0032959,P1383,Late Delivery,2933.21,2024-11-28
R003365,O0032959,P0561,Changed Mind,639.32,2024-12-08
R003366,O0033007,P0827,Wrong Item,245.63,2025-01-26
R003367,O0033007,P0291,Defective,530.76,2025-02-02
R003368,O0033031,P1341,Defective,937.52,2025-01-28
R003369,O0033042,P0332,Defective,1393.5,2025-03-28
R003370,O0033042,P0491,Late Delivery,750.43,2025-03-23
R003371,O0033054,P0750,Changed Mind,293.83,2025-02-15
R003372,O0033065,P0344,Changed Mind,2510.42,2024-12-14
R003373,O0033067,P0272,Changed Mind,1341.67,2024-06-29
R003374,O0033095,P0207,Wrong Item,2859.5,2024-05-14
R003375,O0033119,P0755,Defective,391.85,2025-06-19
R003376,O0033174,P0180,Wrong Item,948.43,2026-01-23
R003377,O0033179,P0796,Wrong Item,385.66,2025-06-24
R003378,O0033183,P0846,Late Delivery,289.91,2024-04-15
R003379,O0033199,P0726,Late Delivery,104.13,2025-11-27
R003380,O0033212,P1075,Changed Mind,760.04,2024-10-12
R003381,O0033223,P0058,Changed Mind,911.75,2024-06-26
R003382,O0033223,P0693,Late Delivery,2508.93,2024-07-09
R003383,O0033251,P1448,Late Delivery,1043.45,2026-06-19
R003384,O0033259,P0515,Defective,1338.86,2026-04-04
R003385,O0033263,P0560,Defective,930.76,2024-10-10
R003386,O0033311,P0873,Late Delivery,1251.87,2025-03-10
R003387,O0033311,P0117,Wrong Item,1386.64,2025-03-03
R003388,O0033311,P0529,Wrong Item,3378.72,2025-03-16
R003389,O0033317,P1190,Late Delivery,674.04,2025-09-04
R003390,O0033318,P0233,Defective,1017.06,2024-07-07
R003391,O0033318,P0217,Wrong Item,692.67,2024-06-30
R003392,O0033318,P1106,Changed Mind,226.05,2024-06-23
R003393,O0033369,P1091,Wrong Item,234.25,2025-11-09
R003394,O0033369,P0239,Changed Mind,694.6,2025-11-10
R003395,O0033369,P0293,Defective,592.66,2025-11-22
R003396,O0033374,P0031,Changed Mind,687.68,2025-06-10
R003397,O0033394,P0336,Wrong Item,34.15,2025-10-08
R003398,O0033414,P0248,Wrong Item,31.71,2026-09-05
R003399,O0033414,P0709,Wrong Item,885.71,2026-08-26
R003400,O0033425,P0149,Wrong Item,1679.03,2025-12-31
R003401,O0033448,P0644,Defective,557.01,2026-03-26
R003402,O0033448,P0405,Defective,413.77,2026-04-07
R003403,O0033468,P1462,Changed Mind,245.82,2024-01-16
R003404,O0033472,P0717,Defective,609.18,2025-04-13
R003405,O0033472,P0974,Defective,240.2,2025-04-16
R003406,O0033472,P1216,Defective,897.16,2025-04-20
R003407,O0033472,P0287,Late Delivery,2621.83,2025-04-20
R003408,O0033493,P0248,Wrong Item,28.15,2025-07-13
R003409,O0033497,P0276,Defective,926.83,2025-11-23
R003410,O0033510,P0880,Defective,1103.65,2025-03-11
R003411,O0033515,P0190,Wrong Item,178.35,2025-04-29
R003412,O0033537,P0575,Wrong Item,1106.87,2024-08-21
R003413,O0033538,P1359,Changed Mind,813.55,2024-03-25
R003414,O0033543,P0611,Changed Mind,500.1,2024-05-27
R003415,O0033543,P1078,Changed Mind,2125.95,2024-06-06
R003416,O0033543,P1045,Defective,808.17,2024-06-11
R003417,O0033584,P0766,Changed Mind,125.56,2026-02-27
R003418,O0033594,P0028,Changed Mind,1177.79,2025-11-22
R003419,O0033595,P1468,Late Delivery,647.93,2026-06-28
R003420,O0033599,P1027,Wrong Item,1028.74,2025-04-23
R003421,O0033605,P0581,Defective,335.23,2025-05-20
R003422,O0033633,P1291,Late Delivery,939.28,2026-03-16
R003423,O0033633,P0132,Defective,1292.76,2026-03-10
R003424,O0033633,P0543,Wrong Item,86.54,2026-03-23
R003425,O0033644,P1099,Late Delivery,2106.14,2024-04-02
R003426,O0033650,P0445,Changed Mind,133.23,2024-12-16
R003427,O0033669,P1416,Changed Mind,917.76,2026-03-24
R003428,O0033679,P0174,Changed Mind,2141.89,2026-08-07
R003429,O0033693,P0288,Changed Mind,662.63,2026-08-09
R003430,O0033693,P0536,Changed Mind,862.27,2026-07-23
R003431,O0033703,P0240,Wrong Item,3651.76,2024-12-31
R003432,O0033704,P0832,Wrong Item,450.95,2024-07-02
R003433,O0033770,P1173,Wrong Item,601.18,2024-06-04
R003434,O0033777,P0921,Defective,1616.64,2024-12-07
R003435,O0033785,P0128,Changed Mind,622.94,2024-03-16
R003436,O0033843,P0286,Defective,2698.02,2025-11-19
R003437,O0033843,P0135,Wrong Item,344.64,2025-11-10
R003438,O0033843,P0774,Wrong Item,493.41,2025-11-08
R003439,O0033888,P1199,Defective,1680.34,2026-07-18
R003440,O0033888,P0265,Defective,1094.42,2026-07-07
R003441,O0033888,P0296,Defective,523.4,2026-07-13
R003442,O0033932,P0123,Late Delivery,600.82,2025-06-23
R003443,O0033932,P1142,Defective,760.97,2025-06-19
R003444,O0033932,P0960,Late Delivery,1081.1,2025-06-20
R003445,O0033932,P0064,Changed Mind,2551.41,2025-06-21
R003446,O0033959,P0152,Changed Mind,1273.94,2026-06-17
R003447,O0033984,P0373,Late Delivery,261.29,2025-05-15
R003448,O0033984,P0057,Wrong Item,1045.81,2025-05-14
R003449,O0033988,P0705,Wrong Item,586.84,2024-08-23
R003450,O0033988,P0159,Changed Mind,1758.99,2024-09-02
R003451,O0033994,P0033,Late Delivery,1097.29,2024-02-02
R003452,O0033994,P1428,Changed Mind,138.6,2024-01-18
R003453,O0033994,P0013,Late Delivery,496.58,2024-01-23
R003454,O0033996,P0455,Wrong Item,936.56,2025-02-22
R003455,O0033996,P1081,Late Delivery,305.99,2025-02-13
R003456,O0033996,P1359,Defective,758.84,2025-02-14
R003457,O0034003,P0666,Wrong Item,126.06,2026-05-21
R003458,O0034019,P1097,Defective,918.45,2024-06-16
R003459,O0034038,P0004,Changed Mind,3880.25,2026-04-10
R003460,O0034038,P0502,Wrong Item,833.08,2026-04-04
R003461,O0034078,P0371,Late Delivery,228.12,2024-08-09
R003462,O0034078,P1032,Defective,2180.38,2024-08-04
R003463,O0034094,P0819,Wrong Item,790.64,2024-06-13
R003464,O0034094,P0463,Late Delivery,1099.58,2024-06-22
R003465,O0034100,P0734,Changed Mind,1063.33,2025-06-10
R003466,O0034100,P0999,Late Delivery,884.38,2025-06-06
R003467,O0034101,P1081,Late Delivery,317.26,2024-10-25
R003468,O0034101,P1274,Changed Mind,750.75,2024-11-10
R003469,O0034101,P0498,Defective,134.13,2024-11-08
R003470,O0034124,P0839,Defective,501.48,2024-02-28
R003471,O0034124,P1235,Late Delivery,1339.52,2024-03-07
R003472,O0034124,P0382,Changed Mind,284.58,2024-03-06
R003473,O0034124,P0115,Defective,1480.76,2024-03-09
R003474,O0034172,P0487,Late Delivery,185.03,2025-10-27
R003475,O0034175,P1017,Defective,1855.72,2025-11-27
R003476,O0034179,P1355,Wrong Item,1996.06,2025-01-12
R003477,O0034190,P0978,Defective,2612.49,2024-05-16
R003478,O0034242,P0607,Wrong Item,1475.04,2025-01-20
R003479,O0034242,P0717,Wrong Item,868.99,2025-01-26
R003480,O0034246,P0334,Changed Mind,605.12,2024-10-27
R003481,O0034246,P0343,Changed Mind,1808.16,2024-10-21
R003482,O0034257,P0661,Wrong Item,1053.9,2025-09-12
R003483,O0034325,P1472,Changed Mind,1022.22,2025-06-01
R003484,O0034325,P0033,Late Delivery,1058.45,2025-06-01
R003485,O0034325,P1075,Defective,880.0,2025-05-26
R003486,O0034372,P1410,Changed Mind,140.35,2024-07-30
R003487,O0034381,P1426,Wrong Item,352.96,2026-09-11
R003488,O0034398,P0307,Defective,803.71,2024-10-24
R003489,O0034409,P0262,Defective,992.24,2024-05-24
R003490,O0034409,P1346,Late Delivery,449.56,2024-05-24
R003491,O0034415,P0862,Defective,748.1,2026-07-09
R003492,O0034415,P0275,Defective,91.54,2026-07-19
R003493,O0034417,P0524,Late Delivery,350.97,2024-11-01
R003494,O0034421,P0217,Wrong Item,400.13,2025-12-12
R003495,O0034429,P0268,Changed Mind,138.94,2024-05-15
R003496,O0034441,P0460,Late Delivery,528.57,2025-06-13
R003497,O0034471,P1023,Defective,2581.02,2025-01-19
R003498,O0034472,P1158,Wrong Item,1058.0,2026-03-24
R003499,O0034472,P1093,Wrong Item,1426.78,2026-03-21
R003500,O0034478,P1219,Defective,228.98,2024-05-19
R003501,O0034480,P1456,Changed Mind,409.45,2024-09-12
R003502,O0034480,P0935,Defective,1371.21,2024-09-14
R003503,O0034480,P0294,Changed Mind,479.29,2024-09-13
R003504,O0034513,P1384,Wrong Item,339.15,2025-03-26
R003505,O0034569,P0161,Defective,700.79,2026-05-25
R003506,O0034569,P1284,Defective,588.1,2026-06-04
R003507,O0034616,P0673,Wrong Item,212.16,2024-02-05
R003508,O0034627,P0187,Wrong Item,206.8,2024-11-04
R003509,O0034627,P0623,Wrong Item,171.3,2024-10-25
R003510,O0034627,P1161,Wrong Item,1216.06,2024-11-01
R003511,O0034633,P1350,Late Delivery,1357.86,2025-05-26
R003512,O0034646,P0707,Late Delivery,912.84,2025-03-01
R003513,O0034656,P0216,Late Delivery,914.07,2024-12-05
R003514,O0034656,P0416,Changed Mind,91.88,2024-12-09
R003515,O0034676,P0914,Wrong Item,986.44,2026-02-24
R003516,O0034676,P0756,Changed Mind,702.44,2026-02-16
R003517,O0034682,P1229,Defective,650.43,2026-05-19
R003518,O0034708,P1149,Changed Mind,676.91,2025-08-07
R003519,O0034716,P0354,Wrong Item,1094.13,2024-06-01
R003520,O0034716,P1413,Late Delivery,802.82,2024-06-01
R003521,O0034717,P0111,Late Delivery,1230.39,2026-03-16
R003522,O0034749,P0704,Late Delivery,561.23,2026-04-10
R003523,O0034749,P1469,Defective,1192.42,2026-04-06
R003524,O0034749,P0468,Wrong Item,264.04,2026-04-07
R003525,O0034749,P0778,Defective,130.22,2026-04-13
R003526,O0034782,P0128,Late Delivery,1087.35,2025-01-28
R003527,O0034786,P1044,Wrong Item,1023.69,2025-11-30
R003528,O0034801,P0736,Late Delivery,1335.5,2026-02-22
R003529,O0034801,P0084,Defective,813.34,2026-02-23
R003530,O0034804,P0037,Defective,1344.43,2025-01-19
R003531,O0034804,P0864,Late Delivery,198.78,2025-01-24
R003532,O0034848,P0623,Defective,168.16,2024-07-29
R003533,O0034848,P0691,Changed Mind,1003.94,2024-08-04
R003534,O0034848,P0099,Changed Mind,78.63,2024-08-05
R003535,O0034870,P0148,Changed Mind,603.77,2026-07-08
R003536,O0034901,P0068,Defective,975.13,2025-09-20
R003537,O0034913,P0047,Changed Mind,300.02,2026-08-15
R003538,O0034913,P0817,Defective,634.91,2026-08-13
R003539,O0034931,P0902,Wrong Item,1042.21,2026-08-08
R003540,O0034931,P1092,Changed Mind,637.65,2026-08-04
R003541,O0034931,P0938,Late Delivery,1566.86,2026-08-10
R003542,O0034937,P0388,Late Delivery,480.25,2025-01-23
R003543,O0034937,P0492,Defective,1318.84,2025-01-14
R003544,O0034940,P0657,Changed Mind,647.51,2025-11-21
R003545,O0034944,P0879,Late Delivery,4088.0,2025-12-01
R003546,O0034945,P0022,Wrong Item,831.93,2025-07-31
R003547,O0034945,P1469,Wrong Item,1305.77,2025-07-29
R003548,O0034957,P0061,Late Delivery,673.0,2025-04-11
R003549,O0034957,P1455,Changed Mind,586.5,2025-03-27
R003550,O0034967,P0815,Late Delivery,555.46,2024-04-27
R003551,O0034977,P0739,Changed Mind,167.9,2024-06-11
R003552,O0034977,P1218,Changed Mind,1131.79,2024-06-13
R003553,O0034977,P0220,Defective,829.37,2024-06-01
R003554,O0034990,P0202,Late Delivery,1064.37,2025-09-10
R003555,O0035013,P0698,Late Delivery,202.58,2025-12-31
R003556,O0035030,P0152,Late Delivery,1360.21,2026-06-17
R003557,O0035030,P1331,Defective,1944.96,2026-06-03
R003558,O0035039,P0326,Defective,748.23,2024-08-20
R003559,O0035039,P0599,Late Delivery,2881.73,2024-08-11
R003560,O0035069,P0614,Changed Mind,4562.52,2024-10-17
R003561,O0035082,P0241,Changed Mind,501.5,2024-07-14
R003562,O0035082,P0918,Late Delivery,931.85,2024-07-17
R003563,O0035102,P0725,Wrong Item,979.27,2026-06-28
R003564,O0035102,P0803,Defective,179.11,2026-06-16
R003565,O0035116,P0317,Changed Mind,113.93,2024-05-24
R003566,O0035116,P0697,Wrong Item,431.53,2024-05-20
R003567,O0035116,P1125,Changed Mind,2022.15,2024-05-25
R003568,O0035127,P0258,Late Delivery,501.23,2025-03-12
R003569,O0035149,P0046,Late Delivery,343.98,2024-08-27
R003570,O0035149,P0068,Late Delivery,439.3,2024-09-01
R003571,O0035149,P1273,Wrong Item,415.92,2024-08-28
R003572,O0035159,P1092,Wrong Item,664.17,2025-04-18
R003573,O0035173,P1294,Defective,2411.88,2025-12-17
R003574,O0035173,P1307,Defective,403.57,2025-12-24
R003575,O0035176,P0404,Defective,458.22,2025-10-26
R003576,O0035199,P0952,Wrong Item,276.15,2024-02-08
R003577,O0035199,P0398,Late Delivery,1729.42,2024-01-30
R003578,O0035199,P0046,Late Delivery,159.57,2024-02-07
R003579,O0035208,P0376,Late Delivery,2156.65,2026-04-21
R003580,O0035208,P0086,Changed Mind,610.63,2026-04-20
R003581,O0035208,P1414,Defective,520.02,2026-04-24
R003582,O0035218,P0628,Wrong Item,412.09,2025-02-19
R003583,O0035218,P0165,Changed Mind,419.52,2025-02-19
R003584,O0035219,P1133,Wrong Item,875.35,2024-09-24
R003585,O0035219,P1116,Wrong Item,1346.06,2024-09-26
R003586,O0035219,P0921,Changed Mind,884.54,2024-10-01
R003587,O0035225,P0177,Wrong Item,1303.35,2025-05-23
R003588,O0035226,P1488,Late Delivery,305.63,2024-11-17
R003589,O0035226,P0250,Wrong Item,1345.67,2024-11-11
R003590,O0035232,P0641,Changed Mind,1138.28,2026-03-20
R003591,O0035239,P0098,Late Delivery,1187.09,2026-05-16
R003592,O0035283,P0678,Late Delivery,588.3,2025-03-05
R003593,O0035283,P0923,Late Delivery,1485.17,2025-02-25
R003594,O0035301,P0316,Wrong Item,872.98,2026-03-26
R003595,O0035321,P0371,Defective,238.5,2024-02-27
R003596,O0035331,P1219,Defective,199.83,2025-05-15
R003597,O0035344,P0784,Changed Mind,884.62,2024-04-12
R003598,O0035344,P0934,Defective,385.91,2024-04-26
R003599,O0035348,P1097,Defective,952.1,2024-07-21
R003600,O0035388,P0912,Changed Mind,913.28,2026-04-01
R003601,O0035388,P0831,Defective,257.53,2026-04-13
R003602,O0035388,P0146,Defective,957.19,2026-04-04
R003603,O0035389,P0642,Defective,2959.84,2025-01-07
R003604,O0035397,P1105,Defective,378.12,2026-03-15
R003605,O0035429,P0006,Defective,197.3,2024-01-24
R003606,O0035429,P0608,Defective,31.5,2024-01-14
R003607,O0035442,P1043,Late Delivery,2328.26,2024-04-04
R003608,O0035463,P0736,Late Delivery,689.46,2024-11-15
R003609,O0035463,P1208,Changed Mind,153.03,2024-11-22
R003610,O0035463,P0277,Late Delivery,401.23,2024-11-14
R003611,O0035463,P1226,Late Delivery,72.69,2024-11-16
R003612,O0035496,P0748,Changed Mind,421.56,2026-05-09
R003613,O0035496,P0556,Wrong Item,923.13,2026-05-05
R003614,O0035509,P0749,Wrong Item,951.57,2026-07-01
R003615,O0035509,P0633,Changed Mind,200.36,2026-06-30
R003616,O0035531,P0272,Changed Mind,4433.45,2026-04-19
R003617,O0035531,P1103,Late Delivery,536.26,2026-04-12
R003618,O0035537,P0607,Wrong Item,306.84,2024-02-11
R003619,O0035537,P0672,Changed Mind,752.05,2024-02-07
R003620,O0035567,P0416,Changed Mind,92.5,2026-05-31
R003621,O0035567,P0890,Wrong Item,305.4,2026-05-22
R003622,O0035603,P0676,Late Delivery,167.83,2026-08-29
R003623,O0035617,P1349,Defective,2592.2,2026-08-05
R003624,O0035632,P1127,Late Delivery,514.33,2024-12-23
R003625,O0035632,P1234,Changed Mind,152.32,2024-12-23
R003626,O0035655,P1279,Late Delivery,1094.49,2024-09-08
R003627,O0035655,P1434,Changed Mind,1263.87,2024-09-07
R003628,O0035657,P0817,Late Delivery,1470.57,2025-05-12
R003629,O0035679,P0862,Defective,1018.75,2026-03-01
R003630,O0035679,P0541,Late Delivery,688.57,2026-03-09
R003631,O0035679,P1477,Defective,628.05,2026-03-09
R003632,O0035687,P1498,Changed Mind,807.88,2024-11-21
R003633,O0035687,P1065,Late Delivery,404.83,2024-11-28
R003634,O0035687,P1290,Defective,154.58,2024-11-17
R003635,O0035701,P0676,Defective,159.95,2026-05-30
R003636,O0035704,P0185,Changed Mind,2253.87,2024-03-23
R003637,O0035707,P0513,Defective,129.3,2024-11-08
R003638,O0035717,P0001,Defective,1058.56,2026-05-08
R003639,O0035717,P0864,Wrong Item,868.75,2026-05-12
R003640,O0035721,P1230,Wrong Item,511.85,2025-02-19
R003641,O0035721,P1124,Late Delivery,1158.24,2025-02-06
R003642,O0035746,P1440,Defective,1692.57,2024-02-11
R003643,O0035746,P1377,Defective,2283.99,2024-02-05
R003644,O0035746,P0297,Wrong Item,47.2,2024-02-13
R003645,O0035800,P0852,Late Delivery,632.36,2024-07-03
R003646,O0035822,P0235,Changed Mind,1187.68,2025-08-21
R003647,O0035825,P1092,Wrong Item,1365.21,2024-08-15
R003648,O0035838,P0756,Wrong Item,759.02,2025-06-13
R003649,O0035844,P1032,Wrong Item,981.03,2025-05-28
R003650,O0035856,P0393,Defective,1773.85,2026-08-09
R003651,O0035866,P0521,Changed Mind,1282.99,2024-10-20
R003652,O0035881,P0181,Wrong Item,1157.29,2026-03-15
R003653,O0035926,P0931,Defective,521.63,2025-03-10
R003654,O0035926,P0285,Wrong Item,73.96,2025-03-04
R003655,O0035926,P1117,Changed Mind,685.31,2025-03-01
R003656,O0035927,P1308,Changed Mind,500.3,2024-05-19
R003657,O0035930,P0267,Late Delivery,862.33,2025-06-06
R003658,O0035931,P0229,Late Delivery,1094.39,2025-01-12
R003659,O0035943,P0742,Changed Mind,2736.75,2026-06-14
R003660,O0035944,P0900,Late Delivery,1255.24,2024-11-20
R003661,O0035944,P1127,Wrong Item,489.95,2024-11-20
R003662,O0035982,P0853,Wrong Item,953.86,2024-08-21
R003663,O0035996,P1424,Wrong Item,1059.03,2025-12-08
R003664,O0035997,P1411,Late Delivery,842.78,2025-10-09
R003665,O0036044,P1102,Changed Mind,1198.23,2024-04-24
R003666,O0036051,P0351,Late Delivery,186.0,2025-10-07
R003667,O0036068,P0398,Wrong Item,1881.17,2025-04-15
R003668,O0036070,P1261,Late Delivery,644.15,2025-08-06
R003669,O0036081,P1458,Changed Mind,2559.49,2026-01-20
R003670,O0036081,P0378,Defective,632.1,2026-01-30
R003671,O0036081,P1245,Wrong Item,756.18,2026-01-27
R003672,O0036097,P1111,Defective,980.33,2024-08-09
R003673,O0036117,P1456,Defective,790.81,2025-08-17
R003674,O0036119,P1482,Late Delivery,259.65,2025-11-13
R003675,O0036119,P0274,Defective,1396.56,2025-11-10
R003676,O0036137,P0047,Late Delivery,866.16,2026-05-25
R003677,O0036138,P0171,Late Delivery,1069.25,2026-02-09
R003678,O0036145,P0993,Changed Mind,1098.21,2025-03-22
R003679,O0036166,P0087,Wrong Item,980.37,2024-09-27
R003680,O0036166,P0952,Wrong Item,574.1,2024-09-12
R003681,O0036206,P0164,Late Delivery,37.12,2025-03-01
R003682,O0036218,P1284,Late Delivery,1147.36,2025-09-17
R003683,O0036218,P0536,Late Delivery,916.66,2025-09-02
R003684,O0036218,P0235,Late Delivery,1306.05,2025-09-05
R003685,O0036221,P0156,Defective,601.95,2025-09-21
R003686,O0036227,P1123,Defective,1154.27,2025-09-18
R003687,O0036227,P0895,Wrong Item,1786.76,2025-09-19
R003688,O0036227,P1127,Late Delivery,414.45,2025-09-30
R003689,O0036227,P0719,Late Delivery,205.49,2025-09-20
R003690,O0036227,P0146,Wrong Item,754.17,2025-09-30
R003691,O0036228,P1054,Changed Mind,172.28,2025-08-15
R003692,O0036235,P1156,Late Delivery,321.13,2024-03-23
R003693,O0036249,P0672,Changed Mind,727.73,2024-08-22
R003694,O0036249,P0844,Defective,1440.78,2024-09-01
R003695,O0036329,P0005,Changed Mind,1452.85,2024-08-19
R003696,O0036344,P0902,Changed Mind,2166.6,2025-04-18
R003697,O0036344,P0942,Wrong Item,844.87,2025-04-24
R003698,O0036344,P0567,Wrong Item,644.84,2025-04-19
R003699,O0036381,P0734,Defective,1029.88,2025-12-20
R003700,O0036381,P1074,Defective,241.97,2025-12-21
R003701,O0036381,P0933,Late Delivery,566.57,2025-12-13
R003702,O0036381,P1260,Defective,548.22,2025-12-12
R003703,O0036401,P0800,Changed Mind,864.52,2026-03-04
R003704,O0036434,P0876,Wrong Item,3160.43,2026-03-03
R003705,O0036434,P0786,Late Delivery,405.47,2026-03-09
R003706,O0036445,P0539,Defective,713.13,2025-12-07
R003707,O0036446,P0769,Wrong Item,4683.21,2024-04-10
R003708,O0036446,P1483,Defective,1217.94,2024-04-01
R003709,O0036446,P1114,Defective,1666.46,2024-03-30
R003710,O0036446,P0308,Defective,573.74,2024-03-25
R003711,O0036462,P1232,Late Delivery,398.9,2024-02-11
R003712,O0036464,P1400,Defective,650.15,2025-01-30
R003713,O0036464,P1347,Wrong Item,795.62,2025-01-22
R003714,O0036464,P0309,Wrong Item,2608.21,2025-02-02
R003715,O0036464,P0073,Late Delivery,1007.25,2025-02-04
R003716,O0036489,P0670,Wrong Item,2968.37,2024-04-24
R003717,O0036491,P1056,Late Delivery,633.2,2026-08-25
R003718,O0036540,P0948,Defective,305.55,2026-03-08
R003719,O0036548,P1376,Wrong Item,1223.61,2024-04-10
R003720,O0036548,P0451,Late Delivery,238.17,2024-04-13
R003721,O0036557,P1256,Changed Mind,877.57,2025-01-31
R003722,O0036572,P0739,Wrong Item,182.45,2025-08-29
R003723,O0036582,P0698,Wrong Item,192.67,2024-10-30
R003724,O0036584,P1088,Defective,996.5,2025-07-09
R003725,O0036586,P1070,Late Delivery,757.88,2026-06-18
R003726,O0036591,P1428,Late Delivery,346.2,2025-07-18
R003727,O0036596,P0188,Late Delivery,894.96,2024-10-18
R003728,O0036596,P1053,Late Delivery,2350.8,2024-10-22
R003729,O0036602,P1286,Wrong Item,482.36,2024-05-16
R003730,O0036602,P0615,Defective,1106.42,2024-05-09
R003731,O0036602,P0755,Changed Mind,332.2,2024-05-25
R003732,O0036602,P1158,Changed Mind,3303.05,2024-05-13
R003733,O0036616,P0508,Defective,1198.06,2026-05-20
R003734,O0036616,P0403,Late Delivery,19.27,2026-05-15
R003735,O0036616,P0898,Wrong Item,109.23,2026-05-07
R003736,O0036617,P0187,Defective,211.31,2025-09-09
R003737,O0036642,P0906,Defective,499.78,2026-06-16
R003738,O0036642,P0100,Late Delivery,610.99,2026-06-25
R003739,O0036642,P0293,Defective,717.41,2026-06-22
R003740,O0036646,P0504,Late Delivery,1237.25,2025-11-16
R003741,O0036646,P0533,Changed Mind,706.74,2025-11-15
R003742,O0036664,P1219,Changed Mind,210.24,2025-12-08
R003743,O0036667,P0461,Defective,513.6,2026-06-26
R003744,O0036667,P0720,Wrong Item,517.0,2026-07-08
R003745,O0036683,P0945,Changed Mind,428.72,2026-03-07
R003746,O0036683,P0190,Wrong Item,138.98,2026-03-05
R003747,O0036701,P0637,Wrong Item,209.88,2024-08-22
R003748,O0036725,P1123,Changed Mind,3069.97,2026-06-23
R003749,O0036733,P1297,Defective,1050.39,2025-03-22
R003750,O0036736,P0720,Late Delivery,801.87,2024-12-11
R003751,O0036736,P0048,Defective,1294.95,2024-12-06
R003752,O0036736,P0752,Wrong Item,856.71,2024-12-09
R003753,O0036748,P0917,Wrong Item,444.75,2025-02-15
R003754,O0036767,P1388,Wrong Item,1090.21,2025-11-11
R003755,O0036767,P0660,Wrong Item,1238.96,2025-11-13
R003756,O0036767,P0955,Wrong Item,99.54,2025-11-14
R003757,O0036784,P0819,Wrong Item,439.31,2024-03-28
R003758,O0036784,P0237,Wrong Item,826.95,2024-03-25
R003759,O0036792,P1344,Wrong Item,2515.27,2025-01-17
R003760,O0036792,P0372,Changed Mind,1087.82,2025-01-23
R003761,O0036815,P1500,Changed Mind,113.76,2025-05-19
R003762,O0036836,P0012,Wrong Item,512.14,2025-04-11
R003763,O0036836,P0706,Late Delivery,662.55,2025-04-20
R003764,O0036836,P0140,Defective,2387.26,2025-04-14
R003765,O0036842,P0696,Defective,553.12,2024-10-12
R003766,O0036842,P1084,Defective,345.85,2024-10-18
R003767,O0036842,P0535,Late Delivery,456.31,2024-10-22
R003768,O0036842,P1139,Defective,249.79,2024-10-27
R003769,O0036858,P0152,Late Delivery,1320.76,2026-01-31
R003770,O0036861,P0713,Changed Mind,1351.9,2024-11-27
R003771,O0036881,P0781,Wrong Item,1225.47,2024-09-12
R003772,O0036891,P0305,Wrong Item,692.24,2024-08-19
R003773,O0036891,P0263,Wrong Item,1086.15,2024-08-26
R003774,O0036893,P1010,Defective,54.41,2026-01-20
R003775,O0036893,P0759,Defective,1020.2,2026-01-22
R003776,O0036911,P0998,Late Delivery,1045.83,2024-05-03
R003777,O0036911,P0431,Changed Mind,1422.35,2024-05-20
R003778,O0036918,P0626,Late Delivery,979.66,2025-06-19
R003779,O0036918,P0155,Changed Mind,1157.46,2025-07-01
R003780,O0036918,P0629,Defective,71.0,2025-07-01
R003781,O0036925,P0186,Wrong Item,1115.91,2026-03-23
R003782,O0036956,P0059,Wrong Item,416.08,2024-02-29
R003783,O0036960,P0298,Late Delivery,949.53,2026-09-01
R003784,O0036968,P0521,Defective,592.14,2026-05-27
R003785,O0036970,P1236,Late Delivery,415.81,2025-10-08
R003786,O0036982,P0193,Late Delivery,450.86,2026-03-06
R003787,O0036986,P1474,Late Delivery,482.73,2025-03-21
R003788,O0036990,P0872,Changed Mind,1833.33,2026-08-25
R003789,O0037034,P0389,Wrong Item,1594.3,2026-01-29
R003790,O0037034,P1070,Defective,1335.59,2026-01-31
R003791,O0037034,P1357,Wrong Item,230.92,2026-02-08
R003792,O0037049,P0917,Wrong Item,876.05,2026-03-05
R003793,O0037086,P0481,Changed Mind,214.31,2025-12-13
R003794,O0037086,P0317,Wrong Item,123.76,2025-12-25
R003795,O0037109,P0716,Defective,639.13,2025-06-01
R003796,O0037109,P0816,Late Delivery,292.5,2025-06-02
R003797,O0037111,P1492,Late Delivery,498.92,2026-05-01
R003798,O0037111,P0714,Changed Mind,2219.86,2026-04-30
R003799,O0037111,P1107,Defective,840.57,2026-05-06
R003800,O0037118,P0170,Defective,1239.96,2026-07-27
R003801,O0037130,P0244,Changed Mind,1562.44,2025-04-29
R003802,O0037130,P0863,Wrong Item,425.96,2025-05-03
R003803,O0037189,P0285,Wrong Item,253.35,2026-08-21
R003804,O0037190,P1229,Late Delivery,661.74,2024-05-29
R003805,O0037195,P1308,Late Delivery,528.98,2025-07-24
R003806,O0037197,P0190,Wrong Item,72.68,2026-03-16
R003807,O0037197,P0232,Wrong Item,531.42,2026-03-05
R003808,O0037197,P0750,Late Delivery,632.5,2026-03-07
R003809,O0037217,P0743,Late Delivery,742.42,2025-12-06
R003810,O0037234,P1276,Late Delivery,529.44,2025-09-17
R003811,O0037234,P0363,Defective,888.04,2025-09-29
R003812,O0037252,P0599,Wrong Item,849.25,2026-07-03
R003813,O0037254,P0041,Defective,1459.92,2025-11-09
R003814,O0037268,P0091,Defective,2266.61,2025-05-11
R003815,O0037318,P1180,Defective,255.56,2025-10-14
R003816,O0037318,P1106,Late Delivery,224.23,2025-10-05
R003817,O0037320,P0924,Wrong Item,553.32,2024-09-23
R003818,O0037326,P1465,Late Delivery,2544.31,2025-02-11
R003819,O0037326,P0610,Defective,1109.15,2025-02-07
R003820,O0037335,P0731,Late Delivery,1644.94,2024-03-18
R003821,O0037359,P0513,Defective,278.6,2025-02-04
R003822,O0037384,P0979,Changed Mind,1024.97,2025-08-25
R003823,O0037413,P0752,Defective,924.24,2026-07-09
R003824,O0037413,P0198,Late Delivery,931.28,2026-07-05
R003825,O0037413,P1296,Defective,270.04,2026-07-03
R003826,O0037414,P1099,Late Delivery,1127.31,2025-07-24
R003827,O0037414,P0628,Wrong Item,395.42,2025-07-25
R003828,O0037414,P1262,Wrong Item,1237.86,2025-08-01
R003829,O0037461,P1065,Defective,376.27,2025-02-23
R003830,O0037461,P0493,Wrong Item,752.57,2025-02-24
R003831,O0037462,P0251,Wrong Item,582.5,2024-03-05
R003832,O0037476,P1219,Late Delivery,597.04,2025-07-30
R003833,O0037505,P0184,Changed Mind,1342.87,2026-06-07
R003834,O0037505,P0841,Wrong Item,3487.18,2026-06-05
R003835,O0037524,P0452,Defective,795.37,2025-11-04
R003836,O0037524,P1220,Wrong Item,758.84,2025-10-27
R003837,O0037529,P0008,Wrong Item,61.23,2025-08-26
R003838,O0037543,P0528,Changed Mind,544.11,2024-02-08
R003839,O0037543,P0163,Changed Mind,752.94,2024-02-22
R003840,O0037550,P1252,Wrong Item,757.88,2026-05-12
R003841,O0037550,P0202,Defective,2107.39,2026-05-19
R003842,O0037550,P1398,Late Delivery,609.24,2026-05-27
R003843,O0037572,P1480,Defective,323.85,2026-01-31
R003844,O0037602,P0731,Changed Mind,839.51,2026-04-28
R003845,O0037613,P1183,Wrong Item,309.46,2026-05-10
R003846,O0037613,P0889,Changed Mind,1839.74,2026-05-03
R003847,O0037630,P0058,Changed Mind,822.87,2026-02-15
R003848,O0037630,P1420,Defective,1093.9,2026-02-11
R003849,O0037635,P0653,Defective,201.05,2025-12-10
R003850,O0037635,P0166,Defective,649.25,2025-12-01
R003851,O0037647,P1369,Late Delivery,1051.96,2024-12-12
R003852,O0037649,P0276,Late Delivery,456.81,2025-10-21
R003853,O0037649,P0393,Late Delivery,1355.79,2025-10-23
R003854,O0037649,P0879,Changed Mind,1428.35,2025-10-16
R003855,O0037668,P1203,Changed Mind,1177.22,2026-05-03
R003856,O0037670,P1157,Defective,301.6,2025-11-30
R003857,O0037680,P0402,Defective,1256.96,2024-06-03
R003858,O0037720,P1075,Late Delivery,814.82,2025-05-13
R003859,O0037723,P1488,Late Delivery,333.66,2026-07-18
R003860,O0037723,P0257,Defective,2368.41,2026-08-04
R003861,O0037723,P0618,Wrong Item,468.48,2026-07-23
R003862,O0037723,P1396,Changed Mind,999.29,2026-07-22
R003863,O0037780,P1240,Changed Mind,490.75,2025-07-14
R003864,O0037794,P1181,Changed Mind,1833.58,2026-07-02
R003865,O0037794,P1268,Late Delivery,1209.93,2026-06-30
R003866,O0037825,P1086,Defective,664.57,2025-04-27
R003867,O0037836,P1330,Late Delivery,395.87,2025-05-06
R003868,O0037836,P0211,Defective,778.38,2025-04-28
R003869,O0037841,P0913,Changed Mind,1007.77,2026-05-16
R003870,O0037850,P1387,Defective,830.16,2026-05-16
R003871,O0037870,P0080,Wrong Item,1885.79,2025-03-30
R003872,O0037884,P0658,Defective,511.89,2025-05-31
R003873,O0037896,P0194,Defective,807.53,2024-10-27
R003874,O0037898,P0010,Changed Mind,1233.61,2024-02-19
R003875,O0037908,P1367,Defective,3441.73,2024-08-28
R003876,O0037922,P0799,Changed Mind,680.69,2024-04-07
R003877,O0037934,P0512,Changed Mind,100.54,2025-11-16
R003878,O0037934,P0651,Wrong Item,559.37,2025-11-24
R003879,O0037934,P0893,Late Delivery,1214.24,2025-11-23
R003880,O0037953,P1123,Late Delivery,1133.73,2026-01-19
R003881,O0037953,P0914,Late Delivery,1070.31,2026-01-28
R003882,O0037964,P1236,Changed Mind,131.06,2024-07-24
R003883,O0037982,P0930,Defective,134.36,2024-05-16
R003884,O0038009,P1328,Changed Mind,761.41,2024-07-26
R003885,O0038009,P1116,Wrong Item,715.31,2024-07-31
R003886,O0038043,P0742,Late Delivery,912.25,2024-12-17
R003887,O0038043,P0378,Wrong Item,615.42,2024-12-04
R003888,O0038043,P0912,Changed Mind,1741.21,2024-12-04
R003889,O0038051,P1490,Wrong Item,779.62,2025-02-07
R003890,O0038075,P0728,Defective,1280.84,2025-03-04
R003891,O0038093,P0950,Changed Mind,821.44,2026-02-05
R003892,O0038093,P0802,Changed Mind,1938.82,2026-02-07
R003893,O0038098,P0588,Changed Mind,224.73,2025-12-02
R003894,O0038150,P0076,Defective,558.86,2024-11-29
R003895,O0038150,P0413,Changed Mind,783.05,2024-11-27
R003896,O0038177,P1288,Defective,920.58,2025-11-01
R003897,O0038184,P1485,Changed Mind,1098.11,2026-06-13
R003898,O0038184,P0014,Defective,1171.61,2026-06-27
R003899,O0038198,P0934,Defective,224.31,2026-03-26
R003900,O0038223,P1412,Late Delivery,1138.75,2024-10-03
R003901,O0038223,P1214,Defective,750.14,2024-09-30
R003902,O0038223,P1229,Changed Mind,691.59,2024-10-11
R003903,O0038223,P1163,Defective,1034.77,2024-10-04
R003904,O0038238,P0538,Wrong Item,1548.23,2025-11-27
R003905,O0038238,P0875,Changed Mind,2288.87,2025-11-18
R003906,O0038259,P0589,Defective,72.58,2024-03-26
R003907,O0038264,P0644,Wrong Item,945.51,2025-02-10
R003908,O0038273,P1460,Changed Mind,1303.44,2025-08-25
R003909,O0038275,P0723,Late Delivery,2008.61,2024-08-15
R003910,O0038295,P0141,Late Delivery,2173.32,2025-03-12
R003911,O0038296,P0624,Changed Mind,3932.75,2026-01-12
R003912,O0038296,P0187,Wrong Item,207.95,2026-01-18
R003913,O0038314,P1293,Defective,1594.8,2025-03-10
R003914,O0038314,P0458,Defective,929.7,2025-03-11
R003915,O0038314,P0578,Defective,881.78,2025-03-10
R003916,O0038321,P1226,Defective,160.03,2025-12-25
R003917,O0038329,P1057,Changed Mind,84.1,2024-11-15
R003918,O0038334,P1430,Defective,61.69,2025-08-30
R003919,O0038338,P1255,Defective,262.1,2024-10-29
R003920,O0038349,P1294,Wrong Item,680.43,2024-09-23
R003921,O0038353,P0704,Changed Mind,1126.58,2025-12-03
R003922,O0038361,P0948,Defective,88.8,2024-10-24
R003923,O0038395,P0287,Defective,2156.69,2024-10-28
R003924,O0038395,P0304,Late Delivery,1552.34,2024-11-04
R003925,O0038430,P0271,Late Delivery,1073.84,2026-03-09
R003926,O0038430,P0788,Defective,812.44,2026-03-16
R003927,O0038435,P1285,Wrong Item,500.97,2025-04-24
R003928,O0038435,P0973,Defective,55.08,2025-04-27
R003929,O0038435,P0673,Defective,253.13,2025-04-23
R003930,O0038447,P1257,Wrong Item,83.22,2024-08-28
R003931,O0038461,P0813,Defective,1088.22,2026-08-19
R003932,O0038469,P0399,Changed Mind,189.34,2024-04-14
R003933,O0038485,P0593,Wrong Item,616.07,2026-03-18
R003934,O0038513,P0542,Late Delivery,1310.47,2026-03-28
R003935,O0038513,P0393,Late Delivery,630.24,2026-03-25
R003936,O0038515,P1406,Wrong Item,929.88,2026-06-12
R003937,O0038515,P1000,Changed Mind,984.15,2026-06-18
R003938,O0038519,P1184,Wrong Item,1340.59,2025-12-15
R003939,O0038519,P0152,Defective,2546.22,2025-12-16
R003940,O0038519,P0006,Defective,379.97,2026-01-01
R003941,O0038519,P0485,Defective,1235.86,2026-01-01
R003942,O0038528,P1227,Late Delivery,323.54,2025-09-09
R003943,O0038535,P1009,Defective,762.55,2025-08-28
R003944,O0038557,P1491,Changed Mind,781.99,2024-10-29
R003945,O0038558,P1364,Late Delivery,758.71,2026-05-30
R003946,O0038558,P1474,Wrong Item,474.01,2026-06-07
R003947,O0038569,P0505,Changed Mind,1332.51,2026-01-22
R003948,O0038569,P1484,Late Delivery,839.64,2026-01-20
R003949,O0038577,P1174,Changed Mind,1108.94,2024-08-01
R003950,O0038591,P1277,Wrong Item,1204.29,2024-02-07
R003951,O0038615,P1414,Late Delivery,523.93,2024-05-25
R003952,O0038634,P0788,Late Delivery,765.86,2024-01-25
R003953,O0038634,P0288,Defective,1375.82,2024-02-10
R003954,O0038664,P0393,Changed Mind,725.41,2025-01-16
R003955,O0038686,P0549,Late Delivery,1112.61,2026-05-21
R003956,O0038702,P0311,Wrong Item,1189.7,2024-12-21
R003957,O0038702,P1371,Defective,1061.21,2024-12-22
R003958,O0038702,P0424,Late Delivery,375.77,2024-12-13
R003959,O0038711,P0659,Wrong Item,645.49,2024-12-07
R003960,O0038744,P0286,Late Delivery,2631.41,2025-10-26
R003961,O0038761,P0416,Defective,162.52,2024-05-13
R003962,O0038764,P0794,Late Delivery,2840.74,2026-02-10
R003963,O0038794,P0996,Changed Mind,382.33,2026-01-10
R003964,O0038794,P1410,Defective,152.69,2026-01-16
R003965,O0038794,P0595,Defective,2816.03,2026-01-23
R003966,O0038794,P0161,Late Delivery,2180.91,2026-01-20
R003967,O0038801,P0082,Late Delivery,1023.77,2024-01-17
R003968,O0038807,P0606,Wrong Item,3152.78,2024-11-29
R003969,O0038807,P1466,Changed Mind,386.11,2024-11-24
R003970,O0038807,P1201,Changed Mind,70.98,2024-12-01
R003971,O0038813,P0512,Wrong Item,106.49,2024-12-19
R003972,O0038813,P0302,Wrong Item,2242.86,2024-12-16
R003973,O0038817,P1368,Wrong Item,964.36,2024-02-02
R003974,O0038817,P0316,Changed Mind,777.73,2024-02-06
R003975,O0038817,P0695,Changed Mind,765.16,2024-02-12
R003976,O0038824,P1362,Defective,1675.35,2025-02-13
R003977,O0038842,P0100,Late Delivery,374.7,2024-03-16
R003978,O0038864,P1090,Late Delivery,503.81,2026-05-28
R003979,O0038865,P0497,Changed Mind,2609.13,2025-09-18
R003980,O0038887,P0511,Changed Mind,2537.56,2025-07-10
R003981,O0038887,P0420,Defective,447.69,2025-07-20
R003982,O0038887,P0193,Defective,426.26,2025-07-22
R003983,O0038899,P0185,Defective,652.27,2024-06-20
R003984,O0038935,P0841,Wrong Item,1034.91,2025-05-28
R003985,O0038943,P0179,Defective,158.57,2025-11-25
R003986,O0038958,P0010,Changed Mind,3863.65,2025-07-31
R003987,O0038958,P0516,Changed Mind,151.11,2025-08-13
R003988,O0038958,P1349,Wrong Item,1410.74,2025-08-13
R003989,O0038970,P1034,Late Delivery,1974.1,2025-09-22
R003990,O0038981,P0718,Defective,227.59,2026-09-02
R003991,O0038983,P0322,Late Delivery,1912.78,2025-05-04
R003992,O0038991,P0179,Wrong Item,73.89,2025-03-05
R003993,O0038993,P0153,Wrong Item,2358.0,2024-02-05
R003994,O0039010,P0130,Changed Mind,590.78,2025-05-30
R003995,O0039018,P1213,Defective,610.52,2025-04-21
R003996,O0039041,P1126,Late Delivery,757.78,2026-05-26
R003997,O0039041,P0993,Late Delivery,1027.43,2026-05-17
R003998,O0039044,P0047,Wrong Item,610.98,2024-12-11
R003999,O0039044,P0886,Changed Mind,377.97,2024-12-18
R004000,O0039070,P0885,Defective,1547.35,2025-08-08
R004001,O0039096,P0376,Changed Mind,1069.27,2025-01-18
R004002,O0039096,P0563,Defective,172.73,2025-01-12
R004003,O0039119,P0855,Defective,498.57,2026-09-19
R004004,O0039119,P1197,Late Delivery,692.13,2026-09-05
R004005,O0039124,P1425,Wrong Item,210.37,2025-11-04
R004006,O0039125,P0206,Wrong Item,779.82,2025-12-20
R004007,O0039136,P0067,Wrong Item,917.74,2025-06-27
R004008,O0039147,P0719,Late Delivery,368.81,2026-08-30
R004009,O0039170,P1466,Defective,981.11,2024-09-26
R004010,O0039170,P0136,Defective,641.46,2024-09-28
R004011,O0039170,P1006,Defective,2755.86,2024-09-15
R004012,O0039186,P1440,Defective,808.02,2026-03-07
R004013,O0039200,P1178,Defective,500.43,2025-03-16
R004014,O0039208,P1410,Wrong Item,153.59,2026-07-18
R004015,O0039208,P0544,Defective,1372.56,2026-07-13
R004016,O0039208,P0118,Late Delivery,1470.06,2026-07-15
R004017,O0039229,P0022,Defective,698.8,2024-04-15
R004018,O0039229,P0548,Changed Mind,844.69,2024-04-15
R004019,O0039231,P0456,Late Delivery,1043.54,2026-02-06
R004020,O0039242,P1100,Defective,1063.62,2026-03-27
R004021,O0039248,P0358,Changed Mind,1321.54,2026-07-13
R004022,O0039256,P1021,Defective,676.22,2025-08-29
R004023,O0039261,P0717,Late Delivery,321.05,2025-10-13
R004024,O0039261,P0818,Wrong Item,1607.6,2025-10-13
R004025,O0039262,P0847,Wrong Item,301.17,2026-05-27
R004026,O0039262,P0266,Changed Mind,1332.44,2026-05-15
R004027,O0039268,P0009,Wrong Item,830.7,2024-11-09
R004028,O0039281,P1369,Late Delivery,2211.63,2025-03-08
R004029,O0039291,P0366,Defective,294.6,2026-08-19
R004030,O0039313,P0112,Changed Mind,204.0,2025-05-29
R004031,O0039321,P0925,Late Delivery,938.69,2025-08-20
R004032,O0039338,P0239,Defective,169.17,2026-06-08
R004033,O0039338,P0782,Late Delivery,1139.36,2026-06-04
R004034,O0039338,P0060,Wrong Item,319.04,2026-06-14
R004035,O0039356,P0319,Wrong Item,647.03,2026-03-20
R004036,O0039356,P1238,Defective,1529.07,2026-03-22
R004037,O0039382,P0005,Changed Mind,1270.1,2026-08-15
R004038,O0039382,P0397,Changed Mind,117.78,2026-08-08
R004039,O0039399,P1319,Defective,627.3,2024-06-11
R004040,O0039399,P0336,Late Delivery,33.48,2024-06-23
R004041,O0039400,P0359,Defective,297.51,2026-01-02
R004042,O0039400,P0489,Changed Mind,1012.44,2026-01-15
R004043,O0039400,P0753,Wrong Item,1407.43,2026-01-10
R004044,O0039439,P0337,Late Delivery,283.99,2024-09-28
R004045,O0039439,P0314,Changed Mind,1388.63,2024-10-05
R004046,O0039439,P1497,Defective,1404.09,2024-09-27
R004047,O0039440,P0552,Late Delivery,486.69,2025-05-21
R004048,O0039440,P0687,Changed Mind,3100.24,2025-05-29
R004049,O0039440,P1137,Defective,1006.5,2025-05-22
R004050,O0039454,P0879,Late Delivery,1287.05,2024-08-17
R004051,O0039459,P0851,Defective,915.4,2026-04-19
R004052,O0039464,P1398,Defective,582.13,2024-02-10
R004053,O0039464,P0829,Wrong Item,1323.98,2024-01-31
R004054,O0039494,P0415,Changed Mind,1724.72,2024-11-27
R004055,O0039520,P0252,Wrong Item,1751.41,2025-08-08
R004056,O0039538,P1372,Changed Mind,2360.68,2025-05-12
R004057,O0039547,P0056,Defective,472.68,2024-04-08
R004058,O0039547,P1199,Defective,1737.97,2024-04-14
R004059,O0039557,P0651,Defective,662.71,2024-08-07
R004060,O0039558,P0400,Wrong Item,1256.55,2024-07-15
R004061,O0039577,P0292,Late Delivery,1128.61,2024-01-22
R004062,O0039596,P0466,Defective,1235.18,2025-09-04
R004063,O0039600,P0595,Defective,886.0,2025-07-17
R004064,O0039600,P1183,Changed Mind,261.25,2025-07-18
R004065,O0039602,P1114,Changed Mind,1437.29,2025-09-15
R004066,O0039626,P1216,Defective,462.37,2026-01-23
R004067,O0039626,P0498,Late Delivery,42.71,2026-01-28
R004068,O0039653,P0923,Defective,815.85,2024-08-13
R004069,O0039658,P1010,Defective,57.75,2024-11-25
R004070,O0039658,P0871,Wrong Item,2660.5,2024-11-23
R004071,O0039658,P0561,Changed Mind,605.56,2024-11-28
R004072,O0039670,P0478,Late Delivery,448.13,2024-07-02
R004073,O0039670,P0005,Late Delivery,718.98,2024-07-10
R004074,O0039670,P1435,Wrong Item,1080.45,2024-07-14
R004075,O0039672,P1092,Late Delivery,558.85,2024-07-06
R004076,O0039678,P0507,Late Delivery,1066.71,2024-08-10
R004077,O0039678,P0936,Wrong Item,225.85,2024-08-27
R004078,O0039678,P0375,Defective,871.31,2024-08-25
R004079,O0039678,P1324,Defective,994.84,2024-08-24
R004080,O0039678,P1041,Changed Mind,45.68,2024-08-26
R004081,O0039697,P0123,Defective,1139.32,2025-07-11
R004082,O0039709,P0905,Defective,1053.82,2025-08-02
R004083,O0039709,P1360,Changed Mind,2511.44,2025-07-25
R004084,O0039721,P0601,Wrong Item,317.08,2024-02-28
R004085,O0039721,P1036,Late Delivery,235.15,2024-03-03
R004086,O0039771,P1045,Wrong Item,724.77,2026-04-04
R004087,O0039787,P1448,Wrong Item,1141.22,2025-10-17
R004088,O0039787,P0057,Changed Mind,1033.53,2025-10-27
R004089,O0039787,P1100,Late Delivery,347.52,2025-10-17
R004090,O0039787,P1375,Late Delivery,694.23,2025-10-15
R004091,O0039789,P1315,Wrong Item,464.8,2024-03-20
R004092,O0039789,P1196,Wrong Item,834.32,2024-03-18
R004093,O0039791,P0397,Late Delivery,41.42,2025-02-28
R004094,O0039809,P0632,Wrong Item,263.43,2025-02-16
R004095,O0039816,P0426,Late Delivery,264.79,2026-05-14
R004096,O0039816,P0947,Defective,165.13,2026-05-13
R004097,O0039816,P0855,Defective,550.5,2026-05-16
R004098,O0039816,P0804,Wrong Item,2195.21,2026-05-21
R004099,O0039823,P0679,Late Delivery,840.43,2024-12-05
R004100,O0039823,P0449,Defective,17.93,2024-12-01
R004101,O0039823,P0536,Wrong Item,911.72,2024-12-02
R004102,O0039828,P0326,Defective,2221.52,2024-08-12
R004103,O0039849,P0128,Changed Mind,600.47,2024-04-02
R004104,O0039899,P1043,Wrong Item,1151.41,2026-09-12
R004105,O0039904,P1292,Changed Mind,761.49,2026-03-21
R004106,O0039904,P1227,Wrong Item,108.39,2026-03-21
R004107,O0039921,P1280,Late Delivery,243.28,2024-06-16
R004108,O0039925,P0614,Changed Mind,1072.42,2024-04-09
R004109,O0039925,P1291,Changed Mind,961.61,2024-04-12
R004110,O0039931,P0854,Changed Mind,1203.58,2025-07-26
R004111,O0039936,P0943,Changed Mind,222.12,2024-12-31
R004112,O0039941,P1229,Changed Mind,659.88,2024-10-30
R004113,O0039953,P0924,Changed Mind,628.41,2025-07-26
R004114,O0039956,P0032,Late Delivery,2283.06,2024-04-12
R004115,O0039956,P0549,Defective,1128.15,2024-04-04
R004116,O0039956,P0362,Changed Mind,2702.31,2024-04-04
R004117,O0039963,P0118,Late Delivery,408.31,2025-11-03
R004118,O0039997,P1224,Changed Mind,3491.9,2026-07-19
R004119,O0040024,P1114,Wrong Item,1754.72,2025-09-29
R004120,O0040024,P1445,Defective,1266.23,2025-09-30
R004121,O0040039,P0236,Changed Mind,1022.24,2025-02-04
R004122,O0040039,P0536,Defective,898.25,2025-02-10
R004123,O0040045,P0777,Late Delivery,2011.57,2024-12-31
R004124,O0040075,P0116,Changed Mind,565.91,2026-08-08
R004125,O0040092,P0738,Late Delivery,910.72,2025-01-29
R004126,O0040093,P0409,Late Delivery,2387.54,2026-08-21
R004127,O0040093,P0823,Defective,511.87,2026-09-01
R004128,O0040109,P0841,Wrong Item,1283.9,2025-12-30
R004129,O0040109,P0074,Wrong Item,1259.37,2026-01-13
R004130,O0040109,P0124,Wrong Item,1298.48,2026-01-01
R004131,O0040127,P1319,Changed Mind,679.67,2026-06-19
R004132,O0040148,P1256,Changed Mind,835.0,2026-03-30
R004133,O0040165,P0428,Defective,1124.82,2025-05-09
R004134,O0040168,P0800,Defective,990.97,2025-09-03
R004135,O0040168,P0703,Late Delivery,520.82,2025-08-27
R004136,O0040168,P0751,Wrong Item,505.51,2025-08-23
R004137,O0040203,P0906,Changed Mind,536.5,2025-01-20
R004138,O0040203,P0263,Changed Mind,396.3,2025-01-28
R004139,O0040208,P0012,Changed Mind,610.59,2024-02-07
R004140,O0040208,P0902,Defective,1974.71,2024-02-12
R004141,O0040208,P1283,Wrong Item,946.65,2024-02-19
R004142,O0040227,P0752,Late Delivery,981.13,2024-07-04
R004143,O0040236,P1210,Late Delivery,2260.91,2026-05-09
R004144,O0040245,P0595,Late Delivery,887.46,2024-02-12
R004145,O0040245,P1208,Late Delivery,143.2,2024-02-14
R004146,O0040246,P0028,Wrong Item,1278.36,2024-03-01
R004147,O0040246,P0206,Changed Mind,367.84,2024-03-18
R004148,O0040246,P1216,Changed Mind,428.9,2024-03-13
R004149,O0040258,P1297,Changed Mind,970.14,2025-08-16
R004150,O0040286,P1257,Changed Mind,26.5,2025-05-12
R004151,O0040307,P1469,Late Delivery,1281.6,2025-03-04
R004152,O0040307,P0500,Late Delivery,205.13,2025-03-21
R004153,O0040315,P0132,Late Delivery,2663.64,2025-07-02
R004154,O0040326,P0866,Wrong Item,976.05,2025-07-27
R004155,O0040326,P0782,Wrong Item,1171.12,2025-08-02
R004156,O0040331,P1182,Changed Mind,2231.5,2025-08-17
R004157,O0040331,P0553,Defective,502.48,2025-08-19
R004158,O0040334,P0786,Changed Mind,451.28,2026-01-10
R004159,O0040334,P0807,Changed Mind,788.8,2026-01-23
R004160,O0040334,P0552,Defective,229.79,2026-01-08
R004161,O0040338,P1335,Defective,168.87,2024-07-17
R004162,O0040338,P0936,Changed Mind,114.13,2024-07-13
R004163,O0040338,P0303,Wrong Item,2085.69,2024-07-23
R004164,O0040339,P0216,Changed Mind,1008.99,2024-03-11
R004165,O0040339,P0967,Wrong Item,312.26,2024-03-04
R004166,O0040339,P0935,Defective,755.27,2024-03-18
R004167,O0040339,P0333,Changed Mind,1089.64,2024-03-20
R004168,O0040346,P0130,Changed Mind,514.23,2024-07-15
R004169,O0040346,P0129,Late Delivery,1226.89,2024-07-30
R004170,O0040395,P1426,Late Delivery,281.72,2025-07-06
R004171,O0040395,P0710,Late Delivery,737.23,2025-07-04
R004172,O0040399,P1039,Defective,288.69,2025-10-07
R004173,O0040428,P1074,Wrong Item,244.31,2026-01-08
R004174,O0040479,P0753,Changed Mind,2620.66,2025-07-09
R004175,O0040502,P1036,Wrong Item,248.87,2025-02-22
R004176,O0040510,P0088,Defective,966.25,2026-05-07
R004177,O0040524,P0090,Late Delivery,805.59,2026-07-10
R004178,O0040532,P0700,Changed Mind,1525.57,2024-09-05
R004179,O0040556,P1110,Changed Mind,473.76,2025-10-11
R004180,O0040557,P0239,Changed Mind,155.75,2026-01-22
R004181,O0040557,P0866,Defective,1086.54,2026-01-18
R004182,O0040564,P0838,Defective,111.39,2025-10-26
R004183,O0040564,P1134,Changed Mind,489.45,2025-10-23
R004184,O0040567,P0375,Defective,816.16,2026-08-10
R004185,O0040567,P0789,Defective,1204.41,2026-08-01
R004186,O0040567,P0503,Changed Mind,1037.15,2026-08-05
R004187,O0040572,P0194,Late Delivery,808.62,2026-02-22
R004188,O0040572,P0792,Changed Mind,900.14,2026-02-26
R004189,O0040572,P0212,Defective,784.6,2026-02-25
R004190,O0040576,P0304,Changed Mind,638.28,2024-08-26
R004191,O0040576,P1004,Wrong Item,1152.51,2024-08-17
R004192,O0040610,P1195,Defective,138.81,2025-06-13
R004193,O0040621,P0448,Changed Mind,3140.93,2024-01-14
R004194,O0040642,P0159,Late Delivery,745.73,2024-09-10
R004195,O0040721,P1179,Changed Mind,735.29,2026-08-26
R004196,O0040721,P1132,Defective,600.8,2026-08-24
R004197,O0040721,P0761,Changed Mind,425.3,2026-08-16
R004198,O0040750,P0171,Defective,1015.55,2025-08-03
R004199,O0040750,P0005,Changed Mind,602.77,2025-08-04
R004200,O0040750,P0745,Late Delivery,774.25,2025-08-06
R004201,O0040758,P1068,Late Delivery,561.67,2024-12-16
R004202,O0040758,P0342,Late Delivery,893.08,2024-12-26
R004203,O0040759,P1431,Defective,391.93,2025-08-13
R004204,O0040766,P1320,Defective,2656.57,2024-11-18
R004205,O0040807,P1000,Changed Mind,427.45,2025-03-29
R004206,O0040821,P0490,Changed Mind,585.12,2026-07-07
R004207,O0040837,P1349,Defective,1318.39,2025-01-07
R004208,O0040837,P0980,Defective,1789.87,2025-01-23
R004209,O0040862,P1179,Late Delivery,1192.59,2024-05-27
R004210,O0040875,P0244,Late Delivery,811.15,2024-10-26
R004211,O0040875,P0735,Late Delivery,1168.74,2024-11-11
R004212,O0040875,P0220,Changed Mind,1474.82,2024-11-01
R004213,O0040886,P0304,Changed Mind,774.77,2026-03-27
R004214,O0040888,P0289,Defective,274.34,2026-08-12
R004215,O0040898,P0601,Late Delivery,307.86,2024-02-29
R004216,O0040898,P0421,Wrong Item,139.8,2024-03-02
R004217,O0040930,P0491,Wrong Item,755.46,2024-07-09
R004218,O0040930,P1425,Changed Mind,474.81,2024-06-28
R004219,O0040932,P0798,Late Delivery,687.21,2024-05-04
R004220,O0040934,P0466,Defective,1017.56,2024-09-20
R004221,O0040934,P0465,Defective,945.33,2024-09-18
R004222,O0040934,P0662,Wrong Item,539.11,2024-09-14
R004223,O0040941,P0332,Wrong Item,1165.76,2026-04-06
R004224,O0040941,P0997,Late Delivery,906.43,2026-03-31
R004225,O0040942,P0024,Changed Mind,685.5,2025-10-02
R004226,O0040946,P0986,Late Delivery,42.36,2024-12-11
R004227,O0040946,P0817,Wrong Item,2429.4,2024-12-10
R004228,O0040957,P1087,Wrong Item,175.21,2024-02-04
R004229,O0040957,P0435,Wrong Item,2541.16,2024-01-27
R004230,O0040969,P0701,Defective,60.59,2025-06-01
R004231,O0041037,P1430,Late Delivery,31.25,2024-10-08
R004232,O0041085,P0699,Late Delivery,1059.68,2025-01-05
R004233,O0041085,P0345,Wrong Item,392.19,2024-12-26
R004234,O0041085,P1222,Late Delivery,1111.03,2025-01-02
R004235,O0041086,P1065,Defective,397.84,2024-10-17
R004236,O0041086,P0155,Wrong Item,1270.09,2024-10-08
R004237,O0041109,P0295,Wrong Item,130.85,2024-08-15
R004238,O0041114,P0158,Changed Mind,1070.95,2026-08-26
R004239,O0041114,P1352,Changed Mind,580.02,2026-08-27
R004240,O0041114,P0643,Late Delivery,175.54,2026-08-16
R004241,O0041114,P0805,Late Delivery,20.49,2026-08-22
R004242,O0041115,P0835,Wrong Item,421.03,2024-10-31
R004243,O0041123,P0521,Late Delivery,1217.92,2025-10-13
R004244,O0041123,P0221,Late Delivery,716.38,2025-10-18
R004245,O0041136,P0255,Late Delivery,741.81,2025-11-18
R004246,O0041161,P0868,Late Delivery,978.5,2025-05-17
R004247,O0041167,P0618,Wrong Item,864.13,2024-11-16
R004248,O0041213,P1449,Wrong Item,166.28,2025-12-14
R004249,O0041219,P0443,Late Delivery,864.18,2024-08-17
R004250,O0041219,P0987,Defective,828.46,2024-08-18
R004251,O0041231,P0924,Defective,590.39,2024-03-12
R004252,O0041231,P1373,Late Delivery,639.45,2024-03-15
R004253,O0041243,P1448,Wrong Item,1120.14,2025-08-17
R004254,O0041269,P1194,Changed Mind,954.49,2025-07-31
R004255,O0041269,P1328,Late Delivery,743.12,2025-07-27
R004256,O0041269,P0228,Late Delivery,1466.87,2025-08-05
R004257,O0041274,P0168,Wrong Item,1596.97,2025-04-22
R004258,O0041275,P1047,Late Delivery,1047.35,2026-01-21
R004259,O0041289,P1284,Wrong Item,624.67,2025-12-13
R004260,O0041289,P0933,Changed Mind,2204.25,2025-12-26
R004261,O0041299,P0505,Wrong Item,1330.75,2024-05-03
R004262,O0041299,P0493,Late Delivery,818.47,2024-05-09
R004263,O0041299,P0889,Wrong Item,908.58,2024-05-02
R004264,O0041343,P1160,Wrong Item,248.91,2024-09-25
R004265,O0041343,P0796,Wrong Item,1110.42,2024-09-28
R004266,O0041355,P0791,Changed Mind,730.46,2025-02-22
R004267,O0041359,P0436,Changed Mind,1052.36,2024-07-03
R004268,O0041359,P0461,Wrong Item,539.2,2024-07-01
R004269,O0041365,P0262,Changed Mind,1146.48,2025-08-12
R004270,O0041377,P0431,Defective,1407.0,2025-12-27
R004271,O0041379,P0207,Changed Mind,1412.7,2024-03-07
R004272,O0041379,P1067,Wrong Item,780.15,2024-02-26
R004273,O0041381,P0894,Defective,377.08,2026-04-24
R004274,O0041441,P0213,Changed Mind,1384.3,2025-05-19
R004275,O0041441,P1230,Wrong Item,295.36,2025-05-19
R004276,O0041473,P0090,Changed Mind,1855.58,2024-12-09
R004277,O0041473,P1344,Changed Mind,1201.82,2024-12-04
R004278,O0041476,P0458,Defective,2587.26,2025-03-20
R004279,O0041481,P0476,Late Delivery,1120.27,2025-03-01
R004280,O0041501,P0213,Late Delivery,823.5,2024-02-06
R004281,O0041501,P1253,Late Delivery,4379.94,2024-02-11
R004282,O0041509,P0509,Wrong Item,1253.66,2025-02-05
R004283,O0041536,P0311,Wrong Item,4213.22,2025-06-26
R004284,O0041536,P0541,Late Delivery,679.46,2025-06-09
R004285,O0041549,P0548,Defective,932.01,2025-01-01
R004286,O0041567,P0617,Changed Mind,26.34,2026-06-04
R004287,O0041684,P0845,Defective,591.59,2026-05-10
R004288,O0041686,P0496,Defective,1273.37,2024-08-09
R004289,O0041700,P0930,Late Delivery,237.22,2024-10-06
R004290,O0041700,P1145,Defective,1335.55,2024-10-13
R004291,O0041704,P0967,Wrong Item,272.0,2024-10-09
R004292,O0041724,P0552,Changed Mind,646.18,2026-06-21
R004293,O0041724,P0504,Defective,1242.88,2026-06-14
R004294,O0041736,P1242,Late Delivery,818.96,2025-01-24
R004295,O0041743,P1387,Changed Mind,2557.73,2024-10-31
R004296,O0041743,P1216,Late Delivery,385.53,2024-10-23
R004297,O0041744,P1322,Defective,555.61,2025-06-11
R004298,O0041767,P0379,Defective,1172.0,2025-11-14
R004299,O0041767,P0903,Late Delivery,1637.71,2025-11-21
R004300,O0041767,P1212,Defective,532.12,2025-11-26
R004301,O0041772,P1334,Changed Mind,3642.97,2024-03-07
R004302,O0041772,P0150,Changed Mind,732.07,2024-02-27
R004303,O0041772,P0180,Changed Mind,891.75,2024-02-29
R004304,O0041780,P1203,Late Delivery,1010.11,2026-01-24
R004305,O0041782,P1282,Wrong Item,1333.45,2025-05-11
R004306,O0041789,P0939,Changed Mind,846.39,2024-05-05
R004307,O0041789,P0028,Wrong Item,2611.04,2024-04-24
R004308,O0041803,P0878,Changed Mind,461.42,2024-09-20
R004309,O0041803,P0326,Defective,2114.02,2024-09-30
R004310,O0041838,P0121,Wrong Item,2056.84,2026-03-12
R004311,O0041838,P1298,Defective,1192.09,2026-03-02
R004312,O0041867,P0213,Defective,854.61,2024-12-02
R004313,O0041911,P0900,Changed Mind,410.66,2026-03-26
R004314,O0041919,P0323,Changed Mind,309.05,2026-03-06
R004315,O0041919,P0928,Wrong Item,1349.75,2026-03-14
R004316,O0041947,P0548,Late Delivery,939.46,2025-04-18
R004317,O0041962,P0115,Changed Mind,1320.69,2025-11-10
R004318,O0041984,P1472,Changed Mind,2413.23,2024-07-07
R004319,O0041984,P1140,Late Delivery,218.1,2024-07-16
R004320,O0041984,P0103,Changed Mind,1239.69,2024-07-11
R004321,O0042004,P0594,Changed Mind,1366.9,2026-09-04
R004322,O0042015,P0787,Wrong Item,196.63,2026-02-17
R004323,O0042015,P0375,Wrong Item,805.25,2026-02-19
R004324,O0042027,P0567,Changed Mind,189.56,2025-06-13
R004325,O0042040,P0120,Wrong Item,105.55,2026-08-21
R004326,O0042040,P1074,Wrong Item,234.63,2026-08-30
R004327,O0042050,P0078,Defective,63.9,2025-03-02
R004328,O0042050,P0409,Changed Mind,2230.44,2025-03-04
R004329,O0042052,P0666,Wrong Item,129.89,2025-12-16
R004330,O0042052,P1206,Defective,668.56,2025-12-08
R004331,O0042052,P0528,Wrong Item,450.48,2025-12-03
R004332,O0042092,P0456,Defective,283.68,2024-02-28
R004333,O0042092,P1440,Late Delivery,779.15,2024-02-24
R004334,O0042113,P1105,Changed Mind,1226.89,2024-04-08
R004335,O0042140,P0790,Wrong Item,56.05,2024-06-07
R004336,O0042159,P0265,Late Delivery,873.68,2026-05-02
R004337,O0042181,P1301,Changed Mind,527.82,2024-10-30
R004338,O0042210,P0880,Changed Mind,2506.89,2025-02-21
R004339,O0042210,P0794,Defective,841.19,2025-02-25
R004340,O0042236,P1353,Wrong Item,1021.61,2025-04-07
R004341,O0042236,P1329,Wrong Item,1400.13,2025-04-15
R004342,O0042301,P0514,Changed Mind,209.54,2024-05-04
R004343,O0042305,P0694,Wrong Item,92.07,2024-04-07
R004344,O0042313,P1415,Changed Mind,1523.93,2025-05-25
R004345,O0042316,P0816,Wrong Item,1130.99,2024-09-04
R004346,O0042321,P0318,Wrong Item,902.93,2024-11-30
R004347,O0042357,P1484,Defective,690.37,2025-03-23
R004348,O0042361,P0545,Late Delivery,862.85,2025-02-02
R004349,O0042378,P1344,Late Delivery,1116.68,2024-11-07
R004350,O0042378,P0706,Late Delivery,1141.24,2024-11-09
R004351,O0042403,P0472,Late Delivery,885.99,2026-04-06
R004352,O0042403,P0561,Changed Mind,567.4,2026-03-31
R004353,O0042404,P0775,Defective,812.68,2026-04-06
R004354,O0042416,P0080,Defective,627.36,2026-07-28
R004355,O0042416,P0533,Late Delivery,2175.56,2026-07-17
R004356,O0042431,P1299,Changed Mind,499.05,2026-07-30
R004357,O0042431,P0093,Changed Mind,598.42,2026-07-18
R004358,O0042431,P0204,Wrong Item,775.62,2026-07-22
R004359,O0042446,P0309,Changed Mind,2735.78,2026-05-15
R004360,O0042446,P1264,Changed Mind,249.57,2026-05-21
R004361,O0042449,P1018,Defective,997.0,2025-01-16
R004362,O0042449,P1296,Changed Mind,334.25,2025-01-16
R004363,O0042456,P0460,Wrong Item,547.0,2026-03-25
R004364,O0042456,P1277,Late Delivery,1261.32,2026-03-25
R004365,O0042476,P0091,Wrong Item,734.27,2026-06-17
R004366,O0042493,P0101,Wrong Item,251.29,2024-04-21
R004367,O0042493,P0535,Late Delivery,455.72,2024-04-25
R004368,O0042524,P1219,Defective,223.06,2025-04-23
R004369,O0042528,P0058,Late Delivery,851.79,2024-03-08
R004370,O0042575,P0898,Late Delivery,101.95,2024-06-06
R004371,O0042575,P0509,Defective,1268.41,2024-06-21
R004372,O0042608,P1372,Defective,3930.34,2026-08-08
R004373,O0042612,P0044,Wrong Item,1842.28,2024-04-27
R004374,O0042643,P0917,Late Delivery,776.66,2024-06-13
R004375,O0042678,P1239,Changed Mind,909.35,2025-06-24
R004376,O0042678,P0907,Wrong Item,33.63,2025-06-24
R004377,O0042678,P0795,Wrong Item,1265.89,2025-07-06
R004378,O0042686,P1124,Changed Mind,1170.23,2024-03-25
R004379,O0042686,P1250,Changed Mind,3214.53,2024-04-06
R004380,O0042718,P0659,Wrong Item,1336.11,2025-02-14
R004381,O0042730,P0232,Defective,940.98,2024-04-27
R004382,O0042730,P1011,Defective,2205.62,2024-05-01
R004383,O0042744,P0521,Wrong Item,1041.5,2026-01-04
R004384,O0042744,P1427,Changed Mind,232.88,2026-01-02
R004385,O0042748,P0298,Wrong Item,919.52,2024-02-22
R004386,O0042748,P1257,Defective,27.82,2024-02-22
R004387,O0042748,P1151,Changed Mind,480.66,2024-02-20
R004388,O0042759,P1393,Changed Mind,134.85,2025-04-26
R004389,O0042762,P1301,Defective,611.79,2025-05-19
R004390,O0042811,P0565,Changed Mind,804.47,2024-11-10
R004391,O0042812,P1015,Defective,991.29,2026-09-04
R004392,O0042846,P1156,Defective,256.65,2024-11-27
R004393,O0042861,P1294,Defective,1493.13,2024-07-16
R004394,O0042862,P1026,Defective,419.57,2025-01-29
R004395,O0042868,P0895,Late Delivery,2075.04,2025-05-18
R004396,O0042879,P0864,Late Delivery,223.9,2025-07-02
R004397,O0042889,P0587,Late Delivery,596.19,2024-09-22
R004398,O0042889,P0734,Defective,2238.4,2024-10-05
R004399,O0042903,P0239,Changed Mind,146.35,2025-05-16
R004400,O0042908,P0265,Wrong Item,3793.26,2024-10-21
R004401,O0042908,P1153,Changed Mind,1666.09,2024-10-19
R004402,O0042932,P0311,Late Delivery,1236.96,2024-03-06
R004403,O0042940,P0124,Changed Mind,1063.41,2024-11-12
R004404,O0042941,P0676,Defective,167.91,2025-03-20
R004405,O0042941,P1493,Defective,1084.99,2025-03-28
R004406,O0042958,P1321,Wrong Item,920.73,2025-12-09
R004407,O0042958,P0979,Wrong Item,2016.16,2025-12-03
R004408,O0042958,P0122,Late Delivery,321.32,2025-12-08
R004409,O0042959,P0057,Changed Mind,1131.07,2026-01-11
R004410,O0042960,P0963,Defective,192.82,2025-07-15
R004411,O0042966,P1371,Defective,1135.6,2025-05-06
R004412,O0042966,P0978,Late Delivery,944.63,2025-05-11
R004413,O0043009,P0121,Defective,1148.85,2025-02-04
R004414,O0043018,P0036,Wrong Item,922.62,2025-12-24
R004415,O0043039,P1388,Changed Mind,2170.68,2024-08-09
R004416,O0043040,P1020,Defective,1044.98,2026-09-05
R004417,O0043040,P1150,Late Delivery,969.9,2026-09-12
R004418,O0043048,P0192,Changed Mind,1259.89,2025-10-20
R004419,O0043048,P0813,Changed Mind,1042.84,2025-11-01
R004420,O0043051,P1452,Late Delivery,774.18,2024-03-05
R004421,O0043051,P0456,Changed Mind,285.47,2024-03-18
R004422,O0043051,P1184,Late Delivery,1204.39,2024-03-17
R004423,O0043051,P0951,Wrong Item,277.38,2024-03-20
R004424,O0043054,P0064,Changed Mind,1335.07,2025-12-24
R004425,O0043054,P1225,Defective,191.91,2025-12-11
R004426,O0043054,P0825,Changed Mind,1184.93,2025-12-21
R004427,O0043055,P0903,Late Delivery,799.78,2026-01-07
R004428,O0043089,P0786,Changed Mind,500.65,2025-05-31
R004429,O0043110,P0364,Late Delivery,201.85,2024-01-31
R004430,O0043110,P0301,Wrong Item,2371.66,2024-01-30
R004431,O0043110,P0785,Late Delivery,1020.09,2024-02-06
R004432,O0043110,P0407,Late Delivery,603.64,2024-01-26
R004433,O0043118,P1463,Late Delivery,430.22,2025-06-19
R004434,O0043118,P0266,Changed Mind,1374.39,2025-06-26
R004435,O0043118,P1473,Changed Mind,322.7,2025-06-17
R004436,O0043118,P0018,Defective,693.31,2025-06-28
R004437,O0043139,P0571,Wrong Item,1400.12,2024-10-28
R004438,O0043140,P0409,Defective,1221.95,2024-09-16
R004439,O0043140,P1077,Late Delivery,792.58,2024-09-16
R004440,O0043142,P1195,Changed Mind,151.47,2026-03-31
R004441,O0043165,P1377,Wrong Item,1216.4,2025-09-17
R004442,O0043188,P1199,Defective,447.79,2025-05-22
R004443,O0043194,P0671,Wrong Item,181.76,2026-09-15
R004444,O0043200,P0947,Wrong Item,158.11,2025-05-18
R004445,O0043200,P0439,Defective,305.51,2025-05-24
R004446,O0043213,P0860,Defective,55.46,2026-04-30
R004447,O0043215,P0434,Changed Mind,2556.22,2024-09-10
R004448,O0043215,P0470,Changed Mind,2149.94,2024-09-03
R004449,O0043217,P0459,Defective,639.87,2026-04-29
R004450,O0043217,P0342,Late Delivery,816.99,2026-04-28
R004451,O0043217,P0045,Wrong Item,1263.76,2026-05-02
R004452,O0043225,P0495,Defective,673.05,2025-07-28
R004453,O0043225,P1289,Wrong Item,327.47,2025-07-30
R004454,O0043225,P1367,Late Delivery,731.81,2025-08-04
R004455,O0043233,P1422,Wrong Item,300.88,2025-10-23
R004456,O0043252,P1163,Defective,999.88,2025-04-11
R004457,O0043252,P0277,Wrong Item,211.82,2025-04-12
R004458,O0043253,P1084,Defective,641.13,2025-12-18
R004459,O0043253,P1083,Wrong Item,1486.89,2025-12-05
R004460,O0043253,P0884,Defective,661.33,2025-12-05
R004461,O0043253,P0334,Defective,1592.8,2025-12-03
R004462,O0043279,P0291,Changed Mind,591.67,2024-06-28
R004463,O0043279,P0841,Defective,2526.58,2024-06-25
R004464,O0043288,P1190,Defective,258.54,2024-05-04
R004465,O0043288,P0734,Changed Mind,2119.95,2024-04-24
R004466,O0043288,P0640,Wrong Item,50.83,2024-04-26
R004467,O0043288,P0284,Wrong Item,200.72,2024-05-07
R004468,O0043291,P1370,Wrong Item,2573.42,2025-03-11
R004469,O0043295,P0777,Late Delivery,718.06,2026-03-13
R004470,O0043312,P0320,Defective,2844.13,2024-02-08
R004471,O0043318,P0849,Defective,657.61,2024-02-26
R004472,O0043318,P1453,Late Delivery,1030.67,2024-02-24
R004473,O0043332,P1245,Late Delivery,631.08,2025-03-30
R004474,O0043368,P0041,Changed Mind,1227.64,2026-01-25
R004475,O0043372,P1074,Late Delivery,229.44,2025-02-27
R004476,O0043385,P1385,Wrong Item,434.31,2025-02-04
R004477,O0043385,P0235,Defective,1333.29,2025-02-01
R004478,O0043391,P1214,Late Delivery,1598.48,2026-05-31
R004479,O0043411,P0131,Late Delivery,1982.14,2024-08-01
R004480,O0043421,P0506,Late Delivery,47.57,2025-05-12
R004481,O0043428,P0327,Defective,1447.47,2026-04-27
R004482,O0043440,P0290,Changed Mind,585.71,2025-11-24
R004483,O0043461,P1103,Changed Mind,2107.98,2025-09-20
R004484,O0043470,P1107,Changed Mind,421.69,2025-12-09
R004485,O0043470,P1012,Wrong Item,145.21,2025-11-30
R004486,O0043477,P0283,Wrong Item,786.64,2024-02-06
R004487,O0043488,P0726,Changed Mind,103.43,2025-03-08
R004488,O0043488,P0610,Defective,2283.77,2025-03-17
R004489,O0043491,P1213,Late Delivery,1327.82,2024-05-13
R004490,O0043491,P0093,Late Delivery,313.03,2024-05-05
R004491,O0043532,P1141,Wrong Item,714.24,2026-07-20
R004492,O0043533,P0074,Defective,1258.81,2024-09-17
R004493,O0043564,P0529,Wrong Item,830.13,2024-06-29
R004494,O0043603,P0543,Changed Mind,216.13,2025-09-01
R004495,O0043603,P0141,Late Delivery,1028.84,2025-09-01
R004496,O0043603,P0020,Late Delivery,555.44,2025-08-28
R004497,O0043644,P0779,Late Delivery,1297.6,2026-01-12
R004498,O0043644,P0965,Wrong Item,382.7,2026-01-12
R004499,O0043651,P1433,Defective,1372.72,2024-05-01
R004500,O0043651,P0617,Defective,56.46,2024-04-16
R004501,O0043656,P0893,Changed Mind,270.58,2024-02-23
R004502,O0043656,P0242,Wrong Item,3427.84,2024-02-16
R004503,O0043656,P1001,Changed Mind,957.93,2024-02-27
R004504,O0043688,P1488,Changed Mind,256.38,2026-08-07
R004505,O0043688,P0692,Defective,148.26,2026-08-05
R004506,O0043751,P1090,Changed Mind,510.26,2026-05-07
R004507,O0043751,P0067,Changed Mind,306.9,2026-05-19
R004508,O0043751,P1218,Defective,3557.1,2026-05-15
R004509,O0043762,P0374,Defective,274.09,2025-01-23
R004510,O0043762,P0800,Changed Mind,1020.9,2025-01-29
R004511,O0043769,P0666,Changed Mind,111.93,2024-12-08
R004512,O0043769,P0474,Wrong Item,859.78,2024-12-05
R004513,O0043769,P0302,Defective,1226.14,2024-12-12
R004514,O0043769,P0548,Late Delivery,1095.58,2024-12-05
R004515,O0043769,P0026,Wrong Item,953.65,2024-11-30
R004516,O0043776,P0035,Changed Mind,897.91,2024-12-24
R004517,O0043776,P1005,Changed Mind,741.31,2024-12-27
R004518,O0043805,P0006,Changed Mind,210.88,2026-08-04
R004519,O0043811,P0364,Defective,232.73,2026-03-14
R004520,O0043811,P0700,Wrong Item,922.42,2026-02-25
R004521,O0043869,P1369,Late Delivery,3122.03,2026-05-23
R004522,O0043878,P0437,Wrong Item,455.89,2024-06-05
R004523,O0043878,P0651,Changed Mind,2017.84,2024-06-22
R004524,O0043886,P0259,Changed Mind,4216.23,2024-01-23
R004525,O0043895,P0463,Wrong Item,2213.27,2025-09-24
R004526,O0043895,P1082,Late Delivery,342.05,2025-09-29
R004527,O0043918,P0690,Defective,1249.88,2025-06-26
R004528,O0043948,P1099,Defective,4171.9,2026-06-18
R004529,O0043973,P0361,Wrong Item,1035.73,2024-04-04
R004530,O0043973,P1106,Wrong Item,194.63,2024-03-26
R004531,O0044001,P0568,Defective,626.68,2025-02-05
R004532,O0044021,P1072,Wrong Item,2340.01,2025-01-29
R004533,O0044022,P1151,Changed Mind,447.43,2024-03-03
R004534,O0044098,P0718,Defective,201.58,2026-08-24
R004535,O0044139,P1037,Late Delivery,1008.91,2024-03-12
R004536,O0044165,P0912,Defective,1957.3,2025-09-18
R004537,O0044174,P1249,Wrong Item,713.97,2024-02-29
R004538,O0044185,P0092,Wrong Item,1918.55,2024-05-19
R004539,O0044189,P0421,Defective,117.29,2025-06-09
R004540,O0044198,P1073,Wrong Item,933.61,2025-07-20
R004541,O0044214,P1388,Late Delivery,515.43,2025-12-08
R004542,O0044225,P0288,Changed Mind,2310.82,2026-08-19
R004543,O0044225,P0195,Late Delivery,525.73,2026-08-19
R004544,O0044227,P0424,Changed Mind,441.88,2026-05-01
R004545,O0044242,P1114,Late Delivery,2334.13,2025-09-13
R004546,O0044242,P0326,Wrong Item,672.9,2025-09-01
R004547,O0044242,P0216,Defective,447.67,2025-08-28
R004548,O0044250,P1151,Late Delivery,1466.49,2025-11-30
R004549,O0044259,P0505,Late Delivery,1446.72,2026-06-15
R004550,O0044266,P0380,Defective,242.83,2024-02-22
R004551,O0044269,P1349,Changed Mind,2761.27,2025-04-26
R004552,O0044269,P1271,Changed Mind,535.61,2025-05-12
R004553,O0044276,P0399,Late Delivery,100.78,2024-05-19
R004554,O0044279,P0516,Wrong Item,79.2,2026-04-23
R004555,O0044279,P1458,Wrong Item,880.62,2026-04-17
R004556,O0044306,P1002,Late Delivery,680.16,2026-07-31
R004557,O0044306,P1336,Changed Mind,114.37,2026-07-21
R004558,O0044306,P0669,Late Delivery,672.54,2026-07-23
R004559,O0044314,P0963,Defective,193.63,2026-07-09
R004560,O0044314,P1401,Changed Mind,828.09,2026-07-08
R004561,O0044323,P0248,Changed Mind,33.39,2024-08-05
R004562,O0044362,P1162,Defective,168.71,2024-05-17
R004563,O0044362,P0656,Wrong Item,1983.32,2024-05-19
R004564,O0044372,P1416,Wrong Item,834.2,2026-07-11
R004565,O0044372,P0037,Late Delivery,419.93,2026-07-06
R004566,O0044373,P1361,Late Delivery,136.53,2025-12-11
R004567,O0044405,P0220,Changed Mind,766.3,2026-06-10
R004568,O0044413,P1187,Late Delivery,938.87,2026-04-16
R004569,O0044434,P0051,Wrong Item,321.52,2025-03-13
R004570,O0044449,P1083,Late Delivery,684.26,2025-03-14
R004571,O0044467,P0270,Wrong Item,2219.78,2025-02-01
R004572,O0044490,P0910,Changed Mind,1200.37,2025-07-21
R004573,O0044580,P0630,Defective,732.56,2025-11-28
R004574,O0044585,P0385,Late Delivery,610.98,2025-11-29
R004575,O0044592,P0541,Wrong Item,1974.82,2025-10-16
R004576,O0044592,P1356,Changed Mind,915.84,2025-10-18
R004577,O0044592,P1450,Late Delivery,103.71,2025-10-19
R004578,O0044604,P0124,Late Delivery,1279.11,2025-04-25
R004579,O0044617,P1400,Changed Mind,613.81,2024-08-20
R004580,O0044617,P0974,Changed Mind,414.54,2024-08-10
R004581,O0044617,P0709,Wrong Item,978.18,2024-08-14
R004582,O0044626,P0852,Defective,2013.9,2026-03-02
R004583,O0044626,P0012,Wrong Item,247.88,2026-02-27
R004584,O0044655,P0959,Changed Mind,1681.38,2025-01-31
R004585,O0044690,P0313,Wrong Item,518.49,2025-03-16
R004586,O0044690,P0160,Defective,1595.62,2025-03-30
R004587,O0044690,P0479,Wrong Item,960.78,2025-03-15
R004588,O0044692,P0315,Changed Mind,826.11,2025-12-05
R004589,O0044692,P0978,Changed Mind,848.04,2025-12-13
R004590,O0044693,P0312,Defective,1321.39,2024-02-27
R004591,O0044694,P0059,Late Delivery,116.67,2024-09-01
R004592,O0044694,P1231,Defective,560.42,2024-09-01
R004593,O0044718,P1049,Late Delivery,3034.92,2024-07-28
R004594,O0044728,P1136,Changed Mind,72.64,2024-08-13
R004595,O0044779,P1424,Late Delivery,782.09,2024-11-30
R004596,O0044779,P0125,Changed Mind,969.85,2024-11-25
R004597,O0044780,P0386,Changed Mind,354.6,2025-10-10
R004598,O0044780,P0350,Wrong Item,1134.76,2025-10-26
R004599,O0044787,P0873,Late Delivery,2344.35,2026-08-30
R004600,O0044787,P0417,Defective,19.24,2026-08-15
R004601,O0044787,P0150,Wrong Item,1492.76,2026-08-20
R004602,O0044824,P0742,Changed Mind,882.05,2024-03-18
R004603,O0044824,P0604,Wrong Item,610.06,2024-03-20
R004604,O0044835,P0619,Late Delivery,169.27,2026-06-16
R004605,O0044842,P0326,Defective,787.49,2025-09-10
R004606,O0044842,P1496,Wrong Item,1044.4,2025-09-11
R004607,O0044842,P0486,Defective,4064.99,2025-09-14
R004608,O0044848,P0160,Late Delivery,546.79,2024-05-12
R004609,O0044856,P0590,Wrong Item,1109.31,2024-04-27
R004610,O0044856,P0476,Defective,376.35,2024-05-04
R004611,O0044876,P0377,Changed Mind,2474.14,2025-06-13
R004612,O0044885,P0802,Changed Mind,1315.17,2025-06-15
R004613,O0044892,P1259,Wrong Item,581.75,2026-09-04
R004614,O0044892,P1148,Late Delivery,1636.38,2026-09-16
R004615,O0044900,P0423,Late Delivery,1197.63,2026-01-24
R004616,O0044901,P0677,Defective,1372.87,2026-06-12
R004617,O0044904,P0082,Defective,981.62,2024-03-30
R004618,O0044920,P0223,Defective,1393.89,2024-07-05
R004619,O0044920,P1040,Wrong Item,933.55,2024-06-21
R004620,O0044920,P0743,Wrong Item,821.94,2024-06-25
R004621,O0045010,P0625,Wrong Item,379.56,2026-07-17
R004622,O0045027,P0560,Defective,940.62,2026-05-05
R004623,O0045036,P1275,Changed Mind,740.89,2025-11-22
R004624,O0045036,P1373,Wrong Item,1668.02,2025-11-06
R004625,O0045050,P0287,Late Delivery,1184.22,2025-08-30
R004626,O0045053,P0482,Changed Mind,129.88,2026-08-25
R004627,O0045053,P0778,Wrong Item,120.98,2026-08-14
R004628,O0045053,P1212,Wrong Item,534.07,2026-08-28
R004629,O0045068,P0774,Defective,1523.81,2024-08-18
R004630,O0045068,P0145,Changed Mind,710.78,2024-08-15
R004631,O0045068,P1321,Changed Mind,1711.02,2024-08-24
R004632,O0045076,P0337,Changed Mind,278.02,2025-05-18
R004633,O0045076,P1071,Defective,456.68,2025-05-18
R004634,O0045079,P1476,Wrong Item,521.5,2026-03-27
R004635,O0045083,P1333,Changed Mind,753.57,2024-07-26
R004636,O0045083,P1249,Late Delivery,796.02,2024-07-24
R004637,O0045097,P0441,Wrong Item,2441.87,2024-05-04
R004638,O0045099,P0597,Late Delivery,507.83,2026-03-31
R004639,O0045107,P1326,Wrong Item,2269.62,2025-08-19
R004640,O0045119,P0526,Late Delivery,864.56,2025-11-01
R004641,O0045120,P1478,Changed Mind,1048.87,2025-06-20
R004642,O0045159,P0220,Late Delivery,764.59,2025-11-08
R004643,O0045160,P0169,Defective,1661.79,2026-07-03
R004644,O0045160,P0236,Changed Mind,981.25,2026-07-14
R004645,O0045161,P0542,Wrong Item,1348.09,2024-12-30
R004646,O0045169,P0517,Changed Mind,1105.03,2026-05-20
R004647,O0045169,P1190,Late Delivery,232.52,2026-05-27
R004648,O0045169,P0188,Defective,753.74,2026-05-15
R004649,O0045174,P0246,Wrong Item,435.86,2025-05-19
R004650,O0045174,P0544,Defective,1267.48,2025-06-06
R004651,O0045205,P0761,Defective,866.03,2026-08-21
R004652,O0045205,P0134,Defective,585.28,2026-08-17
R004653,O0045205,P1286,Defective,499.73,2026-08-31
R004654,O0045236,P1101,Changed Mind,540.48,2024-08-21
R004655,O0045236,P0641,Changed Mind,1178.16,2024-08-28
R004656,O0045236,P0867,Changed Mind,1067.37,2024-09-03
R004657,O0045254,P1406,Late Delivery,918.93,2025-11-07
R004658,O0045259,P0534,Changed Mind,800.32,2024-06-13
R004659,O0045276,P0286,Defective,1405.22,2026-02-03
R004660,O0045277,P1060,Wrong Item,607.64,2024-05-27
R004661,O0045277,P1225,Defective,210.27,2024-05-28
R004662,O0045279,P0236,Late Delivery,931.78,2024-09-01
R004663,O0045279,P0299,Changed Mind,59.18,2024-08-25
R004664,O0045327,P0879,Defective,2570.94,2025-12-28
R004665,O0045331,P1131,Late Delivery,1221.46,2024-03-16
R004666,O0045342,P0772,Late Delivery,1038.25,2026-01-18
R004667,O0045357,P0342,Wrong Item,834.76,2025-08-31
R004668,O0045357,P1141,Defective,686.81,2025-08-25
R004669,O0045375,P1408,Changed Mind,574.87,2025-02-09
R004670,O0045375,P0266,Late Delivery,2611.04,2025-02-04
R004671,O0045375,P1181,Defective,1656.54,2025-02-07
R004672,O0045377,P0572,Changed Mind,1238.95,2024-05-15
R004673,O0045395,P1430,Wrong Item,103.92,2025-07-16
R004674,O0045400,P0909,Defective,594.42,2024-08-13
R004675,O0045400,P0532,Wrong Item,356.54,2024-08-07
R004676,O0045410,P0952,Wrong Item,268.93,2024-12-21
R004677,O0045410,P0808,Defective,436.31,2024-12-05
R004678,O0045411,P0421,Wrong Item,128.48,2025-01-21
R004679,O0045411,P0204,Changed Mind,489.41,2025-02-01
R004680,O0045438,P1278,Changed Mind,1128.33,2025-08-31
R004681,O0045472,P0163,Late Delivery,340.38,2025-10-16
R004682,O0045472,P0716,Changed Mind,677.07,2025-10-15
R004683,O0045472,P0473,Wrong Item,635.61,2025-10-30
R004684,O0045472,P1459,Wrong Item,1056.4,2025-10-28
R004685,O0045486,P0552,Late Delivery,249.03,2025-10-14
R004686,O0045509,P1467,Late Delivery,525.78,2026-08-10
R004687,O0045534,P1439,Wrong Item,929.97,2026-08-15
R004688,O0045540,P1323,Defective,572.93,2026-03-14
R004689,O0045540,P1246,Late Delivery,1883.85,2026-03-02
R004690,O0045564,P0386,Wrong Item,333.12,2026-01-26
R004691,O0045564,P1076,Wrong Item,471.6,2026-02-01
R004692,O0045587,P0533,Late Delivery,1645.8,2026-06-22
R004693,O0045587,P0768,Late Delivery,501.64,2026-07-05
R004694,O0045600,P0478,Defective,489.88,2026-07-16
R004695,O0045614,P0276,Late Delivery,432.14,2026-06-20
R004696,O0045637,P0686,Wrong Item,1154.1,2026-09-15
R004697,O0045706,P0320,Defective,1422.8,2026-02-10
R004698,O0045706,P0321,Defective,2349.48,2026-02-13
R004699,O0045706,P0112,Late Delivery,205.73,2026-02-08
R004700,O0045706,P0495,Defective,662.39,2026-02-08
R004701,O0045708,P0086,Late Delivery,543.22,2025-12-14
R004702,O0045708,P0365,Late Delivery,360.34,2025-12-18
R004703,O0045716,P1498,Changed Mind,909.04,2026-05-11
R004704,O0045722,P1043,Changed Mind,1308.41,2025-01-15
R004705,O0045722,P0164,Wrong Item,116.42,2025-01-15
R004706,O0045722,P0049,Late Delivery,923.19,2025-01-06
R004707,O0045727,P0089,Late Delivery,972.05,2024-06-29
R004708,O0045742,P1187,Late Delivery,1598.29,2026-07-29
R004709,O0045742,P0183,Late Delivery,1245.72,2026-07-24
R004710,O0045755,P1453,Changed Mind,952.12,2024-08-02
R004711,O0045759,P1465,Late Delivery,1006.3,2025-11-22
R004712,O0045759,P0457,Defective,1320.97,2025-11-08
R004713,O0045759,P0214,Defective,615.43,2025-11-19
R004714,O0045789,P1197,Late Delivery,1532.78,2025-04-29
R004715,O0045789,P1491,Changed Mind,936.51,2025-04-21
R004716,O0045834,P0487,Defective,73.02,2025-07-22
R004717,O0045848,P0939,Late Delivery,789.7,2024-03-05
R004718,O0045888,P0115,Wrong Item,1275.38,2024-11-12
R004719,O0045888,P1046,Wrong Item,528.62,2024-11-04
R004720,O0045898,P1021,Defective,2109.95,2025-07-08
R004721,O0045903,P0299,Late Delivery,27.7,2026-06-15
R004722,O0045926,P1031,Wrong Item,283.8,2024-09-05
R004723,O0045929,P1447,Late Delivery,1001.33,2026-04-24
R004724,O0045929,P1137,Changed Mind,1000.45,2026-04-26
R004725,O0045929,P0241,Late Delivery,486.67,2026-04-14
R004726,O0045929,P1360,Defective,877.94,2026-04-10
R004727,O0045957,P0576,Late Delivery,177.0,2025-10-06
R004728,O0045957,P0536,Changed Mind,1822.42,2025-10-14
R004729,O0045957,P0377,Changed Mind,701.17,2025-10-20
R004730,O0046019,P0321,Defective,1243.12,2024-05-20
R004731,O0046064,P0973,Changed Mind,58.94,2025-07-15
R004732,O0046074,P0512,Late Delivery,93.98,2024-09-12
R004733,O0046079,P0155,Late Delivery,2567.11,2024-10-04
R004734,O0046079,P0528,Changed Mind,541.2,2024-10-04
R004735,O0046087,P0450,Wrong Item,972.37,2025-12-07
R004736,O0046114,P1231,Wrong Item,513.9,2024-07-27
R004737,O0046128,P1354,Wrong Item,476.56,2024-04-07
R004738,O0046134,P0381,Changed Mind,580.89,2024-11-06
R004739,O0046141,P0182,Late Delivery,157.79,2024-02-08
R004740,O0046145,P0743,Changed Mind,763.53,2026-08-21
R004741,O0046147,P1416,Defective,949.47,2025-08-12
R004742,O0046147,P0949,Changed Mind,276.25,2025-07-26
R004743,O0046194,P1465,Late Delivery,897.66,2024-04-07
R004744,O0046223,P0547,Late Delivery,816.05,2026-04-09
R004745,O0046254,P0358,Wrong Item,2112.7,2025-11-04
R004746,O0046254,P0498,Defective,41.98,2025-11-13
R004747,O0046259,P0892,Wrong Item,421.07,2024-04-23
R004748,O0046286,P0510,Defective,1950.73,2025-03-22
R004749,O0046286,P0816,Changed Mind,948.61,2025-03-19
R004750,O0046303,P0199,Late Delivery,642.12,2024-09-28
R004751,O0046303,P0629,Wrong Item,138.41,2024-09-25
R004752,O0046311,P0681,Defective,1021.3,2025-03-21
R004753,O0046336,P0662,Defective,485.14,2026-06-10
R004754,O0046336,P0563,Wrong Item,488.58,2026-06-12
R004755,O0046343,P1057,Changed Mind,149.63,2024-11-01
R004756,O0046345,P0433,Changed Mind,567.45,2024-04-25
R004757,O0046372,P0973,Defective,62.99,2024-09-06
R004758,O0046380,P0580,Changed Mind,645.85,2024-09-23
R004759,O0046380,P0664,Wrong Item,420.18,2024-09-20
R004760,O0046380,P0599,Defective,976.94,2024-09-26
R004761,O0046388,P0305,Late Delivery,691.87,2025-06-11
R004762,O0046401,P0897,Wrong Item,905.0,2026-09-08
R004763,O0046401,P1357,Defective,490.4,2026-08-30
R004764,O0046401,P1221,Changed Mind,2531.18,2026-09-10
R004765,O0046405,P1184,Wrong Item,1289.11,2025-10-15
R004766,O0046424,P0193,Defective,503.68,2024-05-03
R004767,O0046424,P0399,Defective,102.96,2024-05-04
R004768,O0046424,P1338,Changed Mind,567.73,2024-05-01
R004769,O0046424,P0490,Wrong Item,531.13,2024-05-09
R004770,O0046429,P0513,Wrong Item,367.29,2026-04-17
R004771,O0046429,P0839,Changed Mind,607.55,2026-04-24
R004772,O0046452,P1006,Changed Mind,2451.91,2024-01-14
R004773,O0046452,P0082,Wrong Item,1666.25,2024-01-13
R004774,O0046481,P1132,Changed Mind,2667.82,2025-02-03
R004775,O0046481,P0892,Changed Mind,903.35,2025-02-02
R004776,O0046501,P0060,Wrong Item,345.78,2024-03-31
R004777,O0046504,P0948,Defective,87.37,2025-10-07
R004778,O0046505,P0349,Wrong Item,1307.28,2026-04-10
R004779,O0046505,P0956,Wrong Item,701.36,2026-04-05
R004780,O0046514,P0536,Changed Mind,968.38,2026-02-17
R004781,O0046514,P0662,Changed Mind,576.1,2026-02-15
R004782,O0046518,P1422,Wrong Item,368.1,2025-07-24
R004783,O0046518,P0224,Defective,207.52,2025-07-23
R004784,O0046520,P1287,Changed Mind,60.18,2024-11-01
R004785,O0046534,P0778,Wrong Item,446.32,2026-04-29
R004786,O0046534,P0787,Wrong Item,230.1,2026-05-11
R004787,O0046543,P1346,Defective,202.16,2024-09-27
R004788,O0046543,P0623,Wrong Item,345.22,2024-09-28
R004789,O0046543,P0293,Wrong Item,600.25,2024-10-11
R004790,O0046557,P0375,Defective,1811.79,2025-11-14
R004791,O0046573,P1256,Changed Mind,877.28,2025-05-07
R004792,O0046573,P0397,Defective,36.15,2025-05-01
R004793,O0046579,P1327,Changed Mind,962.94,2025-07-23
R004794,O0046594,P0366,Defective,996.76,2025-07-14
R004795,O0046631,P1351,Defective,231.3,2025-12-25
R004796,O0046654,P0479,Defective,770.21,2025-07-01
R004797,O0046654,P0400,Changed Mind,1073.08,2025-07-12
R004798,O0046654,P0999,Defective,847.97,2025-07-05
R004799,O0046658,P0781,Late Delivery,1265.92,2025-10-27
R004800,O0046660,P0635,Defective,62.75,2026-03-21
R004801,O0046660,P0616,Wrong Item,1077.81,2026-03-23
R004802,O0046663,P0194,Late Delivery,697.67,2026-04-10
R004803,O0046669,P1257,Wrong Item,27.82,2025-10-27
R004804,O0046676,P0012,Late Delivery,840.57,2026-07-13
R004805,O0046676,P1232,Defective,174.77,2026-07-27
R004806,O0046688,P0896,Changed Mind,804.39,2025-07-05
R004807,O0046688,P0371,Wrong Item,259.38,2025-07-15
R004808,O0046689,P1248,Wrong Item,348.29,2024-12-04
R004809,O0046704,P0953,Changed Mind,242.59,2024-05-28
R004810,O0046706,P1310,Late Delivery,190.24,2026-02-14
R004811,O0046729,P0475,Defective,57.77,2024-06-10
R004812,O0046729,P1108,Changed Mind,297.88,2024-06-13
R004813,O0046731,P0631,Wrong Item,1698.05,2026-07-03
R004814,O0046741,P0230,Defective,1262.67,2024-07-30
R004815,O0046755,P1078,Changed Mind,1359.87,2024-07-29
R004816,O0046755,P1055,Late Delivery,690.55,2024-07-20
R004817,O0046763,P0018,Wrong Item,242.93,2025-03-08
R004818,O0046763,P1473,Wrong Item,371.33,2025-03-07
R004819,O0046764,P0259,Wrong Item,1116.6,2026-07-13
R004820,O0046768,P0092,Wrong Item,1165.82,2024-05-08
R004821,O0046768,P0211,Changed Mind,873.43,2024-05-09
R004822,O0046771,P0999,Changed Mind,914.94,2024-12-31
R004823,O0046790,P0668,Late Delivery,56.34,2025-08-27
R004824,O0046791,P1086,Late Delivery,769.7,2026-04-19
R004825,O0046797,P0529,Wrong Item,1618.96,2025-01-02
R004826,O0046797,P1066,Defective,465.68,2025-01-08
R004827,O0046806,P1119,Wrong Item,676.1,2025-10-13
R004828,O0046808,P1033,Wrong Item,2430.95,2024-01-22
R004829,O0046808,P0229,Changed Mind,670.59,2024-01-15
R004830,O0046811,P1432,Changed Mind,653.01,2026-03-26
R004831,O0046811,P1296,Wrong Item,318.91,2026-03-11
R004832,O0046832,P0288,Late Delivery,823.81,2026-08-22
R004833,O0046841,P1309,Late Delivery,808.9,2024-04-14
R004834,O0046859,P1228,Defective,1066.19,2024-12-20
R004835,O0046886,P0017,Defective,170.1,2024-08-20
R004836,O0046933,P0564,Wrong Item,1601.52,2025-03-07
R004837,O0046939,P0600,Late Delivery,469.29,2026-05-19
R004838,O0046939,P1108,Wrong Item,246.21,2026-05-17
R004839,O0046957,P1466,Changed Mind,319.04,2025-01-21
R004840,O0046974,P1305,Changed Mind,1116.94,2026-03-09
R004841,O0046979,P1085,Defective,2622.41,2024-10-30
R004842,O0046986,P0209,Defective,1577.76,2026-07-08
R004843,O0046994,P0143,Late Delivery,105.57,2026-08-29
R004844,O0046994,P0514,Late Delivery,100.66,2026-09-02
R004845,O0046994,P0193,Late Delivery,249.73,2026-08-15
R004846,O0046995,P0602,Wrong Item,715.51,2026-05-16
R004847,O0047012,P0416,Wrong Item,80.96,2024-09-12
R004848,O0047012,P0424,Defective,404.81,2024-09-18
R004849,O0047016,P1422,Changed Mind,163.62,2026-08-15
R004850,O0047016,P0382,Wrong Item,301.95,2026-08-27
R004851,O0047027,P1210,Wrong Item,866.59,2024-04-22
R004852,O0047027,P1155,Late Delivery,510.88,2024-04-21
R004853,O0047027,P1285,Changed Mind,888.11,2024-05-05
R004854,O0047027,P0480,Wrong Item,1652.87,2024-04-26
R004855,O0047042,P0108,Changed Mind,1107.04,2024-04-19
R004856,O0047042,P1162,Late Delivery,178.53,2024-04-23
R004857,O0047042,P0562,Late Delivery,148.0,2024-04-28
R004858,O0047110,P0749,Late Delivery,2832.8,2025-03-09
R004859,O0047122,P1487,Changed Mind,656.84,2025-12-22
R004860,O0047127,P0110,Changed Mind,1065.66,2026-05-14
R004861,O0047154,P0295,Wrong Item,134.27,2025-02-21
R004862,O0047154,P0370,Changed Mind,1099.03,2025-02-15
R004863,O0047154,P0099,Late Delivery,82.0,2025-02-22
R004864,O0047155,P0760,Late Delivery,2114.09,2025-07-19
R004865,O0047155,P0949,Wrong Item,276.25,2025-07-09
R004866,O0047155,P0332,Late Delivery,1165.06,2025-07-11
R004867,O0047155,P1209,Late Delivery,1660.0,2025-07-08
R004868,O0047206,P0593,Defective,1169.92,2025-03-05
R004869,O0047206,P0962,Wrong Item,307.6,2025-03-09
R004870,O0047206,P0801,Wrong Item,957.85,2025-03-17
R004871,O0047212,P0175,Wrong Item,494.83,2024-04-25
R004872,O0047274,P0770,Wrong Item,922.63,2025-06-06
R004873,O0047274,P0182,Wrong Item,383.88,2025-06-19
R004874,O0047274,P0467,Changed Mind,187.22,2025-06-20
R004875,O0047274,P1110,Wrong Item,624.43,2025-06-06
R004876,O0047281,P0439,Late Delivery,332.97,2025-08-02
R004877,O0047295,P1304,Changed Mind,641.68,2024-10-12
R004878,O0047306,P1096,Late Delivery,714.6,2024-10-09
R004879,O0047328,P0068,Defective,528.96,2024-09-22
R004880,O0047330,P0166,Wrong Item,1245.52,2025-04-10
R004881,O0047351,P0186,Defective,1236.86,2025-03-10
R004882,O0047375,P0895,Defective,712.85,2026-09-01
R004883,O0047386,P0551,Late Delivery,465.57,2024-08-31
R004884,O0047386,P0958,Late Delivery,145.32,2024-09-04
R004885,O0047407,P0304,Changed Mind,806.12,2025-12-21
R004886,O0047415,P1100,Changed Mind,344.35,2026-07-20
R004887,O0047415,P0631,Defective,628.16,2026-07-27
R004888,O0047419,P0143,Late Delivery,198.51,2026-01-05
R004889,O0047477,P0491,Wrong Item,676.28,2024-02-20
R004890,O0047480,P0514,Late Delivery,178.0,2024-02-05
R004891,O0047486,P1139,Changed Mind,214.55,2024-08-24
R004892,O0047508,P0045,Changed Mind,2489.22,2024-10-11
R004893,O0047552,P1155,Defective,312.39,2024-03-25
R004894,O0047560,P1333,Defective,732.2,2024-08-17
R004895,O0047601,P0231,Late Delivery,2358.65,2025-12-03
R004896,O0047625,P0405,Wrong Item,167.96,2024-06-20
R004897,O0047625,P1094,Wrong Item,1464.96,2024-06-17
R004898,O0047625,P0669,Wrong Item,671.02,2024-06-15
R004899,O0047628,P1016,Defective,655.21,2024-11-09
R004900,O0047628,P0074,Defective,1168.99,2024-11-08
R004901,O0047642,P0768,Changed Mind,250.82,2025-12-09
R004902,O0047649,P1404,Defective,268.59,2024-01-31
R004903,O0047740,P1473,Defective,324.43,2025-07-10
R004904,O0047744,P0349,Wrong Item,1078.84,2025-04-04
R004905,O0047744,P0798,Late Delivery,700.53,2025-04-03
R004906,O0047757,P0259,Changed Mind,1343.29,2024-05-22
R004907,O0047781,P0805,Late Delivery,22.22,2025-03-17
R004908,O0047781,P0611,Wrong Item,1720.68,2025-03-12
R004909,O0047785,P0490,Changed Mind,1158.18,2024-03-06
R004910,O0047785,P0131,Late Delivery,596.88,2024-03-09
R004911,O0047785,P0190,Wrong Item,142.71,2024-03-06
R004912,O0047798,P0585,Defective,1018.6,2024-05-15
R004913,O0047800,P0915,Wrong Item,208.83,2025-08-05
R004914,O0047823,P0121,Defective,1189.0,2024-09-06
R004915,O0047823,P0438,Late Delivery,1096.9,2024-09-07
R004916,O0047823,P1333,Changed Mind,800.66,2024-09-07
R004917,O0047843,P0724,Wrong Item,238.71,2025-09-11
R004918,O0047846,P1123,Changed Mind,1030.66,2025-09-12
R004919,O0047846,P0435,Changed Mind,830.65,2025-09-15
R004920,O0047846,P0420,Defective,880.4,2025-09-03
R004921,O0047847,P1318,Wrong Item,996.02,2024-07-18
R004922,O0047868,P1050,Late Delivery,218.71,2026-04-16
R004923,O0047868,P1369,Defective,977.68,2026-04-15
R004924,O0047870,P0674,Changed Mind,2676.98,2024-05-10
R004925,O0047939,P1057,Defective,81.3,2026-02-22
R004926,O0047970,P1267,Changed Mind,2106.89,2024-06-25
R004927,O0048013,P1445,Changed Mind,603.71,2024-10-12
R004928,O0048020,P0389,Wrong Item,748.14,2024-10-21
R004929,O0048020,P0303,Late Delivery,941.54,2024-10-14
R004930,O0048020,P0855,Defective,649.86,2024-10-26
R004931,O0048039,P0222,Defective,770.0,2026-05-03
R004932,O0048043,P1036,Defective,197.62,2025-04-05
R004933,O0048063,P0730,Changed Mind,100.41,2026-08-18
R004934,O0048080,P0118,Wrong Item,360.15,2025-07-17
R004935,O0048086,P0458,Wrong Item,2671.6,2024-06-10
R004936,O0048089,P1340,Changed Mind,96.48,2026-02-18
R004937,O0048097,P0489,Late Delivery,269.48,2025-10-04
R004938,O0048164,P1314,Changed Mind,367.91,2025-10-12
R004939,O0048183,P1162,Late Delivery,169.96,2026-04-06
R004940,O0048195,P0169,Wrong Item,2460.14,2025-03-17
R004941,O0048219,P0906,Defective,1225.14,2026-08-01
R004942,O0048219,P1250,Late Delivery,1068.61,2026-08-03
R004943,O0048219,P0073,Wrong Item,989.01,2026-08-02
R004944,O0048222,P1457,Defective,211.11,2024-09-23
R004945,O0048222,P0299,Late Delivery,26.48,2024-09-15
R004946,O0048225,P0384,Defective,1044.08,2024-09-11
R004947,O0048238,P1172,Defective,898.57,2024-11-11
R004948,O0048238,P0816,Defective,296.83,2024-10-30
R004949,O0048249,P1181,Changed Mind,2761.7,2026-06-20
R004950,O0048262,P0251,Late Delivery,1626.92,2024-02-15
R004951,O0048262,P1083,Wrong Item,713.68,2024-02-21
R004952,O0048292,P1406,Late Delivery,775.12,2026-04-01
R004953,O0048292,P1422,Wrong Item,305.08,2026-04-02
R004954,O0048292,P0110,Changed Mind,1034.86,2026-03-26
R004955,O0048308,P0360,Wrong Item,878.15,2025-01-29
R004956,O0048311,P0285,Defective,153.67,2026-07-28
R004957,O0048311,P1325,Late Delivery,2451.78,2026-07-17
R004958,O0048311,P0094,Late Delivery,449.92,2026-07-30
R004959,O0048311,P0307,Defective,1593.11,2026-07-16
R004960,O0048329,P0954,Wrong Item,354.4,2024-04-15
R004961,O0048334,P1465,Changed Mind,2776.48,2024-01-27
R004962,O0048358,P0903,Defective,717.83,2024-06-07
R004963,O0048358,P0536,Wrong Item,2496.11,2024-06-17
R004964,O0048362,P0169,Changed Mind,693.39,2026-05-18
R004965,O0048364,P0289,Late Delivery,293.44,2025-07-03
R004966,O0048364,P1477,Defective,589.98,2025-07-10
R004967,O0048364,P0911,Wrong Item,486.59,2025-06-26
R004968,O0048369,P1315,Changed Mind,230.61,2025-06-20
R004969,O0048377,P1249,Late Delivery,805.2,2026-06-20
R004970,O0048392,P0483,Late Delivery,240.29,2024-09-25
R004971,O0048395,P0353,Wrong Item,79.88,2026-07-25
R004972,O0048395,P0085,Late Delivery,958.8,2026-08-03
R004973,O0048395,P1043,Changed Mind,1188.74,2026-07-29
R004974,O0048428,P1340,Defective,176.27,2025-11-01
R004975,O0048428,P1405,Defective,3707.54,2025-11-04
R004976,O0048428,P0552,Changed Mind,457.06,2025-11-16
R004977,O0048428,P0079,Changed Mind,1320.48,2025-11-11
R004978,O0048431,P0428,Changed Mind,1166.86,2024-08-19
R004979,O0048431,P0219,Defective,386.33,2024-08-18
R004980,O0048431,P1164,Wrong Item,795.82,2024-08-15
R004981,O0048431,P0268,Wrong Item,140.27,2024-08-08
R004982,O0048438,P1355,Changed Mind,974.64,2025-04-08
R004983,O0048457,P1227,Late Delivery,103.81,2025-08-17
R004984,O0048502,P0415,Wrong Item,1053.43,2025-10-07
R004985,O0048502,P0967,Late Delivery,297.36,2025-10-13
R004986,O0048503,P0491,Late Delivery,641.1,2025-10-16
R004987,O0048504,P0209,Late Delivery,759.1,2025-06-21
R004988,O0048506,P1195,Wrong Item,154.75,2025-01-06
R004989,O0048516,P0810,Changed Mind,699.98,2026-05-07
R004990,O0048516,P0287,Changed Mind,1230.94,2026-05-16
R004991,O0048517,P1129,Late Delivery,919.24,2025-02-26
R004992,O0048523,P0732,Defective,264.03,2024-02-14
R004993,O0048523,P0078,Defective,55.71,2024-02-06
R004994,O0048526,P1461,Defective,968.43,2024-05-11
R004995,O0048540,P0253,Defective,698.65,2026-05-12
R004996,O0048546,P0641,Changed Mind,1329.15,2025-06-14
R004997,O0048546,P0027,Defective,797.74,2025-05-31
R004998,O0048547,P1008,Changed Mind,100.93,2024-11-21
R004999,O0048601,P0186,Late Delivery,1204.64,2025-04-06
R005000,O0048601,P0679,Defective,1990.56,2025-04-13
R005001,O0048612,P0196,Defective,271.75,2025-07-07
R005002,O0048613,P0885,Defective,487.99,2026-03-05
R005003,O0048655,P1451,Late Delivery,73.01,2025-11-21
R005004,O0048668,P0179,Changed Mind,76.49,2025-05-06
R005005,O0048680,P1066,Changed Mind,218.09,2025-12-05
R005006,O0048680,P0491,Defective,807.74,2025-12-14
R005007,O0048697,P0973,Late Delivery,56.74,2024-02-17
R005008,O0048697,P1193,Wrong Item,322.71,2024-02-11
R005009,O0048700,P0319,Late Delivery,530.5,2025-05-11
R005010,O0048700,P0934,Late Delivery,163.97,2025-05-21
R005011,O0048700,P0784,Changed Mind,1024.55,2025-05-15
R005012,O0048700,P0174,Defective,1597.68,2025-05-11
R005013,O0048705,P0058,Late Delivery,803.69,2026-07-14
R005014,O0048728,P0664,Wrong Item,396.65,2024-09-20
R005015,O0048728,P0914,Late Delivery,874.7,2024-09-11
R005016,O0048738,P0733,Changed Mind,165.82,2024-05-20
R005017,O0048742,P0168,Late Delivery,1960.22,2025-09-17
R005018,O0048742,P0116,Defective,633.86,2025-09-12
R005019,O0048742,P1338,Wrong Item,1752.05,2025-09-04
R005020,O0048751,P1077,Changed Mind,440.26,2025-01-06
R005021,O0048754,P1224,Defective,2371.3,2025-04-14
R005022,O0048758,P1242,Changed Mind,825.09,2024-05-11
R005023,O0048758,P1107,Changed Mind,394.6,2024-05-21
R005024,O0048758,P0901,Late Delivery,886.05,2024-05-15
R005025,O0048773,P1008,Changed Mind,49.27,2025-04-05
R005026,O0048776,P0876,Late Delivery,3047.19,2026-01-25
R005027,O0048803,P1080,Defective,869.86,2025-09-25
R005028,O0048803,P0836,Late Delivery,1337.51,2025-09-24
R005029,O0048803,P0358,Wrong Item,1247.11,2025-10-07
R005030,O0048803,P0678,Defective,648.74,2025-10-08
R005031,O0048813,P1422,Wrong Item,154.49,2026-06-24
R005032,O0048829,P1118,Defective,889.25,2025-02-03
R005033,O0048829,P0573,Wrong Item,1407.15,2025-01-30
R005034,O0048842,P1457,Changed Mind,114.61,2024-02-19
R005035,O0048877,P1214,Changed Mind,2673.19,2026-05-24
R005036,O0048877,P1086,Wrong Item,754.64,2026-05-29
R005037,O0048896,P1054,Defective,157.48,2025-10-02
R005038,O0048931,P0532,Late Delivery,380.49,2024-07-12
R005039,O0048931,P1299,Late Delivery,558.78,2024-07-16
R005040,O0048949,P0459,Defective,582.89,2025-05-11
R005041,O0048961,P0947,Late Delivery,136.22,2025-08-06
R005042,O0048963,P1145,Defective,1174.36,2025-04-11
R005043,O0048968,P1136,Changed Mind,83.9,2024-11-30
R005044,O0048977,P0130,Changed Mind,1160.96,2024-05-16
R005045,O0048980,P1480,Changed Mind,280.69,2026-01-23
R005046,O0048992,P0447,Wrong Item,880.38,2026-05-18
R005047,O0049007,P0536,Changed Mind,870.8,2025-09-28
R005048,O0049021,P0161,Defective,706.67,2025-03-14
R005049,O0049027,P0737,Late Delivery,675.77,2025-04-08
R005050,O0049056,P0883,Defective,679.1,2026-06-18
R005051,O0049070,P0464,Wrong Item,1022.12,2024-09-19
R005052,O0049070,P0163,Wrong Item,326.44,2024-10-03
R005053,O0049080,P1379,Defective,1443.01,2026-01-14
R005054,O0049095,P0994,Changed Mind,2118.72,2024-12-29
R005055,O0049120,P0966,Wrong Item,3467.79,2025-06-17
R005056,O0049120,P0493,Changed Mind,603.08,2025-06-13
R005057,O0049128,P1313,Defective,401.49,2026-03-11
R005058,O0049146,P1472,Defective,1206.87,2025-12-02
R005059,O0049155,P1136,Defective,86.46,2026-08-06
R005060,O0049161,P0491,Defective,867.44,2026-04-23
R005061,O0049161,P0020,Changed Mind,737.55,2026-05-03
R005062,O0049191,P0492,Defective,2680.87,2025-03-05
R005063,O0049191,P0835,Wrong Item,508.46,2025-02-28
R005064,O0049192,P0175,Defective,998.65,2026-03-01
R005065,O0049207,P0161,Late Delivery,1495.96,2025-05-07
R005066,O0049259,P1197,Late Delivery,793.0,2024-06-07
R005067,O0049267,P0429,Defective,1011.47,2025-08-31
R005068,O0049267,P0288,Defective,666.02,2025-08-30
R005069,O0049277,P1428,Wrong Item,124.22,2024-01-09
R005070,O0049277,P0072,Changed Mind,456.72,2024-01-19
R005071,O0049286,P0782,Late Delivery,2249.88,2026-07-21
R005072,O0049294,P0390,Wrong Item,798.08,2025-12-09
R005073,O0049294,P1138,Late Delivery,1453.59,2025-12-07
R005074,O0049297,P1120,Changed Mind,658.39,2026-01-13
R005075,O0049298,P1312,Changed Mind,1157.76,2025-03-14
R005076,O0049331,P0015,Wrong Item,1608.34,2025-12-03
R005077,O0049333,P0869,Late Delivery,444.17,2026-07-26
R005078,O0049347,P1209,Changed Mind,928.63,2025-11-08
R005079,O0049347,P1328,Wrong Item,881.89,2025-11-03
R005080,O0049351,P1017,Late Delivery,661.84,2026-03-21
R005081,O0049351,P1035,Wrong Item,494.18,2026-04-01
R005082,O0049351,P1209,Late Delivery,817.43,2026-03-26
R005083,O0049355,P1460,Changed Mind,606.9,2026-05-11
R005084,O0049355,P0914,Wrong Item,1114.75,2026-05-10
R005085,O0049355,P1247,Wrong Item,3762.27,2026-05-09
R005086,O0049357,P0654,Defective,939.1,2026-07-03
R005087,O0049357,P0052,Changed Mind,3197.47,2026-07-11
R005088,O0049357,P0428,Changed Mind,1161.65,2026-07-02
R005089,O0049381,P1271,Changed Mind,908.62,2026-07-12
R005090,O0049411,P0087,Late Delivery,2998.55,2025-05-08
R005091,O0049414,P0236,Wrong Item,941.85,2024-08-05
R005092,O0049414,P0557,Wrong Item,221.29,2024-07-20
R005093,O0049416,P0804,Defective,1040.72,2024-08-20
R005094,O0049416,P0858,Changed Mind,301.29,2024-08-17
R005095,O0049426,P0566,Defective,1203.48,2024-04-03
R005096,O0049429,P1276,Late Delivery,633.15,2025-02-28
R005097,O0049429,P0899,Late Delivery,1249.13,2025-03-01
R005098,O0049429,P1332,Wrong Item,710.26,2025-03-04
R005099,O0049447,P0159,Wrong Item,960.25,2024-05-07
R005100,O0049461,P1466,Late Delivery,316.65,2025-03-07
R005101,O0049461,P0314,Defective,1280.75,2025-03-06
R005102,O0049461,P0859,Changed Mind,970.94,2025-03-07
R005103,O0049495,P0526,Defective,895.09,2025-06-01
R005104,O0049498,P1366,Wrong Item,155.95,2025-01-12
R005105,O0049512,P1463,Wrong Item,380.5,2025-08-03
R005106,O0049517,P0445,Defective,156.56,2024-12-21
R005107,O0049517,P0154,Late Delivery,170.41,2024-12-14
R005108,O0049529,P0329,Wrong Item,912.33,2024-12-18
R005109,O0049580,P0617,Defective,23.71,2026-06-28
R005110,O0049587,P0087,Defective,1686.98,2024-12-05
R005111,O0049595,P0848,Late Delivery,1082.77,2025-06-23
R005112,O0049609,P0774,Defective,519.05,2025-01-18
R005113,O0049611,P0663,Changed Mind,703.05,2025-03-04
R005114,O0049611,P1158,Defective,3473.83,2025-03-04
R005115,O0049611,P0487,Wrong Item,65.78,2025-03-04
R005116,O0049611,P0101,Wrong Item,176.86,2025-03-13
R005117,O0049624,P0691,Late Delivery,1015.83,2025-04-14
R005118,O0049630,P0630,Wrong Item,737.95,2024-06-12
R005119,O0049656,P1232,Changed Mind,336.41,2024-05-24
R005120,O0049656,P1446,Changed Mind,24.68,2024-05-13
R005121,O0049661,P1248,Wrong Item,165.78,2024-03-12
R005122,O0049686,P1092,Changed Mind,684.95,2025-10-29
R005123,O0049686,P1070,Wrong Item,1315.74,2025-10-27
R005124,O0049686,P1352,Wrong Item,1131.09,2025-10-30
R005125,O0049692,P1145,Defective,2380.74,2025-06-28
R005126,O0049692,P0953,Wrong Item,271.88,2025-06-26
R005127,O0049727,P0165,Changed Mind,423.65,2024-11-12
R005128,O0049727,P0045,Changed Mind,1373.3,2024-11-13
R005129,O0049727,P0971,Wrong Item,870.15,2024-11-10
R005130,O0049727,P1206,Wrong Item,637.35,2024-11-16
R005131,O0049749,P1113,Wrong Item,910.1,2024-05-14
R005132,O0049777,P0613,Changed Mind,374.83,2024-04-23
R005133,O0049777,P1402,Changed Mind,620.03,2024-04-23
R005134,O0049799,P0874,Late Delivery,4148.2,2024-02-18
R005135,O0049845,P0270,Defective,2383.69,2026-01-17
R005136,O0049845,P0317,Defective,115.58,2026-01-18
R005137,O0049861,P0393,Defective,564.95,2024-08-16
R005138,O0049867,P0865,Wrong Item,2490.9,2025-08-21
R005139,O0049885,P0809,Changed Mind,656.94,2025-07-10
R005140,O0049885,P0837,Wrong Item,3300.62,2025-07-24
R005141,O0049885,P0058,Changed Mind,922.64,2025-07-18
R005142,O0049885,P0700,Changed Mind,870.63,2025-07-20
R005143,O0049891,P0270,Defective,2124.49,2026-05-09
R005144,O0049891,P0337,Late Delivery,816.4,2026-05-04
R005145,O0049897,P0514,Wrong Item,208.98,2026-02-04
R005146,O0049922,P0169,Defective,1574.84,2025-12-26
R005147,O0049925,P1398,Defective,584.83,2024-11-09
R005148,O0049948,P1105,Defective,364.89,2025-11-23
R005149,O0049970,P0376,Defective,2202.54,2024-12-15
R005150,O0049970,P1349,Late Delivery,2780.09,2024-12-19
R005151,O0049976,P0710,Defective,300.49,2024-05-16
R005152,O0049983,P0308,Defective,284.74,2025-09-01
R005153,O0049988,P0237,Late Delivery,932.07,2024-03-19
R005154,O0050002,P0025,Wrong Item,844.56,2024-04-19
R005155,O0050002,P0149,Changed Mind,991.8,2024-04-07
R005156,O0050012,P0761,Wrong Item,412.27,2025-05-28
R005157,O0050012,P0872,Late Delivery,825.66,2025-05-28
R005158,O0050028,P0816,Changed Mind,337.37,2025-02-23
R005159,O0050029,P0012,Late Delivery,289.8,2024-08-02
R005160,O0050031,P0395,Changed Mind,1020.85,2025-10-06
R005161,O0050031,P1363,Late Delivery,4119.64,2025-09-27
R005162,O0050033,P1087,Defective,204.89,2025-09-07
R005163,O0050033,P1314,Wrong Item,759.04,2025-09-19
R005164,O0050033,P0851,Wrong Item,932.94,2025-09-14
R005165,O0050034,P0240,Late Delivery,977.42,2026-01-27
R005166,O0050048,P0429,Wrong Item,934.66,2024-02-07
R005167,O0050062,P1135,Wrong Item,880.69,2024-07-15
R005168,O0050062,P1099,Late Delivery,1031.16,2024-07-13
R005169,O0050064,P1053,Changed Mind,1909.36,2025-07-06
R005170,O0050070,P0860,Late Delivery,107.17,2024-04-03
R005171,O0050070,P1476,Late Delivery,1056.4,2024-04-01
R005172,O0050070,P0630,Late Delivery,618.57,2024-04-02
R005173,O0050078,P0330,Wrong Item,944.65,2024-10-06
R005174,O0050080,P0884,Defective,185.72,2025-03-23
R005175,O0050120,P0316,Defective,790.55,2025-07-14
R005176,O0050122,P1135,Wrong Item,2698.27,2026-05-05
R005177,O0050127,P1484,Changed Mind,819.02,2026-08-28
R005178,O0050142,P0719,Changed Mind,197.56,2024-11-19
R005179,O0050144,P0314,Wrong Item,1305.02,2024-01-13
R005180,O0050144,P1424,Wrong Item,951.86,2024-01-08
R005181,O0050164,P1261,Late Delivery,534.65,2025-03-25
R005182,O0050164,P0892,Wrong Item,701.49,2025-03-26
R005183,O0050164,P0893,Changed Mind,298.41,2025-04-11
R005184,O0050165,P0356,Wrong Item,986.32,2024-11-15
R005185,O0050166,P0483,Wrong Item,241.33,2024-08-28
R005186,O0050166,P0959,Defective,533.17,2024-08-24
R005187,O0050174,P1491,Defective,851.47,2025-05-28
R005188,O0050185,P0833,Wrong Item,590.97,2024-07-09
R005189,O0050185,P0805,Late Delivery,45.37,2024-07-13
R005190,O0050185,P0829,Wrong Item,1109.82,2024-06-29
R005191,O0050185,P0511,Late Delivery,915.51,2024-06-28
R005192,O0050185,P0333,Defective,1455.18,2024-07-13
R005193,O0050199,P0889,Late Delivery,913.75,2026-01-30
R005194,O0050204,P1480,Late Delivery,601.85,2024-05-09
R005195,O0050215,P0372,Defective,3263.46,2025-01-04
R005196,O0050215,P0395,Wrong Item,3635.32,2025-01-10
R005197,O0050226,P0838,Late Delivery,140.92,2025-05-28
R005198,O0050227,P1194,Defective,879.34,2024-08-12
R005199,O0050227,P0485,Changed Mind,1023.7,2024-08-11
R005200,O0050233,P0947,Changed Mind,170.42,2026-08-10
R005201,O0050251,P0075,Late Delivery,226.38,2025-03-14
R005202,O0050258,P0237,Changed Mind,1609.48,2024-04-27
R005203,O0050259,P1278,Late Delivery,567.77,2025-06-28
R005204,O0050259,P0820,Late Delivery,533.0,2025-06-24
R005205,O0050263,P0864,Wrong Item,461.98,2025-05-27
R005206,O0050265,P1425,Late Delivery,674.54,2025-09-29
R005207,O0050265,P0869,Changed Mind,400.75,2025-09-24
R005208,O0050287,P1037,Defective,606.12,2025-09-05
R005209,O0050300,P0324,Defective,3313.56,2025-02-03
R005210,O0050313,P0450,Changed Mind,1988.6,2025-11-29
R005211,O0050338,P0492,Late Delivery,1341.03,2025-02-15
R005212,O0050345,P0412,Late Delivery,2193.69,2024-11-18
R005213,O0050345,P1237,Defective,726.52,2024-11-15
R005214,O0050345,P1251,Wrong Item,390.84,2024-11-04
R005215,O0050345,P0840,Changed Mind,2010.87,2024-11-17
R005216,O0050372,P0021,Late Delivery,886.31,2025-07-17
R005217,O0050380,P0981,Changed Mind,230.99,2024-10-24
R005218,O0050393,P0766,Late Delivery,128.52,2025-08-02
R005219,O0050414,P0440,Wrong Item,914.04,2026-08-18
R005220,O0050414,P0811,Changed Mind,790.73,2026-08-25
R005221,O0050418,P0030,Late Delivery,405.17,2024-10-15
R005222,O0050459,P1070,Wrong Item,743.03,2025-01-17
R005223,O0050467,P0187,Changed Mind,592.93,2026-01-25
R005224,O0050478,P0021,Late Delivery,1682.07,2026-07-21
R005225,O0050491,P0387,Changed Mind,1826.93,2026-03-14
R005226,O0050491,P0570,Late Delivery,1386.0,2026-03-11
R005227,O0050491,P0071,Wrong Item,52.77,2026-03-16
R005228,O0050504,P1442,Wrong Item,1303.24,2025-03-18
R005229,O0050504,P1080,Late Delivery,869.76,2025-03-19
R005230,O0050505,P1372,Changed Mind,1387.98,2025-10-16
R005231,O0050505,P0355,Defective,654.95,2025-10-11
R005232,O0050505,P0142,Changed Mind,228.91,2025-10-15
R005233,O0050527,P1048,Late Delivery,53.76,2024-06-12
R005234,O0050527,P1359,Changed Mind,896.06,2024-06-13
R005235,O0050531,P0226,Late Delivery,293.81,2024-05-18
R005236,O0050533,P0859,Wrong Item,325.75,2025-11-13
R005237,O0050547,P0384,Wrong Item,2140.67,2025-08-26
R005238,O0050547,P0564,Late Delivery,1294.51,2025-08-28
R005239,O0050550,P1480,Wrong Item,268.62,2024-04-14
R005240,O0050555,P0630,Wrong Item,600.07,2024-05-25
R005241,O0050556,P0797,Changed Mind,3046.09,2026-07-31
R005242,O0050556,P0137,Changed Mind,558.65,2026-08-14
R005243,O0050559,P0303,Changed Mind,966.87,2025-09-03
R005244,O0050559,P0480,Defective,992.95,2025-09-06
R005245,O0050559,P0255,Changed Mind,687.97,2025-09-10
R005246,O0050566,P0446,Late Delivery,1047.23,2025-08-29
R005247,O0050572,P0933,Late Delivery,519.69,2026-04-22
R005248,O0050580,P0393,Late Delivery,622.98,2026-01-11
R005249,O0050580,P0882,Changed Mind,1173.65,2026-01-21
R005250,O0050580,P0182,Defective,174.2,2026-01-23
R005251,O0050599,P0039,Late Delivery,933.18,2025-08-30
R005252,O0050599,P0678,Wrong Item,673.75,2025-08-31
R005253,O0050599,P1259,Defective,609.09,2025-09-03
R005254,O0050651,P1037,Changed Mind,530.02,2025-10-02
R005255,O0050702,P0014,Wrong Item,1280.03,2025-09-22
R005256,O0050702,P0916,Changed Mind,1863.7,2025-09-23
R005257,O0050715,P0250,Wrong Item,718.66,2025-12-01
R005258,O0050764,P0897,Late Delivery,1876.27,2026-04-21
R005259,O0050764,P1301,Changed Mind,2249.68,2026-04-17
R005260,O0050769,P0673,Late Delivery,239.7,2026-06-17
R005261,O0050777,P1484,Changed Mind,760.18,2024-05-25
R005262,O0050782,P0487,Changed Mind,69.39,2025-05-24
R005263,O0050787,P0771,Changed Mind,613.53,2025-02-15
R005264,O0050788,P0150,Wrong Item,751.69,2025-04-05
R005265,O0050817,P0575,Wrong Item,1270.4,2024-06-04
R005266,O0050835,P1394,Defective,366.88,2026-02-05
R005267,O0050835,P0551,Changed Mind,139.4,2026-01-31
R005268,O0050853,P0750,Defective,290.16,2026-09-02
R005269,O0050856,P0874,Wrong Item,1358.45,2025-10-31
R005270,O0050858,P1000,Wrong Item,985.13,2024-08-30
R005271,O0050970,P0673,Changed Mind,269.5,2026-02-02
R005272,O0050970,P0477,Wrong Item,49.56,2026-01-25
R005273,O0050970,P0734,Defective,982.28,2026-02-02
R005274,O0050970,P0832,Late Delivery,1380.49,2026-01-25
R005275,O0051014,P1360,Changed Mind,2524.38,2026-07-31
R005276,O0051020,P0153,Defective,4044.04,2025-02-27
R005277,O0051020,P1390,Changed Mind,558.07,2025-02-17
R005278,O0051029,P1266,Changed Mind,56.35,2024-06-10
R005279,O0051029,P0582,Wrong Item,612.92,2024-06-21
R005280,O0051042,P0467,Changed Mind,197.39,2024-12-08
R005281,O0051042,P1325,Defective,2306.91,2024-12-19
R005282,O0051042,P0102,Defective,840.62,2024-12-10
R005283,O0051097,P0092,Wrong Item,585.79,2025-05-21
R005284,O0051111,P1496,Changed Mind,1018.39,2026-02-03
R005285,O0051144,P0423,Wrong Item,989.6,2026-09-02
R005286,O0051157,P0881,Defective,1547.01,2025-05-18
R005287,O0051177,P0571,Changed Mind,2961.34,2026-08-23
R005288,O0051204,P0449,Changed Mind,23.62,2026-08-16
R005289,O0051267,P0879,Late Delivery,1238.37,2025-02-27
R005290,O0051291,P0392,Wrong Item,1222.46,2024-09-19
R005291,O0051295,P0974,Defective,411.15,2025-08-24
R005292,O0051297,P0610,Changed Mind,1193.2,2024-05-03
R005293,O0051301,P0977,Wrong Item,374.32,2024-08-27
R005294,O0051301,P0836,Wrong Item,1340.31,2024-08-16
R005295,O0051315,P0167,Defective,501.83,2026-05-03
R005296,O0051349,P1223,Wrong Item,231.67,2026-08-06
R005297,O0051349,P0051,Changed Mind,576.04,2026-08-02
R005298,O0051349,P0642,Defective,1001.58,2026-07-25
R005299,O0051364,P1356,Late Delivery,2945.74,2025-12-16
R005300,O0051364,P0158,Late Delivery,747.29,2025-12-19
R005301,O0051380,P1079,Wrong Item,1734.06,2025-06-21
R005302,O0051383,P1417,Defective,124.74,2026-03-24
R005303,O0051384,P0160,Late Delivery,433.84,2024-09-10
R005304,O0051384,P0324,Wrong Item,917.93,2024-09-23
R005305,O0051402,P0675,Defective,141.92,2025-09-02
R005306,O0051402,P0065,Changed Mind,99.59,2025-08-22
R005307,O0051417,P1009,Wrong Item,3019.36,2025-04-28
R005308,O0051422,P0214,Wrong Item,641.22,2025-03-10
R005309,O0051423,P0423,Changed Mind,1783.99,2025-04-21
R005310,O0051433,P0838,Defective,133.36,2024-09-04
R005311,O0051438,P1077,Late Delivery,226.79,2024-02-06
R005312,O0051438,P1340,Late Delivery,188.36,2024-02-09
R005313,O0051442,P0800,Late Delivery,1000.47,2025-01-25
R005314,O0051452,P0839,Wrong Item,312.9,2026-08-01
R005315,O0051497,P1456,Changed Mind,348.69,2025-08-28
R005316,O0051523,P1191,Defective,2421.86,2024-08-21
R005317,O0051523,P0745,Changed Mind,672.07,2024-08-25
R005318,O0051556,P0645,Late Delivery,1159.16,2025-11-21
R005319,O0051586,P0067,Late Delivery,268.39,2026-05-13
R005320,O0051592,P1211,Wrong Item,21.91,2026-01-24
R005321,O0051601,P0611,Changed Mind,533.77,2026-02-25
R005322,O0051620,P1097,Late Delivery,2433.97,2026-06-27
R005323,O0051636,P1170,Defective,724.03,2026-01-05
R005324,O0051636,P0473,Late Delivery,563.09,2026-01-07
R005325,O0051646,P0317,Changed Mind,207.29,2025-09-28
R005326,O0051648,P1253,Changed Mind,2562.85,2025-01-25
R005327,O0051648,P1055,Wrong Item,682.42,2025-01-29
R005328,O0051658,P0758,Late Delivery,679.09,2026-01-28
R005329,O0051658,P0217,Wrong Item,205.77,2026-01-27
R005330,O0051734,P0062,Wrong Item,600.8,2024-07-03
R005331,O0051754,P1138,Defective,981.93,2024-04-04
R005332,O0051756,P0470,Wrong Item,978.93,2025-06-19
R005333,O0051778,P0549,Changed Mind,1025.49,2024-01-25
R005334,O0051778,P1236,Defective,132.93,2024-01-29
R005335,O0051787,P0313,Wrong Item,472.8,2025-02-12
R005336,O0051794,P1141,Defective,2178.85,2026-06-08
R005337,O0051794,P1207,Wrong Item,465.2,2026-06-05
R005338,O0051794,P0329,Changed Mind,919.93,2026-06-02
R005339,O0051794,P0905,Wrong Item,2528.36,2026-06-01
R005340,O0051816,P1169,Changed Mind,1314.97,2024-04-09
R005341,O0051816,P0821,Changed Mind,874.05,2024-03-23
R005342,O0051830,P0790,Defective,79.93,2024-06-21
R005343,O0051830,P0933,Wrong Item,2204.25,2024-06-15
R005344,O0051854,P0740,Changed Mind,35.06,2024-02-22
R005345,O0051860,P0368,Late Delivery,2995.76,2024-12-15
R005346,O0051893,P1438,Wrong Item,115.62,2024-10-23
R005347,O0051900,P0739,Late Delivery,189.99,2025-09-14
R005348,O0051909,P0534,Changed Mind,782.19,2024-11-25
R005349,O0051939,P0492,Wrong Item,2626.06,2025-12-30
R005350,O0051982,P0200,Changed Mind,1194.63,2025-09-16
R005351,O0052011,P0604,Changed Mind,453.58,2025-07-29
R005352,O0052016,P0500,Wrong Item,257.68,2025-08-08
R005353,O0052023,P1017,Late Delivery,876.46,2024-04-04
R005354,O0052023,P0896,Changed Mind,430.58,2024-04-07
R005355,O0052109,P0497,Changed Mind,1270.38,2024-07-02
R005356,O0052123,P0827,Late Delivery,302.87,2024-12-08
R005357,O0052123,P1191,Defective,998.91,2024-12-08
R005358,O0052133,P0100,Wrong Item,294.1,2025-09-29
R005359,O0052133,P1178,Wrong Item,1798.01,2025-09-30
R005360,O0052135,P1213,Defective,581.65,2025-02-02
R005361,O0052167,P0758,Changed Mind,669.28,2024-09-22
R005362,O0052192,P0553,Changed Mind,499.58,2025-01-10
R005363,O0052212,P0347,Changed Mind,393.39,2025-03-14
R005364,O0052212,P0271,Late Delivery,2111.33,2025-03-22
R005365,O0052222,P1002,Defective,723.15,2024-08-15
R005366,O0052222,P0530,Defective,517.96,2024-08-27
R005367,O0052222,P1236,Defective,141.69,2024-08-12
R005368,O0052251,P0918,Defective,429.8,2026-08-04
R005369,O0052267,P0508,Wrong Item,4657.94,2024-06-26
R005370,O0052267,P0121,Wrong Item,1258.71,2024-06-20
R005371,O0052268,P0131,Changed Mind,564.77,2024-04-09
R005372,O0052280,P0932,Changed Mind,168.16,2025-03-16
R005373,O0052287,P0019,Late Delivery,298.67,2025-04-01
R005374,O0052287,P1073,Late Delivery,989.83,2025-04-08
R005375,O0052302,P0926,Defective,936.6,2024-08-24
R005376,O0052306,P1132,Wrong Item,670.5,2025-02-02
R005377,O0052311,P0994,Defective,2490.14,2024-12-07
R005378,O0052317,P0388,Changed Mind,380.26,2025-05-31
R005379,O0052317,P1201,Late Delivery,76.47,2025-06-09
R005380,O0052317,P1123,Wrong Item,2055.94,2025-06-13
R005381,O0052329,P0077,Changed Mind,583.27,2025-03-28
R005382,O0052342,P1150,Changed Mind,831.01,2025-10-19
R005383,O0052347,P0970,Defective,268.93,2026-07-16
R005384,O0052347,P0333,Defective,1455.18,2026-06-30
R005385,O0052347,P1104,Defective,1012.14,2026-07-10
R005386,O0052348,P0659,Late Delivery,577.78,2025-05-07
R005387,O0052358,P0740,Changed Mind,19.92,2024-11-29
R005388,O0052358,P0550,Changed Mind,3443.22,2024-11-29
R005389,O0052358,P0243,Changed Mind,595.82,2024-12-02
R005390,O0052360,P0524,Defective,668.55,2024-10-07
R005391,O0052379,P0803,Changed Mind,435.11,2026-05-11
R005392,O0052379,P0400,Changed Mind,1089.21,2026-05-21
R005393,O0052379,P0833,Late Delivery,953.47,2026-05-26
R005394,O0052392,P0759,Defective,1197.0,2024-02-18
R005395,O0052439,P0828,Wrong Item,1100.7,2025-11-07
R005396,O0052439,P1421,Changed Mind,209.65,2025-11-02
R005397,O0052458,P1333,Changed Mind,783.57,2026-02-14
R005398,O0052481,P0528,Wrong Item,581.94,2025-08-02
R005399,O0052481,P0057,Defective,1027.56,2025-08-10
R005400,O0052488,P0816,Late Delivery,302.09,2024-06-18
R005401,O0052488,P0915,Changed Mind,179.18,2024-06-27
R005402,O0052525,P0326,Changed Mind,1329.07,2025-01-18
R005403,O0052558,P0212,Late Delivery,675.98,2026-01-24
R005404,O0052564,P1230,Defective,319.15,2025-02-04
R005405,O0052564,P0346,Changed Mind,837.14,2025-02-02
R005406,O0052566,P1125,Wrong Item,968.62,2024-07-23
R005407,O0052566,P0575,Wrong Item,1093.23,2024-07-14
R005408,O0052566,P1105,Late Delivery,359.86,2024-07-22
R005409,O0052580,P0404,Changed Mind,1357.4,2025-07-26
R005410,O0052580,P0405,Changed Mind,154.38,2025-07-22
R005411,O0052590,P0240,Wrong Item,728.1,2025-09-15
R005412,O0052590,P0117,Changed Mind,640.54,2025-09-20
R005413,O0052598,P1489,Changed Mind,3347.8,2025-01-10
R005414,O0052620,P1057,Wrong Item,86.83,2025-04-01
R005415,O0052620,P0352,Late Delivery,450.38,2025-04-12
R005416,O0052648,P1316,Defective,985.74,2024-04-10
R005417,O0052652,P0543,Changed Mind,100.97,2026-01-19
R005418,O0052713,P1022,Late Delivery,946.79,2024-02-13
R005419,O0052739,P0109,Changed Mind,1153.12,2024-04-15
R005420,O0052748,P0977,Defective,1129.67,2024-12-20
R005421,O0052748,P0668,Wrong Item,159.22,2024-12-23
R005422,O0052800,P0366,Late Delivery,632.2,2026-02-20
R005423,O0052800,P0191,Wrong Item,786.66,2026-02-21
R005424,O0052804,P1006,Defective,738.5,2025-05-23
R005425,O0052804,P1143,Wrong Item,1010.01,2025-05-22
R005426,O0052804,P1311,Wrong Item,1154.56,2025-05-21
R005427,O0052804,P0386,Defective,358.1,2025-05-28
R005428,O0052827,P0498,Changed Mind,86.97,2024-07-26
R005429,O0052828,P0676,Defective,178.74,2024-07-11
R005430,O0052828,P0071,Changed Mind,55.6,2024-07-01
R005431,O0052828,P1100,Wrong Item,323.98,2024-06-28
R005432,O0052835,P1119,Defective,702.36,2024-11-14
R005433,O0052846,P0554,Late Delivery,613.71,2024-11-12
R005434,O0052883,P1287,Defective,35.55,2025-11-04
R005435,O0052902,P1235,Defective,2913.28,2025-06-23
R005436,O0052958,P1054,Defective,503.34,2025-10-11
R005437,O0052958,P0936,Changed Mind,116.08,2025-10-19
R005438,O0052962,P0543,Changed Mind,198.3,2026-05-11
R005439,O0052972,P0448,Changed Mind,1012.92,2024-01-13
R005440,O0052972,P1116,Late Delivery,1501.6,2024-01-24
R005441,O0052972,P1111,Changed Mind,1004.54,2024-01-13
R005442,O0052976,P0249,Wrong Item,988.06,2026-08-31
R005443,O0052976,P0050,Late Delivery,482.22,2026-09-08
R005444,O0052982,P1496,Changed Mind,1007.8,2024-12-22
R005445,O0053009,P0741,Defective,1207.92,2025-11-05
R005446,O0053011,P1266,Defective,56.03,2025-08-30
R005447,O0053022,P0298,Late Delivery,942.49,2025-11-28
R005448,O0053023,P0282,Defective,235.47,2024-11-18
R005449,O0053049,P0837,Changed Mind,2561.15,2026-04-02
R005450,O0053059,P0065,Wrong Item,50.43,2024-06-26
R005451,O0053059,P0295,Wrong Item,135.72,2024-06-08
R005452,O0053071,P0316,Defective,842.1,2024-12-20
R005453,O0053071,P0259,Changed Mind,1104.09,2024-12-21
R005454,O0053079,P0641,Defective,3636.16,2024-07-26
R005455,O0053079,P0070,Late Delivery,2748.57,2024-07-27
R005456,O0053081,P0939,Defective,830.19,2025-08-17
R005457,O0053088,P0908,Changed Mind,460.08,2024-05-26
R005458,O0053088,P0750,Late Delivery,625.42,2024-05-28
R005459,O0053088,P0832,Wrong Item,462.29,2024-05-22
R005460,O0053088,P1018,Changed Mind,1823.82,2024-05-23
R005461,O0053088,P0282,Defective,264.88,2024-05-12
R005462,O0053092,P1390,Late Delivery,1634.41,2024-06-09
R005463,O0053092,P1300,Defective,529.39,2024-06-06
R005464,O0053092,P1495,Changed Mind,151.22,2024-06-02
R005465,O0053095,P1353,Late Delivery,2101.41,2026-08-19
R005466,O0053108,P0536,Defective,3466.75,2025-02-11
R005467,O0053120,P1426,Wrong Item,304.93,2025-05-09
R005468,O0053121,P0818,Wrong Item,808.24,2026-07-02
R005469,O0053121,P0856,Defective,883.29,2026-07-04
R005470,O0053121,P0484,Defective,750.74,2026-06-21
R005471,O0053121,P0598,Wrong Item,2331.39,2026-06-30
R005472,O0053124,P1175,Defective,1056.86,2024-06-15
R005473,O0053124,P0632,Changed Mind,305.74,2024-05-31
R005474,O0053124,P0714,Late Delivery,1234.63,2024-05-31
R005475,O0053124,P0433,Defective,682.03,2024-06-13
R005476,O0053145,P0797,Defective,1032.03,2024-11-19
R005477,O0053145,P0865,Late Delivery,1140.24,2024-11-25
R005478,O0053161,P0573,Wrong Item,599.3,2025-10-27
R005479,O0053176,P0325,Late Delivery,848.19,2026-06-15
R005480,O0053176,P0037,Late Delivery,1281.04,2026-06-16
R005481,O0053176,P1380,Changed Mind,1149.06,2026-06-21
R005482,O0053179,P1023,Changed Mind,1278.96,2025-12-18
R005483,O0053226,P1019,Changed Mind,19.73,2024-06-21
R005484,O0053227,P0167,Late Delivery,472.43,2024-04-28
R005485,O0053231,P0116,Wrong Item,627.19,2025-01-11
R005486,O0053235,P0715,Changed Mind,675.56,2024-09-25
R005487,O0053245,P0591,Late Delivery,1300.34,2026-03-28
R005488,O0053316,P0168,Wrong Item,1299.47,2024-02-19
R005489,O0053328,P1384,Defective,336.37,2025-03-08
R005490,O0053333,P0999,Changed Mind,1458.05,2024-11-08
R005491,O0053345,P1115,Defective,538.96,2024-10-22
R005492,O0053360,P0216,Wrong Item,526.91,2026-01-22
R005493,O0053360,P0468,Changed Mind,244.4,2026-01-16
R005494,O0053388,P1208,Defective,310.01,2024-08-27
R005495,O0053416,P0294,Changed Mind,498.27,2026-07-05
R005496,O0053453,P0175,Defective,555.76,2024-11-07
R005497,O0053453,P0720,Changed Mind,476.31,2024-11-03
R005498,O0053453,P1427,Changed Mind,245.54,2024-11-13
R005499,O0053479,P1378,Changed Mind,840.32,2024-02-02
R005500,O0053479,P0479,Late Delivery,866.06,2024-02-02
R005501,O0053495,P0295,Changed Mind,651.43,2026-07-08
R005502,O0053495,P0958,Changed Mind,308.42,2026-07-09
R005503,O0053496,P1224,Defective,1056.62,2025-02-16
R005504,O0053500,P0469,Changed Mind,75.65,2026-08-18
R005505,O0053500,P0774,Changed Mind,943.8,2026-08-16
R005506,O0053500,P0489,Changed Mind,299.18,2026-08-02
R005507,O0053500,P0406,Wrong Item,127.47,2026-08-02
R005508,O0053500,P0960,Defective,2586.24,2026-08-13
R005509,O0053511,P0658,Wrong Item,1045.84,2025-07-19
R005510,O0053521,P0416,Wrong Item,82.36,2025-06-12
R005511,O0053521,P1452,Late Delivery,671.37,2025-06-16
R005512,O0053544,P0917,Defective,429.11,2025-07-11
R005513,O0053544,P0798,Wrong Item,1497.24,2025-06-26
R005514,O0053563,P0043,Late Delivery,871.68,2024-09-17
R005515,O0053563,P0439,Wrong Item,357.41,2024-09-20
R005516,O0053580,P0193,Late Delivery,210.81,2025-01-24
R005517,O0053595,P0345,Defective,359.86,2025-11-14
R005518,O0053609,P0597,Changed Mind,967.83,2026-02-17
R005519,O0053610,P1498,Changed Mind,1830.9,2024-02-07
R005520,O0053610,P0897,Defective,821.73,2024-02-15
R005521,O0053610,P0415,Wrong Item,949.4,2024-02-13
R005522,O0053610,P0945,Wrong Item,1207.15,2024-02-06
R005523,O0053617,P0019,Changed Mind,139.46,2026-07-01
R005524,O0053617,P0514,Defective,333.48,2026-06-22
R005525,O0053642,P0147,Changed Mind,436.74,2024-04-23
R005526,O0053649,P1062,Changed Mind,41.38,2024-08-06
R005527,O0053649,P0259,Changed Mind,1256.01,2024-08-04
R005528,O0053649,P1349,Changed Mind,1320.85,2024-08-16
R005529,O0053649,P1276,Changed Mind,633.09,2024-08-09
R005530,O0053649,P1272,Late Delivery,239.31,2024-08-17
R005531,O0053653,P1424,Defective,1745.28,2026-07-31
R005532,O0053653,P0469,Changed Mind,37.29,2026-08-05
R005533,O0053656,P1066,Defective,208.18,2026-06-01
R005534,O0053656,P1483,Changed Mind,1035.01,2026-05-20
R005535,O0053656,P0756,Changed Mind,714.67,2026-05-20
R005536,O0053665,P0258,Changed Mind,504.21,2024-01-29
R005537,O0053668,P1244,Changed Mind,996.01,2024-07-10
R005538,O0053669,P0237,Late Delivery,766.13,2024-08-12
R005539,O0053708,P0494,Late Delivery,1721.49,2025-04-05
R005540,O0053722,P1319,Changed Mind,548.5,2024-07-21
R005541,O0053722,P1418,Wrong Item,1919.17,2024-07-06
R005542,O0053722,P0188,Wrong Item,1854.76,2024-07-10
R005543,O0053725,P0520,Late Delivery,2687.04,2024-11-08
R005544,O0053725,P0271,Wrong Item,3051.98,2024-10-27
R005545,O0053740,P0592,Late Delivery,252.58,2025-05-26
R005546,O0053767,P0767,Defective,53.04,2026-04-05
R005547,O0053778,P1120,Wrong Item,2083.58,2024-06-11
R005548,O0053780,P0971,Wrong Item,1783.73,2025-10-12
R005549,O0053780,P0618,Late Delivery,443.9,2025-09-29
R005550,O0053807,P0773,Changed Mind,100.99,2025-09-22
R005551,O0053840,P0240,Late Delivery,2792.26,2025-03-20
R005552,O0053840,P0840,Changed Mind,1132.5,2025-03-27
R005553,O0053840,P0145,Defective,397.39,2025-04-02
R005554,O0053893,P0385,Changed Mind,597.27,2024-01-18
R005555,O0053893,P0344,Wrong Item,1142.12,2024-01-19
R005556,O0053893,P0534,Defective,889.09,2024-01-25
R005557,O0053893,P0916,Late Delivery,1204.82,2024-01-30
R005558,O0053896,P0527,Defective,197.5,2025-06-01
R005559,O0053896,P1415,Changed Mind,1952.32,2025-05-25
R005560,O0053911,P0012,Late Delivery,259.84,2025-09-18
R005561,O0053911,P0588,Late Delivery,99.55,2025-09-29
R005562,O0053919,P0858,Changed Mind,108.27,2026-02-03
R005563,O0053927,P0153,Defective,1072.39,2026-08-07
R005564,O0053947,P0083,Defective,715.13,2024-01-11
R005565,O0053966,P1452,Wrong Item,1433.44,2026-02-24
R005566,O0053972,P0109,Late Delivery,1234.99,2025-05-14
R005567,O0053972,P0624,Defective,1957.1,2025-05-11
R005568,O0053972,P0728,Wrong Item,4763.19,2025-05-10
R005569,O0053973,P0561,Changed Mind,654.75,2026-04-03
R005570,O0053985,P0380,Defective,216.94,2026-04-11
R005571,O0053985,P0455,Defective,957.58,2026-03-26
R005572,O0053985,P0630,Defective,1337.86,2026-03-25
R005573,O0053994,P1409,Wrong Item,1221.08,2026-06-13
R005574,O0053994,P1424,Wrong Item,1705.46,2026-06-09
R005575,O0054024,P0776,Defective,61.2,2026-08-25
R005576,O0054064,P1078,Defective,748.53,2026-08-11
R005577,O0054085,P1107,Late Delivery,470.59,2026-03-12
R005578,O0054089,P0356,Late Delivery,1058.96,2025-06-01
R005579,O0054089,P1206,Late Delivery,1858.34,2025-05-25
R005580,O0054089,P0724,Late Delivery,106.31,2025-05-20
R005581,O0054112,P0748,Wrong Item,1190.64,2026-08-29
R005582,O0054112,P0212,Wrong Item,791.05,2026-08-31
R005583,O0054116,P0705,Late Delivery,1106.56,2026-02-17
R005584,O0054118,P0479,Defective,1719.69,2026-08-26
R005585,O0054118,P1020,Wrong Item,2233.45,2026-09-05
R005586,O0054118,P0191,Wrong Item,728.1,2026-08-29
R005587,O0054124,P1293,Wrong Item,1744.26,2026-02-28
R005588,O0054146,P1112,Wrong Item,719.56,2024-01-17
R005589,O0054146,P0602,Wrong Item,678.33,2024-01-20
R005590,O0054154,P1102,Defective,1085.38,2024-10-26
R005591,O0054163,P1289,Changed Mind,365.6,2025-02-28
R005592,O0054163,P1034,Changed Mind,1020.82,2025-02-23
R005593,O0054164,P1342,Defective,668.91,2024-02-07
R005594,O0054173,P1076,Defective,237.76,2024-10-10
R005595,O0054173,P1443,Wrong Item,643.69,2024-10-02
R005596,O0054173,P1168,Changed Mind,456.42,2024-10-12
R005597,O0054174,P0613,Changed Mind,360.71,2025-04-05
R005598,O0054180,P0809,Wrong Item,1812.37,2024-11-13
R005599,O0054186,P0354,Late Delivery,1011.45,2025-05-11
R005600,O0054190,P0578,Changed Mind,1569.07,2024-08-09
R005601,O0054190,P0495,Changed Mind,680.93,2024-08-10
R005602,O0054197,P0981,Wrong Item,240.03,2025-02-17
R005603,O0054208,P1219,Late Delivery,183.19,2025-12-01
R005604,O0054252,P0241,Wrong Item,1039.26,2024-04-13
R005605,O0054252,P0029,Wrong Item,760.15,2024-04-12
R005606,O0054260,P1059,Defective,175.48,2024-09-12
R005607,O0054260,P0356,Wrong Item,1034.56,2024-09-05
R005608,O0054269,P1466,Defective,351.86,2025-12-06
R005609,O0054273,P0524,Defective,324.88,2025-04-11
R005610,O0054303,P1024,Late Delivery,2713.16,2024-06-05
R005611,O0054320,P0819,Wrong Item,410.1,2024-04-24
R005612,O0054343,P1155,Wrong Item,301.93,2026-07-12
R005613,O0054359,P0497,Late Delivery,1268.51,2026-07-23
R005614,O0054379,P0381,Late Delivery,501.02,2024-06-01
R005615,O0054383,P0458,Late Delivery,794.86,2024-05-16
R005616,O0054390,P0338,Defective,333.13,2026-04-20
R005617,O0054390,P0612,Defective,1175.9,2026-04-03
R005618,O0054390,P1442,Late Delivery,3697.62,2026-04-12
R005619,O0054413,P0157,Changed Mind,864.59,2024-12-09
R005620,O0054413,P1135,Late Delivery,944.42,2024-12-21
R005621,O0054416,P0296,Late Delivery,498.42,2025-08-08
R005622,O0054418,P1053,Changed Mind,753.05,2026-06-24
R005623,O0054418,P1282,Late Delivery,1326.76,2026-06-10
R005624,O0054460,P1478,Wrong Item,845.23,2025-11-04
R005625,O0054460,P0772,Changed Mind,940.31,2025-11-04
R005626,O0054468,P0155,Changed Mind,1260.13,2024-02-18
R005627,O0054468,P1367,Changed Mind,1525.62,2024-03-04
R005628,O0054492,P1209,Defective,932.09,2024-05-11
R005629,O0054492,P1093,Defective,802.03,2024-04-27
R005630,O0054502,P0989,Changed Mind,1155.99,2026-05-18
R005631,O0054502,P1245,Wrong Item,797.69,2026-05-20
R005632,O0054506,P0258,Defective,531.64,2025-08-03
R005633,O0054546,P0744,Late Delivery,280.95,2025-04-01
R005634,O0054546,P0321,Changed Mind,1205.47,2025-03-24
R005635,O0054574,P0793,Changed Mind,2008.99,2026-04-03
R005636,O0054584,P1402,Wrong Item,760.87,2026-04-14
R005637,O0054584,P0627,Defective,454.43,2026-04-15
R005638,O0054587,P0166,Late Delivery,553.42,2025-08-22
R005639,O0054611,P0957,Late Delivery,763.01,2024-02-23
R005640,O0054614,P0692,Late Delivery,439.11,2024-08-23
R005641,O0054615,P0179,Defective,71.53,2024-04-01
R005642,O0054615,P0899,Wrong Item,2040.88,2024-04-09
R005643,O0054624,P0605,Late Delivery,856.9,2024-05-13
R005644,O0054624,P1104,Defective,454.8,2024-05-18
R005645,O0054640,P0074,Late Delivery,2518.45,2024-01-31
R005646,O0054645,P1289,Wrong Item,943.03,2024-03-29
R005647,O0054651,P0912,Changed Mind,948.02,2024-04-04
R005648,O0054651,P0866,Defective,1146.67,2024-04-13
R005649,O0054651,P0137,Defective,602.84,2024-04-12
R005650,O0054666,P0386,Changed Mind,392.74,2024-12-14
R005651,O0054670,P0714,Changed Mind,1842.56,2024-12-21
R005652,O0054699,P0880,Wrong Item,1215.68,2026-04-25
R005653,O0054707,P0432,Late Delivery,1272.82,2024-11-11
R005654,O0054717,P0194,Changed Mind,792.37,2026-01-22
R005655,O0054719,P1372,Wrong Item,1103.31,2026-06-08
R005656,O0054719,P0843,Late Delivery,1966.92,2026-06-09
R005657,O0054729,P0494,Wrong Item,1375.9,2024-11-12
R005658,O0054733,P0412,Defective,1303.66,2024-04-29
R005659,O0054741,P1054,Late Delivery,170.26,2025-06-08
R005660,O0054742,P1108,Late Delivery,296.89,2024-01-22
R005661,O0054784,P1035,Defective,1548.73,2024-07-11
R005662,O0054788,P1341,Wrong Item,1046.37,2024-06-05
R005663,O0054801,P0157,Late Delivery,863.45,2024-03-05
R005664,O0054840,P1351,Defective,216.45,2025-02-22
R005665,O0054840,P0011,Defective,733.89,2025-03-01
R005666,O0054840,P0667,Defective,173.03,2025-02-15
R005667,O0054848,P0023,Wrong Item,845.95,2025-02-27
R005668,O0054848,P0468,Defective,289.55,2025-03-05
R005669,O0054865,P0282,Changed Mind,861.64,2025-09-24
R005670,O0054878,P1034,Late Delivery,1017.24,2026-07-25
R005671,O0054878,P0692,Defective,135.39,2026-08-10
R005672,O0054900,P1285,Late Delivery,462.02,2024-05-31
R005673,O0054900,P1190,Changed Mind,236.88,2024-05-22
R005674,O0054925,P0187,Late Delivery,187.53,2024-01-28
R005675,O0054979,P1269,Late Delivery,719.72,2025-10-25
R005676,O0055017,P0389,Wrong Item,2374.32,2025-04-10
R005677,O0055017,P0177,Wrong Item,1221.76,2025-04-03
R005678,O0055017,P0637,Late Delivery,360.7,2025-04-02
R005679,O0055017,P0363,Changed Mind,1080.62,2025-04-14
R005680,O0055031,P1220,Late Delivery,814.87,2025-09-16
R005681,O0055031,P1266,Late Delivery,47.71,2025-09-12
R005682,O0055045,P1135,Wrong Item,831.92,2026-04-10
R005683,O0055058,P0492,Wrong Item,1179.72,2026-02-23
R005684,O0055058,P0424,Wrong Item,376.92,2026-02-25
R005685,O0055058,P0050,Defective,422.49,2026-02-24
R005686,O0055060,P0815,Late Delivery,468.1,2025-11-11
R005687,O0055072,P1143,Late Delivery,1193.25,2026-09-02
R005688,O0055074,P0567,Wrong Item,214.03,2024-06-19
R005689,O0055074,P0551,Wrong Item,156.95,2024-06-19
R005690,O0055074,P1446,Changed Mind,21.44,2024-06-25
R005691,O0055080,P0961,Defective,1185.51,2025-01-21
R005692,O0055107,P0610,Wrong Item,1214.5,2024-07-17
R005693,O0055107,P0845,Defective,291.05,2024-07-23
R005694,O0055111,P0797,Wrong Item,893.41,2024-09-27
R005695,O0055120,P1356,Defective,915.27,2025-01-13
R005696,O0055134,P0179,Late Delivery,224.91,2026-07-29
R005697,O0055148,P0029,Late Delivery,744.84,2025-08-08
R005698,O0055148,P0624,Defective,1043.59,2025-08-06
R005699,O0055148,P0254,Wrong Item,85.3,2025-07-28
R005700,O0055151,P0080,Wrong Item,733.44,2024-08-27
R005701,O0055151,P0665,Late Delivery,216.13,2024-08-27
R005702,O0055159,P1297,Late Delivery,1635.77,2025-07-08
R005703,O0055192,P1180,Changed Mind,260.9,2025-06-26
R005704,O0055200,P0220,Wrong Item,823.47,2025-03-24
R005705,O0055201,P0847,Late Delivery,627.21,2024-01-18
R005706,O0055201,P1347,Defective,781.42,2024-01-10
R005707,O0055241,P1412,Defective,1132.43,2024-11-18
R005708,O0055244,P0733,Defective,176.76,2025-06-19
R005709,O0055245,P1448,Wrong Item,1333.82,2024-08-22
R005710,O0055267,P1349,Changed Mind,3673.35,2024-09-17
R005711,O0055286,P0339,Wrong Item,1070.8,2024-01-19
R005712,O0055286,P0798,Late Delivery,1605.62,2024-01-03
R005713,O0055312,P0211,Defective,1623.34,2026-09-07
R005714,O0055320,P1184,Changed Mind,1151.97,2026-05-25
R005715,O0055320,P0490,Late Delivery,1075.58,2026-06-01
R005716,O0055323,P1412,Defective,654.67,2025-03-23
R005717,O0055323,P1389,Changed Mind,55.42,2025-03-22
R005718,O0055323,P0915,Changed Mind,374.16,2025-03-29
R005719,O0055335,P0361,Wrong Item,1027.76,2024-12-04
R005720,O0055340,P1471,Late Delivery,2066.84,2025-06-11
R005721,O0055340,P0051,Wrong Item,293.98,2025-06-12
R005722,O0055349,P0775,Wrong Item,932.79,2026-04-02
R005723,O0055366,P1137,Wrong Item,927.58,2025-07-06
R005724,O0055387,P0304,Late Delivery,2363.03,2026-03-11
R005725,O0055387,P0662,Late Delivery,1515.45,2026-03-01
R005726,O0055392,P0461,Wrong Item,585.17,2025-04-28
R005727,O0055421,P1485,Late Delivery,1156.69,2026-01-21
R005728,O0055430,P1159,Late Delivery,718.17,2026-09-16
R005729,O0055431,P1210,Changed Mind,797.26,2025-01-06
R005730,O0055442,P0012,Changed Mind,752.37,2025-12-31
R005731,O0055442,P0126,Changed Mind,118.68,2026-01-10
R005732,O0055459,P1350,Defective,4493.76,2025-12-16
R005733,O0055466,P1038,Changed Mind,463.73,2024-06-21
R005734,O0055466,P0064,Late Delivery,1241.57,2024-06-29
R005735,O0055472,P1140,Late Delivery,231.13,2026-07-23
R005736,O0055527,P0943,Defective,301.92,2026-03-03
R005737,O0055527,P0731,Wrong Item,879.84,2026-03-18
R005738,O0055534,P0814,Wrong Item,461.6,2024-08-24
R005739,O0055535,P1309,Wrong Item,932.29,2024-01-12
R005740,O0055535,P0229,Defective,666.85,2024-01-13
R005741,O0055591,P0761,Wrong Item,397.5,2025-04-20
R005742,O0055597,P1026,Defective,1770.12,2026-06-02
R005743,O0055598,P0168,Defective,600.94,2025-10-14
R005744,O0055598,P0201,Late Delivery,48.5,2025-10-12
R005745,O0055614,P0316,Late Delivery,950.27,2024-07-06
R005746,O0055622,P1346,Defective,231.58,2024-05-18
R005747,O0055653,P1023,Wrong Item,1271.75,2024-05-14
R005748,O0055653,P1393,Wrong Item,75.69,2024-05-12
R005749,O0055664,P0425,Late Delivery,615.81,2026-03-22
R005750,O0055678,P0977,Wrong Item,434.09,2024-07-06
R005751,O0055690,P1417,Defective,294.94,2025-01-06
R005752,O0055700,P1323,Defective,1276.41,2026-08-28
R005753,O0055709,P0272,Defective,3523.15,2024-01-24
R005754,O0055737,P0539,Changed Mind,1469.19,2026-07-23
R005755,O0055746,P1125,Defective,1015.95,2025-05-22
R005756,O0055746,P0197,Wrong Item,656.14,2025-05-19
R005757,O0055749,P1455,Defective,601.69,2025-02-19
R005758,O0055762,P0757,Wrong Item,898.95,2024-08-03
R005759,O0055762,P0986,Changed Mind,38.98,2024-07-19
R005760,O0055776,P0008,Changed Mind,31.7,2024-02-22
R005761,O0055819,P0426,Late Delivery,286.22,2025-08-03
R005762,O0055830,P0600,Defective,464.4,2024-01-08
R005763,O0055838,P0219,Wrong Item,425.31,2025-05-26
R005764,O0055838,P1030,Changed Mind,401.17,2025-05-28
R005765,O0055838,P0146,Changed Mind,2638.02,2025-05-22
R005766,O0055838,P1422,Late Delivery,163.11,2025-06-02
R005767,O0055838,P0987,Late Delivery,931.17,2025-05-21
R005768,O0055856,P0959,Changed Mind,485.08,2025-09-23
R005769,O0055870,P0003,Late Delivery,1177.73,2026-02-28
R005770,O0055876,P0045,Changed Mind,1223.98,2026-08-22
R005771,O0055912,P1015,Late Delivery,436.23,2025-07-14
R005772,O0055912,P0060,Wrong Item,333.35,2025-07-16
R005773,O0055935,P0358,Wrong Item,1205.48,2024-06-19
R005774,O0055973,P1024,Late Delivery,1296.5,2025-02-15
R005775,O0055973,P0268,Wrong Item,140.37,2025-02-04
R005776,O0055991,P0816,Defective,294.16,2024-04-30
R005777,O0056008,P1257,Changed Mind,55.64,2024-11-07
R005778,O0056020,P1291,Changed Mind,3093.17,2025-02-18
R005779,O0056021,P0576,Late Delivery,80.38,2026-02-21
R005780,O0056021,P0063,Late Delivery,287.88,2026-02-13
R005781,O0056032,P1009,Changed Mind,753.18,2026-02-14
R005782,O0056036,P0842,Wrong Item,312.81,2024-05-18
R005783,O0056038,P0593,Late Delivery,621.96,2024-07-08
R005784,O0056057,P0072,Changed Mind,913.44,2024-12-25
R005785,O0056060,P0240,Late Delivery,834.19,2025-06-09
R005786,O0056060,P0201,Defective,57.38,2025-06-10
R005787,O0056079,P0960,Changed Mind,1315.64,2025-06-12
R005788,O0056079,P1211,Changed Mind,23.03,2025-06-25
R005789,O0056102,P0111,Wrong Item,1268.46,2025-06-07
R005790,O0056107,P0559,Changed Mind,2182.26,2026-08-25
R005791,O0056116,P1068,Wrong Item,582.32,2026-04-09
R005792,O0056129,P1340,Changed Mind,87.07,2026-01-22
R005793,O0056129,P0639,Defective,1353.03,2026-01-27
R005794,O0056132,P0435,Wrong Item,1653.23,2025-10-27
R005795,O0056164,P0629,Defective,196.77,2025-10-14
R005796,O0056164,P1118,Defective,2521.77,2025-10-22
R005797,O0056178,P0353,Late Delivery,196.41,2026-07-18
R005798,O0056178,P0329,Wrong Item,892.82,2026-07-16
R005799,O0056196,P1008,Late Delivery,45.29,2025-07-25
R005800,O0056203,P1402,Defective,760.87,2025-01-16
R005801,O0056209,P1451,Late Delivery,158.52,2025-05-30
R005802,O0056220,P0377,Changed Mind,843.39,2026-01-12
R005803,O0056220,P0970,Wrong Item,281.82,2026-01-26
R005804,O0056236,P0171,Wrong Item,1095.16,2026-02-06
R005805,O0056242,P0451,Defective,242.71,2025-09-06
R005806,O0056250,P0609,Wrong Item,1064.98,2024-12-21
R005807,O0056252,P1474,Changed Mind,1496.52,2026-09-05
R005808,O0056257,P0686,Late Delivery,1152.13,2024-06-04
R005809,O0056268,P0242,Late Delivery,1277.08,2026-02-04
R005810,O0056288,P0858,Defective,268.36,2025-08-26
R005811,O0056288,P0263,Changed Mind,416.92,2025-08-13
R005812,O0056302,P0727,Wrong Item,127.21,2025-09-05
R005813,O0056328,P1064,Changed Mind,604.87,2025-10-16
R005814,O0056347,P1060,Defective,1205.14,2025-06-23
R005815,O0056350,P1465,Late Delivery,1921.35,2025-06-21
R005816,O0056350,P0670,Defective,995.57,2025-07-04
R005817,O0056362,P0118,Changed Mind,409.33,2025-07-16
R005818,O0056378,P0074,Changed Mind,1185.93,2024-12-04
R005819,O0056389,P0379,Changed Mind,1197.73,2024-04-21
R005820,O0056397,P0615,Wrong Item,1054.37,2026-04-20
R005821,O0056402,P1420,Late Delivery,2140.59,2025-07-10
R005822,O0056402,P0149,Wrong Item,982.22,2025-07-16
R005823,O0056402,P0643,Defective,94.89,2025-07-18
R005824,O0056406,P1112,Defective,701.2,2024-11-17
R005825,O0056431,P0930,Changed Mind,130.1,2026-02-12
R005826,O0056431,P1163,Wrong Item,3376.99,2026-02-02
R005827,O0056460,P0486,Wrong Item,1047.54,2025-10-07
R005828,O0056460,P0736,Wrong Item,2292.49,2025-09-29
R005829,O0056470,P0857,Late Delivery,1001.33,2026-05-24
R005830,O0056474,P0223,Defective,1453.7,2026-03-19
R005831,O0056490,P0998,Changed Mind,1183.24,2026-04-23
R005832,O0056497,P1215,Changed Mind,436.81,2025-06-08
R005833,O0056497,P0001,Changed Mind,2149.15,2025-06-07
R005834,O0056513,P1074,Late Delivery,233.09,2024-11-15
R005835,O0056524,P0477,Changed Mind,91.84,2024-03-15
R005836,O0056526,P0085,Changed Mind,896.83,2025-11-05
R005837,O0056529,P0380,Defective,114.54,2026-01-09
R005838,O0056529,P0316,Wrong Item,736.56,2026-01-12
R005839,O0056535,P0999,Wrong Item,1829.88,2024-05-08
R005840,O0056562,P1481,Late Delivery,705.62,2024-03-20
R005841,O0056562,P0594,Late Delivery,493.49,2024-03-26
R005842,O0056566,P0783,Changed Mind,986.97,2024-10-29
R005843,O0056622,P1237,Changed Mind,1420.17,2026-06-21
R005844,O0056622,P1449,Wrong Item,446.68,2026-06-15
R005845,O0056668,P0085,Defective,904.46,2024-11-15
R005846,O0056668,P0094,Wrong Item,235.82,2024-11-07
R005847,O0056679,P0675,Changed Mind,166.53,2026-03-14
R005848,O0056685,P1494,Defective,917.06,2024-02-25
R005849,O0056713,P0541,Changed Mind,672.23,2024-06-01
R005850,O0056713,P0445,Wrong Item,160.15,2024-06-19
R005851,O0056734,P0759,Wrong Item,1145.76,2025-08-02
R005852,O0056746,P0590,Wrong Item,1168.96,2025-02-26
R005853,O0056757,P0699,Defective,1056.38,2026-04-03
R005854,O0056785,P0756,Changed Mind,553.81,2026-02-27
R005855,O0056796,P0630,Late Delivery,1561.46,2024-04-15
R005856,O0056824,P1121,Wrong Item,1112.62,2025-08-15
R005857,O0056824,P1343,Changed Mind,676.76,2025-08-17
R005858,O0056827,P1453,Late Delivery,890.2,2024-06-07
R005859,O0056831,P0043,Wrong Item,769.34,2025-02-25
R005860,O0056837,P0590,Wrong Item,2215.45,2024-12-26
R005861,O0056837,P0583,Changed Mind,499.13,2025-01-07
R005862,O0056846,P1168,Wrong Item,473.61,2024-02-16
R005863,O0056860,P0311,Wrong Item,1346.42,2025-02-10
R005864,O0056863,P1437,Late Delivery,1368.14,2024-03-14
R005865,O0056870,P0873,Wrong Item,2029.11,2026-07-31
R005866,O0056870,P0688,Defective,2294.54,2026-07-31
R005867,O0056873,P0557,Late Delivery,206.66,2026-04-24
R005868,O0056885,P1151,Defective,465.16,2025-05-04
R005869,O0056885,P1072,Defective,1192.3,2025-05-12
R005870,O0056887,P1355,Wrong Item,3338.45,2024-03-19
R005871,O0056887,P1060,Changed Mind,745.32,2024-03-16
R005872,O0056893,P1223,Changed Mind,265.66,2026-03-14
R005873,O0056909,P1236,Wrong Item,145.53,2024-07-21
R005874,O0056976,P0497,Late Delivery,1299.97,2024-02-24
R005875,O0056976,P0293,Changed Mind,681.68,2024-03-03
R005876,O0056976,P1322,Defective,508.13,2024-02-28
R005877,O0057049,P1486,Changed Mind,169.94,2024-05-25
R005878,O0057049,P0719,Late Delivery,205.49,2024-05-18
R005879,O0057064,P0173,Late Delivery,2472.46,2025-12-26
R005880,O0057122,P0048,Late Delivery,1247.59,2024-06-14
R005881,O0057122,P1054,Wrong Item,172.43,2024-06-12
R005882,O0057133,P1085,Late Delivery,1393.86,2026-05-25
R005883,O0057141,P0590,Late Delivery,5689.63,2025-07-06
R005884,O0057207,P1396,Defective,289.8,2025-11-30
R005885,O0057219,P1218,Changed Mind,1211.81,2024-11-21
R005886,O0057224,P0699,Late Delivery,1202.67,2024-07-19
R005887,O0057245,P0686,Late Delivery,1292.41,2024-06-09
R005888,O0057248,P1322,Defective,579.79,2025-10-19
R005889,O0057258,P0161,Late Delivery,725.25,2025-06-10
R005890,O0057260,P1330,Late Delivery,495.63,2025-09-20
R005891,O0057261,P0279,Wrong Item,880.53,2025-01-12
R005892,O0057261,P0984,Changed Mind,1264.28,2025-01-03
R005893,O0057261,P0524,Defective,698.37,2025-01-20
R005894,O0057272,P0950,Changed Mind,3376.01,2026-03-22
R005895,O0057273,P0709,Defective,1098.6,2024-01-21
R005896,O0057281,P0121,Changed Mind,1201.88,2024-07-06
R005897,O0057289,P1393,Changed Mind,142.51,2024-12-21
R005898,O0057289,P0314,Wrong Item,1223.96,2024-12-19
R005899,O0057300,P0925,Wrong Item,234.77,2025-03-20
R005900,O0057300,P0373,Defective,295.68,2025-03-16
R005901,O0057311,P1111,Changed Mind,943.16,2024-10-11
R005902,O0057311,P0184,Wrong Item,2421.03,2024-10-08
R005903,O0057312,P0159,Wrong Item,929.23,2026-03-29
R005904,O0057312,P0284,Changed Mind,212.17,2026-04-01
R005905,O0057340,P0745,Late Delivery,1479.83,2024-05-16
R005906,O0057348,P1383,Changed Mind,891.67,2026-02-24
R005907,O0057348,P1307,Changed Mind,205.49,2026-03-11
R005908,O0057392,P1278,Defective,1088.03,2025-04-26
R005909,O0057392,P1009,Late Delivery,744.72,2025-04-20
R005910,O0057392,P0100,Late Delivery,633.62,2025-04-12
R005911,O0057392,P0552,Changed Mind,213.8,2025-04-23
R005912,O0057394,P0573,Wrong Item,1913.06,2025-06-24
R005913,O0057402,P0749,Defective,935.17,2026-03-14
R005914,O0057406,P1154,Wrong Item,1074.2,2025-12-14
R005915,O0057407,P1262,Wrong Item,4774.18,2026-07-13
R005916,O0057407,P0865,Changed Mind,1293.85,2026-07-12
R005917,O0057409,P0536,Wrong Item,1027.6,2024-10-07
R005918,O0057409,P0713,Wrong Item,521.56,2024-10-08
R005919,O0057412,P0784,Changed Mind,756.33,2025-04-21
R005920,O0057432,P1094,Wrong Item,732.48,2025-03-26
R005921,O0057444,P0076,Late Delivery,548.3,2025-01-17
R005922,O0057455,P0131,Defective,1145.66,2025-11-17
R005923,O0057458,P1276,Wrong Item,1053.94,2024-02-02
R005924,O0057499,P0273,Changed Mind,1684.37,2026-09-17
R005925,O0057500,P0773,Late Delivery,103.26,2024-11-21
R005926,O0057500,P1028,Wrong Item,2702.21,2024-11-22
R005927,O0057504,P1117,Late Delivery,680.68,2025-02-20
R005928,O0057505,P0266,Changed Mind,1222.62,2024-10-11
R005929,O0057538,P0465,Late Delivery,1217.74,2025-08-13
R005930,O0057542,P0424,Late Delivery,392.12,2024-09-13
R005931,O0057544,P0596,Late Delivery,1779.33,2024-10-07
R005932,O0057544,P1311,Defective,2130.06,2024-10-07
R005933,O0057544,P0784,Defective,866.85,2024-10-06
R005934,O0057544,P0178,Late Delivery,1260.11,2024-10-06
R005935,O0057562,P0664,Changed Mind,388.6,2025-08-31
R005936,O0057583,P0312,Defective,1227.43,2026-08-23
R005937,O0057583,P0888,Changed Mind,1538.32,2026-08-27
R005938,O0057583,P0435,Defective,867.39,2026-08-25
R005939,O0057590,P0749,Defective,2246.92,2024-03-30
R005940,O0057599,P0136,Defective,684.74,2026-02-04
R005941,O0057642,P1112,Defective,588.42,2025-10-12
R005942,O0057642,P0651,Late Delivery,1385.26,2025-10-10
R005943,O0057642,P0438,Late Delivery,1056.2,2025-10-05
R005944,O0057654,P0533,Defective,784.83,2025-05-24
R005945,O0057671,P1123,Defective,1047.78,2024-01-21
R005946,O0057671,P1103,Changed Mind,952.89,2024-02-01
R005947,O0057673,P1201,Defective,71.37,2024-10-06
R005948,O0057692,P0718,Late Delivery,224.24,2025-06-06
R005949,O0057696,P0734,Late Delivery,1059.85,2024-05-18
R005950,O0057734,P0492,Changed Mind,1295.6,2025-02-15
R005951,O0057744,P0293,Defective,674.76,2024-08-16
R005952,O0057753,P0135,Changed Mind,288.0,2024-03-19
R005953,O0057773,P1252,Defective,818.09,2024-01-21
R005954,O0057773,P1095,Wrong Item,573.42,2024-01-18
R005955,O0057773,P1391,Wrong Item,488.62,2024-01-18
R005956,O0057785,P0887,Changed Mind,1516.53,2024-02-18
R005957,O0057793,P0899,Wrong Item,605.99,2026-08-23
R005958,O0057793,P0175,Defective,535.2,2026-09-05
R005959,O0057813,P1313,Wrong Item,399.02,2025-11-29
R005960,O0057813,P0862,Defective,1870.83,2025-12-01
R005961,O0057837,P1488,Wrong Item,285.27,2025-02-04
R005962,O0057837,P0161,Defective,1567.76,2025-02-17
R005963,O0057837,P0464,Wrong Item,988.11,2025-02-12
R005964,O0057845,P1315,Late Delivery,212.3,2024-03-16
R005965,O0057845,P0909,Wrong Item,566.18,2024-03-17
R005966,O0057845,P1387,Changed Mind,2600.57,2024-03-11
R005967,O0057845,P0265,Late Delivery,846.86,2024-03-19
R005968,O0057846,P0693,Wrong Item,796.72,2025-10-09
R005969,O0057884,P0104,Late Delivery,546.6,2024-08-29
R005970,O0057887,P0435,Defective,1749.79,2024-09-17
R005971,O0057930,P0934,Late Delivery,225.44,2026-02-13
R005972,O0057930,P0083,Changed Mind,654.27,2026-02-19
R005973,O0057932,P0439,Changed Mind,1077.72,2024-04-10
R005974,O0057936,P0346,Changed Mind,852.74,2024-11-08
R005975,O0057963,P1183,Late Delivery,265.15,2025-01-19
R005976,O0057963,P0275,Defective,89.63,2025-01-08
R005977,O0057964,P0419,Defective,1467.13,2024-04-04
R005978,O0057964,P0979,Changed Mind,2026.21,2024-04-09
R005979,O0057964,P1421,Changed Mind,225.66,2024-04-16
R005980,O0057964,P1320,Defective,657.33,2024-04-14
R005981,O0057965,P0382,Defective,691.77,2026-01-17
R005982,O0057965,P0831,Defective,515.06,2026-01-16
R005983,O0057970,P0814,Late Delivery,399.06,2026-05-05
R005984,O0057970,P0305,Late Delivery,1308.18,2026-05-20
R005985,O0057971,P0702,Late Delivery,1024.48,2025-02-08
R005986,O0058006,P0721,Wrong Item,2318.38,2025-04-02
R005987,O0058006,P0198,Changed Mind,1017.61,2025-04-14
R005988,O0058013,P1456,Wrong Item,374.2,2024-08-25
R005989,O0058051,P0226,Changed Mind,318.38,2025-05-15
R005990,O0058084,P0334,Late Delivery,483.07,2026-07-31
R005991,O0058087,P1294,Defective,2056.87,2024-03-10
R005992,O0058089,P0990,Wrong Item,803.64,2024-02-18
R005993,O0058089,P0663,Late Delivery,807.15,2024-02-15
R005994,O0058097,P1061,Defective,576.47,2025-10-14
R005995,O0058098,P1307,Late Delivery,628.52,2025-12-17
R005996,O0058124,P0825,Defective,1065.67,2024-10-05
R005997,O0058124,P0955,Late Delivery,197.7,2024-10-05
R005998,O0058145,P0420,Wrong Item,514.47,2025-03-19
R005999,O0058152,P0404,Late Delivery,525.04,2024-11-06
R006000,O0058153,P0860,Changed Mind,49.81,2026-02-24
R006001,O0058153,P0270,Wrong Item,1167.27,2026-03-02
R006002,O0058153,P0454,Late Delivery,1186.18,2026-02-28
R006003,O0058153,P1322,Wrong Item,1135.0,2026-02-25
R006004,O0058162,P0353,Defective,231.16,2024-03-21
R006005,O0058162,P0574,Late Delivery,1424.25,2024-04-05
R006006,O0058171,P1161,Changed Mind,2516.07,2024-02-23
R006007,O0058171,P1292,Changed Mind,851.27,2024-02-23
R006008,O0058171,P1484,Changed Mind,838.13,2024-02-18
R006009,O0058182,P1365,Late Delivery,3700.7,2025-04-01
R006010,O0058259,P0992,Changed Mind,727.75,2025-10-01
R006011,O0058294,P0503,Wrong Item,1081.72,2025-05-06
R006012,O0058307,P0949,Wrong Item,253.13,2024-03-23
R006013,O0058322,P0239,Wrong Item,163.62,2025-08-20
R006014,O0058322,P0298,Changed Mind,2261.92,2025-08-26
R006015,O0058322,P0041,Late Delivery,2847.55,2025-08-17
R006016,O0058322,P0677,Defective,419.99,2025-08-26
R006017,O0058326,P0777,Late Delivery,594.34,2026-07-26
R006018,O0058326,P0709,Changed Mind,1021.32,2026-07-27
R006019,O0058328,P1296,Changed Mind,323.96,2026-01-28
R006020,O0058328,P0332,Wrong Item,1153.62,2026-02-01
R006021,O0058328,P0029,Defective,780.72,2026-02-03
R006022,O0058344,P0131,Late Delivery,554.2,2025-06-30
R006023,O0058344,P0866,Changed Mind,1134.85,2025-07-05
R006024,O0058351,P0637,Wrong Item,176.11,2024-11-01
R006025,O0058368,P1105,Changed Mind,359.66,2024-04-06
R006026,O0058368,P0770,Changed Mind,1114.41,2024-03-31
R006027,O0058382,P0366,Late Delivery,641.83,2024-04-30
R006028,O0058388,P1206,Late Delivery,693.63,2026-01-18
R006029,O0058388,P0497,Wrong Item,1254.29,2026-01-12
R006030,O0058395,P0574,Defective,1347.77,2026-03-16
R006031,O0058444,P1073,Changed Mind,1953.16,2026-03-05
R006032,O0058473,P0962,Late Delivery,745.76,2026-03-02
R006033,O0058473,P0223,Defective,1339.58,2026-03-01
R006034,O0058476,P0942,Defective,814.53,2025-07-20
R006035,O0058513,P0424,Late Delivery,435.12,2024-04-02
R006036,O0058522,P0545,Late Delivery,1586.23,2025-08-03
R006037,O0058535,P0147,Wrong Item,1253.83,2025-08-23
R006038,O0058540,P0766,Wrong Item,280.06,2024-10-29
R006039,O0058540,P0327,Changed Mind,1118.71,2024-10-29
R006040,O0058540,P0284,Wrong Item,210.33,2024-10-18
R006041,O0058540,P0123,Late Delivery,609.95,2024-10-18
R006042,O0058575,P1214,Wrong Item,1661.45,2025-04-14
R006043,O0058575,P0377,Defective,972.77,2025-04-17
R006044,O0058575,P0187,Defective,395.8,2025-04-20
R006045,O0058605,P0784,Wrong Item,1007.94,2024-06-02
R006046,O0058612,P0431,Changed Mind,1442.09,2026-08-13
R006047,O0058615,P0729,Changed Mind,1165.82,2025-02-09
R006048,O0058630,P1334,Wrong Item,1849.53,2024-06-27
R006049,O0058630,P0476,Changed Mind,342.28,2024-06-23
R006050,O0058660,P1228,Changed Mind,930.18,2024-06-27
R006051,O0058663,P0964,Late Delivery,364.82,2024-04-28
R006052,O0058681,P0289,Wrong Item,282.7,2026-03-08
R006053,O0058681,P1316,Late Delivery,970.05,2026-03-16
R006054,O0058693,P0962,Defective,241.43,2024-02-18
R006055,O0058700,P1063,Defective,777.53,2024-11-27
R006056,O0058704,P0629,Late Delivery,60.41,2024-07-08
R006057,O0058712,P0493,Wrong Item,785.14,2025-05-02
R006058,O0058712,P0977,Defective,460.32,2025-05-02
R006059,O0058719,P1493,Wrong Item,1033.56,2026-02-08
R006060,O0058730,P0201,Defective,54.72,2024-10-17
R006061,O0058742,P1500,Wrong Item,245.43,2024-09-14
R006062,O0058742,P0275,Late Delivery,97.99,2024-09-08
R006063,O0058761,P0668,Late Delivery,54.15,2025-05-22
R006064,O0058765,P0436,Wrong Item,1133.6,2026-03-04
R006065,O0058775,P1074,Defective,243.05,2025-03-11
R006066,O0058778,P1053,Late Delivery,901.7,2024-09-04
R006067,O0058787,P0705,Changed Mind,586.05,2025-03-01
R006068,O0058787,P0934,Late Delivery,230.19,2025-02-21
R006069,O0058796,P1201,Changed Mind,70.97,2025-06-20
R006070,O0058797,P0832,Changed Mind,511.47,2024-07-11
R006071,O0058820,P0705,Wrong Item,587.3,2025-03-20
R006072,O0058820,P0888,Wrong Item,778.36,2025-03-18
R006073,O0058911,P1239,Late Delivery,823.3,2024-05-03
R006074,O0058911,P1131,Defective,1322.39,2024-04-29
R006075,O0058943,P0748,Late Delivery,399.13,2024-09-03
R006076,O0058943,P0966,Wrong Item,1052.23,2024-09-04
R006077,O0058943,P0931,Defective,507.01,2024-09-07
R006078,O0058944,P1357,Defective,232.11,2024-04-28
R006079,O0058948,P0477,Late Delivery,42.79,2025-12-12
R006080,O0058954,P1495,Defective,278.43,2025-03-27
R006081,O0058966,P0223,Changed Mind,1361.84,2026-04-25
R006082,O0058974,P1373,Wrong Item,551.01,2026-03-11
R006083,O0058998,P0256,Changed Mind,753.55,2025-08-12
R006084,O0059001,P0468,Defective,312.09,2024-05-23
R006085,O0059001,P0909,Defective,647.17,2024-06-07
R006086,O0059023,P1380,Wrong Item,2671.32,2026-02-15
R006087,O0059053,P0908,Wrong Item,560.17,2024-06-13
R006088,O0059053,P1107,Changed Mind,981.08,2024-06-30
R006089,O0059069,P1453,Wrong Item,919.6,2026-04-05
R006090,O0059069,P0994,Defective,1084.8,2026-04-03
R006091,O0059075,P0009,Wrong Item,2031.7,2024-11-19
R006092,O0059075,P0115,Changed Mind,1226.81,2024-11-09
R006093,O0059075,P1042,Defective,788.0,2024-11-13
R006094,O0059083,P0197,Defective,531.09,2025-07-31
R006095,O0059161,P0656,Wrong Item,862.5,2024-04-15
R006096,O0059162,P1403,Defective,1041.84,2025-10-08
R006097,O0059174,P0621,Late Delivery,1032.77,2025-11-09
R006098,O0059181,P0037,Changed Mind,787.06,2025-11-11
R006099,O0059193,P1292,Defective,811.29,2024-12-23
R006100,O0059193,P0246,Changed Mind,840.83,2024-12-12
R006101,O0059197,P0212,Defective,2936.98,2026-01-18
R006102,O0059197,P0293,Defective,1313.65,2026-02-01
R006103,O0059221,P0046,Late Delivery,173.98,2025-09-10
R006104,O0059224,P0111,Wrong Item,2719.4,2024-08-27
R006105,O0059224,P0858,Wrong Item,95.2,2024-08-17
R006106,O0059228,P0546,Late Delivery,755.37,2024-08-01
R006107,O0059234,P0149,Defective,984.43,2024-04-01
R006108,O0059234,P0027,Late Delivery,1189.27,2024-04-08
R006109,O0059242,P0267,Late Delivery,819.13,2024-05-23
R006110,O0059267,P0921,Wrong Item,740.15,2024-06-25
R006111,O0059284,P0174,Changed Mind,733.59,2024-08-21
R006112,O0059293,P0224,Wrong Item,235.9,2025-02-08
R006113,O0059305,P0189,Wrong Item,591.14,2024-08-19
R006114,O0059350,P0175,Wrong Item,1000.6,2025-11-25
R006115,O0059375,P0796,Defective,1708.05,2025-11-25
R006116,O0059417,P0469,Late Delivery,35.19,2025-02-25
R006117,O0059417,P1061,Wrong Item,597.05,2025-03-08
R006118,O0059426,P1240,Wrong Item,441.04,2025-10-26
R006119,O0059426,P0506,Defective,34.94,2025-10-22
R006120,O0059426,P0011,Late Delivery,2673.15,2025-10-23
R006121,O0059426,P0380,Changed Mind,108.38,2025-11-02
R006122,O0059428,P0232,Defective,457.33,2025-12-24
R006123,O0059430,P0926,Changed Mind,937.76,2025-01-22
R006124,O0059443,P0785,Defective,1148.15,2026-03-16
R006125,O0059449,P0921,Wrong Item,865.08,2026-07-14
R006126,O0059454,P1235,Wrong Item,1188.02,2026-06-19
R006127,O0059537,P0820,Changed Mind,255.99,2025-04-12
R006128,O0059560,P0378,Wrong Item,322.43,2024-07-18
R006129,O0059560,P0349,Changed Mind,1262.61,2024-07-19
R006130,O0059561,P0515,Wrong Item,2432.73,2025-07-29
R006131,O0059564,P0810,Late Delivery,740.26,2024-06-22
R006132,O0059564,P0162,Changed Mind,423.99,2024-06-19
R006133,O0059564,P1258,Late Delivery,949.96,2024-07-02
R006134,O0059567,P0430,Wrong Item,259.27,2025-07-05
R006135,O0059622,P0111,Wrong Item,1227.4,2026-03-10
R006136,O0059629,P0723,Wrong Item,826.61,2026-06-23
R006137,O0059640,P1498,Wrong Item,820.15,2024-11-09
R006138,O0059640,P0953,Wrong Item,487.66,2024-11-15
R006139,O0059640,P1361,Defective,293.5,2024-11-21
R006140,O0059642,P1037,Wrong Item,583.68,2024-05-22
R006141,O0059645,P0502,Late Delivery,2798.28,2025-09-21
R006142,O0059680,P1347,Late Delivery,1762.71,2025-07-28
R006143,O0059680,P0955,Wrong Item,103.45,2025-07-21
R006144,O0059685,P0085,Wrong Item,1907.09,2024-08-02
R006145,O0059685,P1173,Wrong Item,1139.9,2024-07-27
R006146,O0059715,P0532,Wrong Item,776.61,2024-02-23
R006147,O0059715,P1382,Late Delivery,674.84,2024-02-24
R006148,O0059721,P0945,Wrong Item,894.76,2025-04-02
R006149,O0059730,P1174,Wrong Item,718.88,2025-11-05
R006150,O0059735,P1384,Late Delivery,379.87,2024-09-07
R006151,O0059781,P0107,Wrong Item,1224.65,2025-06-13
R006152,O0059781,P0307,Late Delivery,782.81,2025-06-01
R006153,O0059863,P0740,Wrong Item,20.32,2024-02-02
R006154,O0059863,P0291,Defective,567.23,2024-01-28
R006155,O0059863,P0577,Wrong Item,529.09,2024-01-24
R006156,O0059863,P0189,Wrong Item,624.23,2024-01-23
R006157,O0059863,P1335,Late Delivery,178.81,2024-01-22
R006158,O0059900,P1441,Wrong Item,1167.37,2026-08-03
R006159,O0059900,P1031,Changed Mind,284.7,2026-07-23
R006160,O0059900,P1388,Wrong Item,1185.15,2026-07-31
R006161,O0059911,P0319,Wrong Item,582.78,2024-01-11
R006162,O0059911,P0254,Wrong Item,135.79,2024-01-26
R006163,O0059917,P1255,Changed Mind,295.42,2025-01-24
R006164,O0059917,P1296,Wrong Item,634.87,2025-01-27
R006165,O0059917,P0009,Defective,771.05,2025-02-02
R006166,O0059920,P0918,Changed Mind,782.39,2026-01-09
R006167,O0059934,P0879,Defective,1358.06,2026-01-16
R006168,O0059937,P0173,Late Delivery,1241.48,2026-06-03
R006169,O0059937,P1364,Wrong Item,2357.92,2026-06-13
R006170,O0059946,P0236,Late Delivery,1026.2,2026-06-07
R006171,O0059961,P1324,Defective,510.23,2025-04-18
R006172,O0059961,P0552,Late Delivery,246.89,2025-04-09
R006173,O0059961,P0004,Changed Mind,1072.13,2025-04-06
R006174,O0060012,P0026,Late Delivery,1180.79,2024-04-29
R006175,O0060035,P0221,Wrong Item,850.01,2025-06-24
R006176,O0060035,P1372,Late Delivery,1387.98,2025-06-27
R006177,O0060078,P1274,Wrong Item,1537.53,2026-05-19
R006178,O0060078,P1073,Changed Mind,897.83,2026-05-18
R006179,O0060078,P1245,Changed Mind,828.51,2026-05-26
R006180,O0060081,P1322,Late Delivery,527.55,2025-03-23
R006181,O0060081,P0085,Late Delivery,946.94,2025-03-21
R006182,O0060081,P1210,Wrong Item,754.5,2025-04-04
R006183,O0060105,P1370,Wrong Item,2498.39,2024-08-12
R006184,O0060114,P0235,Changed Mind,1154.08,2024-03-04
R006185,O0060114,P1453,Late Delivery,1645.95,2024-03-14
R006186,O0060114,P1258,Defective,947.18,2024-02-28
R006187,O0060114,P0101,Changed Mind,75.57,2024-03-02
R006188,O0060123,P1424,Late Delivery,861.42,2024-05-25
R006189,O0060124,P0128,Defective,1119.58,2024-01-20
R006190,O0060124,P1007,Defective,426.92,2024-01-12
R006191,O0060124,P1309,Changed Mind,2449.49,2024-01-13
R006192,O0060147,P1309,Changed Mind,2673.48,2025-02-07
R006193,O0060147,P0378,Wrong Item,296.86,2025-02-11
R006194,O0060147,P0633,Wrong Item,87.12,2025-01-31
R006195,O0060147,P1427,Late Delivery,709.14,2025-01-28
R006196,O0060148,P0628,Defective,183.49,2025-06-12
R006197,O0060153,P1366,Changed Mind,85.33,2024-07-13
R006198,O0060160,P0879,Changed Mind,1109.03,2025-10-28
R006199,O0060171,P0976,Defective,516.99,2025-06-05
R006200,O0060171,P1201,Defective,89.31,2025-06-07
R006201,O0060186,P0454,Defective,3407.92,2026-08-24
R006202,O0060193,P0928,Defective,1289.08,2026-06-12
R006203,O0060194,P0978,Defective,1669.17,2025-03-08
R006204,O0060200,P1292,Defective,342.17,2024-02-24
R006205,O0060200,P0565,Wrong Item,398.56,2024-02-22
R006206,O0060210,P1199,Changed Mind,471.2,2026-03-03
R006207,O0060217,P0729,Late Delivery,2321.66,2025-01-02
R006208,O0060252,P1173,Defective,660.7,2024-07-23
R006209,O0060266,P1444,Wrong Item,896.14,2026-02-18
R006210,O0060273,P1288,Wrong Item,1023.33,2025-10-26
R006211,O0060299,P1093,Changed Mind,684.79,2025-08-05
R006212,O0060299,P0581,Late Delivery,321.15,2025-08-16
R006213,O0060299,P0698,Defective,210.63,2025-08-05
R006214,O0060303,P1405,Late Delivery,914.57,2025-06-09
R006215,O0060303,P1101,Changed Mind,501.26,2025-05-25
R006216,O0060303,P0783,Defective,1175.05,2025-05-23
R006217,O0060316,P1195,Wrong Item,160.66,2025-01-28
R006218,O0060316,P0854,Late Delivery,1393.68,2025-01-13
R006219,O0060321,P0813,Defective,904.53,2024-12-01
R006220,O0060333,P0328,Wrong Item,928.13,2024-05-16
R006221,O0060333,P0265,Defective,1850.66,2024-05-17
R006222,O0060438,P1205,Wrong Item,1338.43,2025-03-15
R006223,O0060439,P0408,Late Delivery,1123.56,2024-08-05
R006224,O0060444,P0999,Defective,833.51,2024-06-19
R006225,O0060445,P1249,Changed Mind,630.55,2025-05-11
R006226,O0060445,P0952,Wrong Item,601.6,2025-05-11
R006227,O0060445,P1034,Changed Mind,1082.29,2025-04-30
R006228,O0060456,P0784,Defective,965.74,2025-01-22
R006229,O0060456,P0674,Changed Mind,1290.73,2025-01-20
R006230,O0060457,P0684,Defective,1179.12,2026-02-14
R006231,O0060484,P0788,Wrong Item,1414.29,2026-02-03
R006232,O0060507,P0143,Wrong Item,249.86,2024-10-20
R006233,O0060513,P0960,Late Delivery,1314.11,2026-04-27
R006234,O0060513,P0547,Wrong Item,1650.93,2026-04-29
R006235,O0060517,P0043,Defective,1825.9,2024-11-18
R006236,O0060517,P1327,Wrong Item,1265.33,2024-11-24
R006237,O0060517,P0608,Wrong Item,38.52,2024-12-01
R006238,O0060555,P1349,Wrong Item,1447.51,2024-03-24
R006239,O0060583,P0713,Late Delivery,463.23,2025-06-28
R006240,O0060583,P1447,Late Delivery,972.93,2025-06-28
R006241,O0060585,P0675,Defective,289.86,2025-12-28
R006242,O0060585,P1109,Wrong Item,2065.33,2026-01-08
R006243,O0060623,P0047,Wrong Item,251.6,2024-07-13
R006244,O0060623,P0137,Late Delivery,597.79,2024-07-04
R006245,O0060630,P0853,Wrong Item,980.24,2026-08-26
R006246,O0060638,P0608,Defective,36.79,2026-07-14
R006247,O0060638,P1011,Defective,1219.41,2026-07-19
R006248,O0060655,P0884,Defective,216.39,2025-02-03
R006249,O0060655,P0001,Changed Mind,2124.09,2025-02-01
R006250,O0060656,P0867,Defective,1072.82,2026-04-11
R006251,O0060677,P1339,Defective,446.08,2024-05-23
R006252,O0060680,P0333,Wrong Item,2344.29,2024-12-11
R006253,O0060706,P0249,Late Delivery,1787.93,2024-06-16
R006254,O0060706,P0352,Changed Mind,157.54,2024-06-09
R006255,O0060716,P0601,Wrong Item,877.54,2024-11-14
R006256,O0060716,P1323,Late Delivery,1924.15,2024-11-20
R006257,O0060716,P1074,Late Delivery,505.72,2024-11-12
R006258,O0060752,P0994,Wrong Item,1045.33,2024-06-19
R006259,O0060764,P0667,Changed Mind,169.72,2025-03-02
R006260,O0060764,P0636,Wrong Item,2493.99,2025-03-16
R006261,O0060764,P0407,Defective,548.4,2025-03-12
R006262,O0060764,P1178,Late Delivery,576.69,2025-03-14
R006263,O0060771,P1251,Defective,424.66,2024-05-17
R006264,O0060799,P0270,Changed Mind,1219.91,2025-11-01
R006265,O0060799,P0545,Late Delivery,775.75,2025-11-12
R006266,O0060799,P0951,Late Delivery,541.23,2025-11-06
R006267,O0060805,P0178,Wrong Item,1375.79,2025-11-06
R006268,O0060805,P0957,Wrong Item,883.22,2025-11-01
R006269,O0060808,P0867,Changed Mind,971.58,2024-12-20
R006270,O0060886,P0933,Defective,1330.04,2025-10-17
R006271,O0060896,P1358,Changed Mind,2280.39,2024-10-24
R006272,O0060909,P0401,Changed Mind,1253.9,2024-10-23
R006273,O0060909,P1326,Defective,2217.42,2024-10-19
R006274,O0060938,P0715,Wrong Item,330.52,2025-12-21
R006275,O0060938,P0938,Wrong Item,757.32,2025-12-16
R006276,O0060948,P1436,Wrong Item,829.03,2026-02-24
R006277,O0060951,P0214,Defective,660.7,2025-12-20
R006278,O0060977,P0404,Wrong Item,455.63,2025-10-10
R006279,O0060977,P0085,Defective,1744.59,2025-10-16
R006280,O0060981,P1256,Late Delivery,806.96,2024-03-21
R006281,O0060994,P0692,Defective,149.12,2024-05-05
R006282,O0060994,P1431,Defective,489.14,2024-05-01
R006283,O0060994,P1460,Changed Mind,1071.54,2024-05-04
R006284,O0061040,P0115,Late Delivery,1433.08,2025-11-22
R006285,O0061041,P1224,Changed Mind,1149.28,2025-06-10
R006286,O0061045,P0439,Late Delivery,306.73,2025-03-05
R006287,O0061064,P0899,Wrong Item,647.3,2026-02-11
R006288,O0061064,P1248,Changed Mind,154.25,2026-02-26
R006289,O0061064,P0718,Changed Mind,199.4,2026-02-09
R006290,O0061080,P1202,Defective,786.13,2025-12-05
R006291,O0061095,P0076,Late Delivery,1413.02,2025-10-01
R006292,O0061095,P1321,Changed Mind,1755.1,2025-10-01
R006293,O0061100,P1257,Changed Mind,27.41,2024-02-14
R006294,O0061100,P0648,Changed Mind,162.8,2024-02-18
R006295,O0061100,P1215,Wrong Item,457.55,2024-02-26
R006296,O0061160,P0248,Changed Mind,62.92,2024-06-25
R006297,O0061160,P1481,Changed Mind,808.34,2024-06-19
R006298,O0061166,P1132,Late Delivery,593.78,2024-05-22
R006299,O0061166,P1242,Defective,891.09,2024-05-23
R006300,O0061171,P0454,Late Delivery,1215.47,2024-09-07
R006301,O0061171,P0034,Late Delivery,1464.44,2024-09-05
R006302,O0061212,P1247,Changed Mind,1142.46,2025-05-03
R006303,O0061213,P0739,Wrong Item,183.28,2024-08-10
R006304,O0061217,P0037,Wrong Item,371.84,2024-11-14
R006305,O0061217,P0261,Defective,422.2,2024-11-20
R006306,O0061217,P0644,Defective,594.38,2024-11-13
R006307,O0061219,P0677,Defective,778.31,2025-09-04
R006308,O0061219,P0442,Changed Mind,2571.63,2025-08-23
R006309,O0061234,P0910,Defective,2123.24,2024-08-06
R006310,O0061248,P0660,Late Delivery,1319.05,2025-11-30
R006311,O0061271,P0505,Late Delivery,1440.71,2024-12-27
R006312,O0061274,P0375,Wrong Item,937.95,2026-07-16
R006313,O0061286,P0481,Late Delivery,416.57,2026-07-13
R006314,O0061286,P0112,Late Delivery,194.58,2026-07-09
R006315,O0061286,P0936,Late Delivery,109.63,2026-07-01
R006316,O0061311,P0517,Late Delivery,973.03,2026-06-25
R006317,O0061329,P0315,Wrong Item,881.85,2026-06-26
R006318,O0061354,P0405,Wrong Item,323.29,2025-08-22
R006319,O0061354,P0280,Wrong Item,1322.02,2025-08-25
R006320,O0061354,P0931,Defective,577.1,2025-08-23
R006321,O0061355,P1385,Late Delivery,400.44,2026-02-01
R006322,O0061355,P1116,Wrong Item,736.41,2026-01-29
R006323,O0061355,P0984,Wrong Item,1063.64,2026-02-03
R006324,O0061355,P0443,Late Delivery,772.17,2026-02-07
R006325,O0061355,P0013,Late Delivery,494.56,2026-02-10
R006326,O0061356,P0371,Late Delivery,418.22,2024-02-16
R006327,O0061377,P1188,Wrong Item,625.51,2026-01-10
R006328,O0061377,P0903,Late Delivery,825.84,2026-01-17
R006329,O0061377,P0140,Defective,1118.95,2026-01-19
R006330,O0061377,P0015,Late Delivery,1006.72,2026-01-10
R006331,O0061399,P0110,Changed Mind,1026.43,2026-01-06
R006332,O0061401,P0760,Late Delivery,2290.13,2025-09-18
R006333,O0061401,P1245,Late Delivery,1349.48,2025-09-10
R006334,O0061432,P0451,Late Delivery,220.45,2025-09-19
R006335,O0061444,P0407,Wrong Item,552.2,2025-09-27
R006336,O0061466,P1383,Late Delivery,850.17,2024-07-09
R006337,O0061466,P0130,Defective,1658.33,2024-07-08
R006338,O0061497,P0324,Late Delivery,746.53,2024-11-07
R006339,O0061505,P0253,Late Delivery,756.11,2024-06-11
R006340,O0061511,P0550,Wrong Item,772.58,2024-07-11
R006341,O0061511,P1377,Defective,1154.57,2024-07-02
R006342,O0061512,P1195,Defective,154.27,2025-08-08
R006343,O0061512,P0200,Wrong Item,1237.41,2025-08-09
R006344,O0061520,P0456,Wrong Item,572.84,2025-05-23
R006345,O0061536,P0668,Defective,46.19,2026-08-02
R006346,O0061560,P0397,Late Delivery,38.1,2024-01-18
R006347,O0061574,P1343,Wrong Item,1186.71,2025-11-02
R006348,O0061574,P0154,Wrong Item,330.2,2025-10-28
R006349,O0061600,P0199,Defective,266.03,2026-05-12
R006350,O0061611,P1410,Wrong Item,298.14,2025-02-03
R006351,O0061660,P1033,Wrong Item,711.29,2024-09-10
R006352,O0061660,P1158,Wrong Item,1276.69,2024-09-15
R006353,O0061695,P0060,Wrong Item,329.84,2024-05-24
R006354,O0061695,P0517,Late Delivery,1151.6,2024-06-01
R006355,O0061695,P1405,Changed Mind,898.22,2024-05-26
R006356,O0061703,P1160,Late Delivery,423.94,2026-02-06
R006357,O0061703,P1013,Defective,1117.89,2026-02-06
R006358,O0061732,P0724,Wrong Item,113.47,2025-01-09
R006359,O0061732,P0472,Late Delivery,411.6,2025-01-05
R006360,O0061766,P0930,Late Delivery,116.82,2025-06-06
R006361,O0061781,P0339,Wrong Item,1270.2,2025-04-27
R006362,O0061781,P0171,Changed Mind,1173.64,2025-05-05
R006363,O0061782,P1396,Changed Mind,639.74,2026-02-28
R006364,O0061796,P0131,Defective,653.38,2024-08-28
R006365,O0061804,P1045,Late Delivery,244.18,2026-02-20
R006366,O0061807,P0102,Changed Mind,724.25,2026-05-23
R006367,O0061807,P0643,Changed Mind,111.6,2026-05-15
R006368,O0061814,P1439,Late Delivery,905.14,2024-06-07
R006369,O0061820,P0819,Wrong Item,924.18,2026-08-18
R006370,O0061854,P0165,Defective,360.2,2025-07-26
R006371,O0061858,P0811,Changed Mind,2402.52,2026-04-23
R006372,O0061858,P1026,Changed Mind,472.37,2026-05-04
R006373,O0061861,P0681,Defective,1096.84,2025-10-25
R006374,O0061861,P1447,Defective,1079.83,2025-10-15
R006375,O0061861,P1180,Defective,246.93,2025-10-27
R006376,O0061869,P0567,Changed Mind,183.73,2024-02-23
R006377,O0061879,P0747,Wrong Item,732.86,2026-05-14
R006378,O0061896,P1013,Changed Mind,514.75,2026-03-19
R006379,O0061908,P0561,Late Delivery,597.3,2025-03-17
R006380,O0061908,P0060,Defective,596.81,2025-03-06
R006381,O0061913,P0339,Changed Mind,2431.99,2025-11-10
R006382,O0061913,P0568,Wrong Item,624.95,2025-11-01
R006383,O0061913,P1394,Wrong Item,1547.39,2025-11-14
R006384,O0061913,P1319,Late Delivery,608.36,2025-11-09
R006385,O0061913,P0376,Changed Mind,974.32,2025-11-10
R006386,O0061916,P0497,Late Delivery,3491.82,2024-06-22
R006387,O0061916,P1456,Late Delivery,353.85,2024-06-24
R006388,O0061959,P0760,Changed Mind,1152.14,2024-10-22
R006389,O0061971,P0239,Late Delivery,149.93,2026-08-19
R006390,O0061976,P0670,Changed Mind,2063.58,2025-02-12
R006391,O0061978,P0423,Defective,1197.63,2026-07-22
R006392,O0062012,P0029,Late Delivery,1543.55,2024-08-19
R006393,O0062032,P0331,Late Delivery,325.11,2025-08-06
R006394,O0062032,P0343,Defective,1680.74,2025-08-10
R006395,O0062032,P0720,Wrong Item,413.29,2025-08-08
R006396,O0062038,P0932,Defective,207.72,2024-02-20
R006397,O0062053,P0957,Changed Mind,723.0,2024-10-04
R006398,O0062072,P1278,Defective,1020.18,2026-01-18
R006399,O0062090,P0691,Wrong Item,934.98,2025-03-08
R006400,O0062117,P0931,Defective,603.65,2024-10-21
R006401,O0062133,P0188,Late Delivery,938.15,2024-03-27
R006402,O0062144,P1489,Late Delivery,1001.06,2024-11-29
R006403,O0062144,P0784,Changed Mind,3163.11,2024-11-26
R006404,O0062145,P0528,Changed Mind,1481.33,2026-03-25
R006405,O0062200,P0946,Changed Mind,264.72,2024-07-14
R006406,O0062239,P1016,Wrong Item,752.92,2026-08-07
R006407,O0062242,P0856,Changed Mind,817.14,2024-04-27
R006408,O0062246,P0551,Wrong Item,291.31,2025-12-09
R006409,O0062253,P1134,Late Delivery,603.36,2025-11-02
R006410,O0062258,P1402,Wrong Item,711.26,2024-08-10
R006411,O0062263,P1125,Late Delivery,972.5,2025-07-27
R006412,O0062274,P0494,Changed Mind,628.42,2024-03-07
R006413,O0062281,P0067,Changed Mind,594.33,2024-06-03
R006414,O0062303,P1251,Changed Mind,778.26,2026-07-20
R006415,O0062314,P0292,Late Delivery,1290.0,2025-03-27
R006416,O0062315,P1131,Wrong Item,1280.78,2026-02-03
R006417,O0062324,P0248,Wrong Item,27.37,2024-07-12
R006418,O0062324,P0884,Wrong Item,431.04,2024-07-10
R006419,O0062324,P1187,Defective,2974.79,2024-07-19
R006420,O0062325,P1285,Wrong Item,884.63,2025-02-06
R006421,O0062362,P0647,Wrong Item,532.42,2026-04-08
R006422,O0062365,P0944,Late Delivery,403.76,2024-05-30
R006423,O0062371,P1269,Defective,613.86,2025-11-24
R006424,O0062379,P0908,Wrong Item,1078.93,2026-08-20
R006425,O0062379,P0920,Changed Mind,260.4,2026-08-14
R006426,O0062379,P1404,Changed Mind,544.94,2026-08-18
R006427,O0062394,P0975,Late Delivery,827.86,2026-09-05
R006428,O0062407,P0698,Defective,781.45,2026-07-29
R006429,O0062416,P0184,Late Delivery,640.02,2024-05-08
R006430,O0062416,P1139,Late Delivery,217.57,2024-05-05
R006431,O0062422,P1114,Late Delivery,757.25,2025-03-10
R006432,O0062422,P0501,Late Delivery,111.33,2025-03-02
R006433,O0062422,P0699,Wrong Item,1063.86,2025-03-05
R006434,O0062431,P0779,Wrong Item,1284.33,2025-08-10
R006435,O0062460,P0201,Late Delivery,103.42,2025-01-02
R006436,O0062463,P0716,Defective,655.09,2024-05-30
R006437,O0062463,P1121,Wrong Item,3613.86,2024-05-29
R006438,O0062463,P0123,Changed Mind,1882.98,2024-05-31
R006439,O0062493,P1178,Late Delivery,474.35,2025-12-03
R006440,O0062493,P0511,Late Delivery,2670.91,2025-12-08
R006441,O0062518,P0613,Changed Mind,321.23,2026-04-10
R006442,O0062532,P0776,Defective,54.9,2026-05-09
R006443,O0062552,P0894,Changed Mind,1184.92,2025-11-16
R006444,O0062567,P1255,Defective,323.5,2025-12-30
R006445,O0062576,P0899,Late Delivery,1162.92,2024-08-19
R006446,O0062576,P0240,Wrong Item,933.18,2024-08-11
R006447,O0062576,P0173,Changed Mind,1299.19,2024-08-21
R006448,O0062576,P0563,Defective,305.97,2024-08-23
R006449,O0062576,P1130,Defective,1507.2,2024-08-13
R006450,O0062596,P0122,Late Delivery,319.85,2026-07-08
R006451,O0062620,P0024,Defective,2037.44,2024-05-15
R006452,O0062638,P0190,Defective,74.04,2025-07-04
R006453,O0062644,P0168,Late Delivery,543.67,2024-10-13
R006454,O0062644,P1215,Changed Mind,455.59,2024-10-20
R006455,O0062644,P0076,Changed Mind,1638.02,2024-10-27
R006456,O0062679,P1159,Late Delivery,679.86,2024-07-02
R006457,O0062679,P0107,Defective,1121.85,2024-06-30
R006458,O0062684,P0824,Changed Mind,18.75,2024-03-10
R006459,O0062696,P0497,Changed Mind,2425.27,2024-08-31
R006460,O0062713,P0459,Wrong Item,664.07,2024-09-27
R006461,O0062715,P0208,Defective,926.14,2026-04-24
R006462,O0062715,P0069,Defective,716.31,2026-04-24
R006463,O0062715,P0308,Changed Mind,268.17,2026-04-22
R006464,O0062727,P1376,Changed Mind,1078.11,2026-05-15
R006465,O0062733,P0723,Changed Mind,1128.71,2025-02-28
R006466,O0062739,P1221,Defective,1838.13,2025-09-21
R006467,O0062750,P1403,Wrong Item,1098.24,2026-06-20
R006468,O0062751,P1466,Defective,329.51,2025-10-28
R006469,O0062751,P1079,Changed Mind,432.97,2025-10-22
R006470,O0062792,P1076,Changed Mind,441.56,2024-04-04
R006471,O0062799,P1245,Defective,1437.13,2024-08-03
R006472,O0062799,P0301,Late Delivery,782.95,2024-07-26
R006473,O0062809,P0631,Defective,1275.04,2025-07-26
R006474,O0062809,P0143,Late Delivery,99.41,2025-07-28
R006475,O0062863,P0979,Wrong Item,1120.09,2026-05-28
R006476,O0062863,P1312,Defective,1824.45,2026-05-25
R006477,O0062864,P1373,Wrong Item,2540.96,2026-02-22
R006478,O0062881,P0403,Defective,18.25,2024-03-16
R006479,O0062881,P0100,Late Delivery,338.35,2024-03-25
R006480,O0062881,P1221,Changed Mind,820.73,2024-04-01
R006481,O0062887,P0935,Late Delivery,2424.63,2024-03-01
R006482,O0062895,P0103,Changed Mind,444.67,2024-03-30
R006483,O0062908,P0654,Wrong Item,940.94,2025-04-06
R006484,O0062921,P0236,Late Delivery,1050.31,2026-01-26
R006485,O0062921,P0762,Defective,667.94,2026-01-20
R006486,O0062954,P1017,Late Delivery,857.16,2025-03-14
R006487,O0062968,P1330,Wrong Item,213.09,2025-10-06
R006488,O0062997,P0087,Wrong Item,852.04,2026-08-21
R006489,O0062997,P0681,Defective,1040.06,2026-08-21
R006490,O0063003,P0564,Wrong Item,1472.28,2024-10-09
R006491,O0063038,P1212,Defective,492.34,2025-12-01
R006492,O0063038,P0288,Defective,776.97,2025-12-06
R006493,O0063038,P0511,Changed Mind,1823.2,2025-11-30
R006494,O0063043,P1088,Defective,804.88,2025-07-06
R006495,O0063048,P1328,Defective,712.61,2026-08-04
R006496,O0063048,P0649,Wrong Item,719.31,2026-08-01
R006497,O0063072,P1129,Changed Mind,981.32,2024-10-15
R006498,O0063072,P0409,Wrong Item,3298.3,2024-10-03
R006499,O0063087,P0543,Late Delivery,83.56,2024-12-28
R006500,O0063087,P0292,Wrong Item,1338.72,2025-01-13
R006501,O0063092,P0310,Changed Mind,254.01,2024-06-25
R006502,O0063096,P1293,Wrong Item,1718.95,2026-06-05
R006503,O0063096,P0744,Defective,289.42,2026-06-10
R006504,O0063096,P0033,Changed Mind,1155.89,2026-06-05
R006505,O0063107,P0344,Changed Mind,1106.22,2026-05-02
R006506,O0063116,P0069,Defective,226.59,2026-04-09
R006507,O0063144,P0690,Defective,2793.86,2026-07-01
R006508,O0063158,P1268,Wrong Item,563.18,2025-08-14
R006509,O0063158,P0171,Late Delivery,1149.62,2025-08-10
R006510,O0063176,P0744,Changed Mind,294.8,2025-12-10
R006511,O0063179,P0320,Defective,2612.42,2025-03-28
R006512,O0063192,P1163,Changed Mind,956.72,2026-05-02
R006513,O0063208,P0122,Late Delivery,302.54,2025-06-23
R006514,O0063208,P1374,Changed Mind,1106.66,2025-06-30
R006515,O0063210,P0897,Defective,1055.39,2025-02-05
R006516,O0063210,P1500,Late Delivery,240.74,2025-01-30
R006517,O0063210,P1378,Defective,2443.46,2025-02-08
R006518,O0063216,P1364,Wrong Item,1581.92,2026-02-01
R006519,O0063217,P1421,Wrong Item,222.61,2025-08-25
R006520,O0063231,P0579,Late Delivery,1082.8,2025-03-20
R006521,O0063234,P0481,Changed Mind,214.14,2024-08-10
R006522,O0063234,P1105,Wrong Item,393.25,2024-08-19
R006523,O0063278,P1101,Changed Mind,544.04,2025-04-12
R006524,O0063279,P0491,Changed Mind,1629.24,2024-06-14
R006525,O0063289,P0388,Defective,847.83,2026-02-16
R006526,O0063298,P1143,Defective,1184.88,2024-09-04
R006527,O0063344,P0685,Late Delivery,1190.06,2025-09-30
R006528,O0063344,P0422,Wrong Item,2151.84,2025-10-13
R006529,O0063354,P0996,Changed Mind,693.06,2024-07-22
R006530,O0063365,P0384,Wrong Item,3000.75,2025-07-27
R006531,O0063365,P0597,Late Delivery,501.18,2025-07-25
R006532,O0063369,P0807,Changed Mind,735.53,2026-05-27
R006533,O0063379,P1207,Changed Mind,463.39,2026-05-04
R006534,O0063404,P1175,Late Delivery,1199.21,2025-10-03
R006535,O0063411,P0504,Wrong Item,1201.78,2025-06-15
R006536,O0063482,P0213,Late Delivery,693.26,2025-06-15
R006537,O0063483,P1044,Changed Mind,904.84,2024-08-10
R006538,O0063514,P0088,Defective,957.75,2026-04-04
R006539,O0063514,P1066,Wrong Item,233.06,2026-04-04
R006540,O0063514,P0648,Wrong Item,278.78,2026-04-13
R006541,O0063539,P0446,Wrong Item,1092.45,2025-12-04
R006542,O0063539,P1043,Late Delivery,1286.04,2025-12-14
R006543,O0063540,P0602,Late Delivery,1213.07,2024-06-28
R006544,O0063553,P1322,Defective,487.95,2024-08-18
R006545,O0063553,P0858,Late Delivery,97.79,2024-08-12
R006546,O0063556,P1303,Wrong Item,807.2,2024-08-19
R006547,O0063556,P0259,Late Delivery,1173.8,2024-08-10
R006548,O0063562,P0791,Wrong Item,809.28,2024-10-01
R006549,O0063589,P1016,Changed Mind,742.61,2024-08-15
R006550,O0063593,P1287,Wrong Item,36.27,2025-06-12
R006551,O0063594,P0413,Wrong Item,706.51,2025-06-06
R006552,O0063627,P0292,Changed Mind,2751.69,2026-01-21
R006553,O0063627,P1067,Defective,1150.64,2026-02-04
R006554,O0063631,P0357,Wrong Item,1948.01,2025-06-24
R006555,O0063631,P0679,Late Delivery,2228.32,2025-06-15
R006556,O0063658,P0343,Late Delivery,1269.4,2025-11-18
R006557,O0063658,P0335,Changed Mind,739.46,2025-11-16
R006558,O0063664,P0900,Defective,465.26,2024-02-06
R006559,O0063669,P0719,Defective,188.7,2025-11-07
R006560,O0063683,P0479,Wrong Item,859.84,2026-03-10
R006561,O0063683,P0305,Changed Mind,738.09,2026-03-20
R006562,O0063690,P0273,Defective,535.0,2025-10-09
R006563,O0063699,P1135,Changed Mind,1796.12,2024-07-16
R006564,O0063699,P1007,Defective,417.7,2024-07-14
R006565,O0063699,P1282,Wrong Item,1258.85,2024-07-22
R006566,O0063705,P0148,Defective,594.65,2025-08-29
R006567,O0063740,P1220,Changed Mind,853.73,2024-08-02
R006568,O0063740,P0871,Changed Mind,1137.5,2024-08-09
R006569,O0063775,P1111,Late Delivery,907.4,2024-09-22
R006570,O0063798,P0828,Changed Mind,516.73,2024-05-17
R006571,O0063808,P1055,Late Delivery,1505.28,2025-11-23
R006572,O0063808,P1389,Wrong Item,58.79,2025-11-21
R006573,O0063810,P0735,Wrong Item,1061.23,2024-07-05
R006574,O0063816,P0027,Defective,845.27,2026-08-11
R006575,O0063820,P1296,Wrong Item,648.18,2026-04-18
R006576,O0063822,P0219,Wrong Item,805.98,2024-07-16
R006577,O0063865,P0245,Defective,1149.57,2025-11-05
R006578,O0063895,P1310,Late Delivery,190.66,2024-09-11
R006579,O0063904,P0067,Late Delivery,297.54,2025-02-18
R006580,O0063904,P1271,Changed Mind,2046.94,2025-02-13
R006581,O0063906,P0954,Changed Mind,372.61,2024-03-31
R006582,O0063906,P0641,Defective,2443.24,2024-04-06
R006583,O0063907,P0038,Late Delivery,266.72,2024-09-24
R006584,O0063913,P0911,Wrong Item,429.03,2024-01-08
R006585,O0063913,P0670,Wrong Item,943.43,2024-01-11
R006586,O0063920,P0682,Defective,1210.64,2025-11-28
R006587,O0063969,P0925,Defective,666.49,2024-02-22
R006588,O0063990,P1412,Late Delivery,1261.04,2025-12-06
R006589,O0064026,P0630,Wrong Item,1298.04,2026-02-11
R006590,O0064034,P1411,Changed Mind,653.04,2024-08-06
R006591,O0064034,P0677,Late Delivery,382.5,2024-08-09
R006592,O0064034,P0857,Changed Mind,948.36,2024-08-11
R006593,O0064049,P0650,Wrong Item,1228.78,2025-06-01
R006594,O0064056,P0755,Defective,809.9,2025-02-13
R006595,O0064079,P0861,Late Delivery,482.96,2024-04-24
R006596,O0064079,P0844,Changed Mind,1095.14,2024-04-22
R006597,O0064093,P1137,Changed Mind,1035.72,2025-08-09
R006598,O0064111,P1156,Changed Mind,289.34,2024-11-28
R006599,O0064116,P0952,Defective,1149.15,2026-05-15
R006600,O0064116,P1401,Changed Mind,828.75,2026-05-18
R006601,O0064117,P0582,Late Delivery,524.18,2025-05-29
R006602,O0064130,P1285,Wrong Item,503.82,2025-01-08
R006603,O0064135,P0081,Changed Mind,277.87,2024-01-17
R006604,O0064135,P0661,Changed Mind,1035.02,2024-01-23
R006605,O0064159,P0251,Defective,1048.38,2026-06-23
R006606,O0064159,P0968,Changed Mind,1099.91,2026-06-19
R006607,O0064159,P0798,Changed Mind,670.11,2026-06-23
R006608,O0064159,P1446,Late Delivery,99.54,2026-06-19
R006609,O0064178,P0971,Late Delivery,1010.04,2024-10-12
R006610,O0064195,P0415,Changed Mind,955.36,2025-12-30
R006611,O0064195,P1381,Late Delivery,252.53,2026-01-07
R006612,O0064199,P0945,Wrong Item,447.92,2026-06-04
R006613,O0064200,P0991,Late Delivery,616.17,2026-02-20
R006614,O0064203,P0496,Defective,1207.43,2026-02-02
R006615,O0064211,P0610,Late Delivery,1226.32,2025-12-18
R006616,O0064211,P1166,Late Delivery,291.37,2025-12-12
R006617,O0064219,P1132,Wrong Item,637.5,2025-01-10
R006618,O0064219,P1258,Changed Mind,863.07,2025-01-09
R006619,O0064234,P1136,Changed Mind,91.94,2025-08-25
R006620,O0064234,P0547,Changed Mind,888.1,2025-08-22
R006621,O0064237,P0609,Defective,860.72,2025-07-12
R006622,O0064240,P0428,Late Delivery,2132.31,2026-04-16
R006623,O0064240,P0240,Changed Mind,920.13,2026-04-14
R006624,O0064254,P1293,Late Delivery,880.47,2026-05-08
R006625,O0064264,P1471,Wrong Item,902.28,2024-02-20
R006626,O0064280,P0818,Changed Mind,830.65,2026-06-23
R006627,O0064280,P0882,Late Delivery,1090.21,2026-07-05
R006628,O0064281,P0862,Late Delivery,903.59,2025-02-19
R006629,O0064281,P1445,Changed Mind,568.46,2025-02-24
R006630,O0064283,P0082,Wrong Item,1075.28,2025-06-25
R006631,O0064305,P0657,Late Delivery,754.59,2025-11-06
R006632,O0064323,P0623,Late Delivery,156.95,2025-06-14
R006633,O0064328,P0969,Wrong Item,1627.28,2025-11-20
R006634,O0064328,P1163,Wrong Item,946.85,2025-11-21
R006635,O0064348,P1329,Late Delivery,1162.98,2026-07-13
R006636,O0064352,P0967,Changed Mind,306.46,2024-07-04
R006637,O0064360,P0023,Defective,2303.89,2024-04-06
R006638,O0064360,P0502,Late Delivery,926.03,2024-03-29
R006639,O0064367,P0638,Defective,3338.29,2026-09-06
R006640,O0064367,P0284,Wrong Item,187.16,2026-09-18
R006641,O0064367,P0592,Wrong Item,247.3,2026-09-09
R006642,O0064397,P0971,Defective,1922.31,2024-12-05
R006643,O0064397,P0337,Changed Mind,600.54,2024-12-06
R006644,O0064397,P0066,Wrong Item,114.71,2024-12-12
R006645,O0064423,P0005,Late Delivery,695.66,2024-09-14
R006646,O0064423,P0224,Late Delivery,228.34,2024-09-11
R006647,O0064423,P1323,Late Delivery,620.27,2024-09-10
R006648,O0064423,P0669,Late Delivery,1480.34,2024-09-12
R006649,O0064424,P0346,Changed Mind,633.12,2026-02-17
R006650,O0064451,P0913,Late Delivery,468.75,2026-04-03
R006651,O0064459,P0706,Wrong Item,620.17,2025-02-14
R006652,O0064465,P0430,Changed Mind,296.28,2025-01-08
R006653,O0064475,P1477,Wrong Item,602.36,2025-08-09
R006654,O0064488,P0452,Defective,914.24,2026-08-08
R006655,O0064496,P1130,Defective,571.07,2025-08-16
R006656,O0064526,P0007,Defective,319.09,2025-01-12
R006657,O0064532,P1265,Defective,1161.22,2025-03-15
R006658,O0064540,P0180,Wrong Item,1001.4,2026-03-05
R006659,O0064551,P1260,Defective,1757.46,2024-02-28
R006660,O0064555,P1069,Late Delivery,2187.49,2025-12-16
R006661,O0064581,P0590,Late Delivery,2881.7,2026-07-06
R006662,O0064581,P0772,Defective,916.57,2026-07-17
R006663,O0064581,P1180,Late Delivery,221.97,2026-07-08
R006664,O0064613,P0675,Late Delivery,303.92,2024-12-01
R006665,O0064614,P0283,Defective,585.58,2024-07-16
R006666,O0064617,P0372,Late Delivery,973.82,2026-04-23
R006667,O0064625,P0987,Defective,272.09,2025-12-21
R006668,O0064636,P0309,Wrong Item,5283.34,2024-05-21
R006669,O0064641,P1254,Defective,859.28,2025-03-26
R006670,O0064641,P0599,Defective,922.78,2025-03-16
R006671,O0064679,P0658,Defective,1080.93,2026-08-31
R006672,O0064732,P1433,Changed Mind,2888.42,2025-07-04
R006673,O0064732,P1440,Late Delivery,1854.0,2025-06-25
R006674,O0064732,P0362,Defective,2576.21,2025-06-17
R006675,O0064732,P0364,Wrong Item,731.71,2025-06-25
R006676,O0064736,P1408,Wrong Item,680.4,2025-09-12
R006677,O0064740,P1061,Changed Mind,582.81,2024-10-20
R006678,O0064745,P0934,Changed Mind,208.26,2025-10-12
R006679,O0064760,P0199,Wrong Item,916.84,2024-01-06
R006680,O0064770,P0652,Changed Mind,306.64,2025-10-28
R006681,O0064770,P0826,Defective,665.56,2025-10-26
R006682,O0064770,P1128,Changed Mind,725.62,2025-10-30
R006683,O0064778,P0963,Wrong Item,219.71,2024-05-29
R006684,O0064778,P0209,Defective,826.1,2024-05-30
R006685,O0064778,P1212,Late Delivery,539.09,2024-05-20
R006686,O0064785,P1469,Wrong Item,1217.96,2026-01-08
R006687,O0064809,P0554,Defective,709.37,2024-04-07
R006688,O0064822,P0943,Defective,266.49,2025-07-29
R006689,O0064822,P1060,Defective,695.39,2025-08-07
R006690,O0064851,P1423,Defective,447.43,2026-08-23
R006691,O0064851,P0890,Defective,145.43,2026-09-02
R006692,O0064851,P1175,Defective,1166.71,2026-08-27
R006693,O0064860,P1191,Defective,1312.81,2024-07-23
R006694,O0064865,P0484,Late Delivery,660.79,2026-03-14
R006695,O0064890,P0860,Wrong Item,198.87,2024-04-24
R006696,O0064890,P1418,Wrong Item,3104.72,2024-04-17
R006697,O0064890,P1382,Late Delivery,607.62,2024-04-21
R006698,O0064901,P0872,Late Delivery,948.93,2025-12-02
R006699,O0064912,P1059,Changed Mind,212.94,2024-05-30
R006700,O0064912,P0839,Wrong Item,308.59,2024-06-07
R006701,O0064912,P0882,Defective,902.22,2024-06-08
R006702,O0064923,P0472,Late Delivery,348.27,2024-02-27
R006703,O0064923,P0130,Defective,595.07,2024-03-08
R006704,O0064940,P0295,Late Delivery,139.01,2025-04-10
R006705,O0064959,P1096,Defective,929.98,2024-07-13
R006706,O0064970,P0228,Changed Mind,2914.48,2024-10-18
R006707,O0064971,P0552,Wrong Item,508.45,2025-01-16
R006708,O0064971,P0227,Late Delivery,1440.72,2025-01-18
R006709,O0064986,P0481,Wrong Item,210.77,2025-05-01
R006710,O0064991,P1314,Defective,264.18,2024-06-17
R006711,O0064991,P1123,Wrong Item,1059.15,2024-06-09
R006712,O0065024,P1422,Wrong Item,172.01,2026-06-08
R006713,O0065034,P0994,Wrong Item,997.46,2026-08-05
R006714,O0065034,P0222,Late Delivery,729.19,2026-08-04
R006715,O0065034,P0723,Late Delivery,950.45,2026-07-26
R006716,O0065034,P0009,Changed Mind,741.26,2026-08-05
R006717,O0065035,P1252,Defective,858.56,2026-04-21
R006718,O0065047,P0887,Wrong Item,1593.84,2024-12-21
R006719,O0065051,P1332,Late Delivery,668.85,2024-11-18
R006720,O0065068,P0354,Defective,1056.49,2024-09-10
R006721,O0065070,P1315,Late Delivery,227.13,2025-06-02
R006722,O0065070,P0369,Wrong Item,584.07,2025-06-17
R006723,O0065070,P1327,Changed Mind,1283.03,2025-06-19
R006724,O0065085,P1434,Defective,1098.54,2026-08-27
R006725,O0065110,P0221,Changed Mind,730.44,2024-10-14
R006726,O0065112,P0362,Wrong Item,1213.77,2025-05-12
R006727,O0065112,P0898,Changed Mind,101.2,2025-05-10
R006728,O0065112,P0866,Changed Mind,1822.07,2025-05-15
R006729,O0065128,P0982,Defective,168.51,2026-03-10
R006730,O0065129,P0556,Wrong Item,1414.24,2024-10-08
R006731,O0065143,P0707,Late Delivery,725.47,2026-02-27
R006732,O0065168,P0319,Changed Mind,572.43,2026-02-25
R006733,O0065171,P0534,Defective,790.69,2025-03-06
R006734,O0065214,P1081,Changed Mind,330.55,2024-03-11
R006735,O0065214,P0287,Wrong Item,3743.77,2024-03-11
R006736,O0065231,P0888,Changed Mind,693.1,2025-05-15
R006737,O0065231,P1277,Defective,2367.02,2025-05-06
R006738,O0065235,P0747,Wrong Item,745.66,2024-03-18
R006739,O0065248,P0487,Late Delivery,135.46,2025-04-08
R006740,O0065250,P0995,Wrong Item,2850.22,2026-08-26
R006741,O0065298,P1490,Defective,332.15,2025-04-16
R006742,O0065307,P1216,Defective,493.84,2026-02-20
R006743,O0065317,P0685,Changed Mind,2642.25,2024-03-03
R006744,O0065334,P1288,Late Delivery,1144.15,2026-01-25
R006745,O0065340,P0501,Late Delivery,188.03,2024-12-06
R006746,O0065358,P0367,Defective,1266.09,2025-12-08
R006747,O0065358,P1247,Changed Mind,1411.31,2025-12-19
R006748,O0065358,P0907,Late Delivery,89.29,2025-12-17
R006749,O0065426,P1018,Late Delivery,901.61,2024-12-30
R006750,O0065426,P1274,Changed Mind,717.54,2024-12-20
R006751,O0065431,P0900,Defective,415.95,2025-10-12
R006752,O0065435,P0914,Wrong Item,1166.42,2026-01-08
R006753,O0065457,P1231,Defective,576.98,2024-06-19
R006754,O0065476,P0412,Defective,1300.56,2024-05-20
R006755,O0065490,P1332,Late Delivery,724.25,2024-10-22
R006756,O0065499,P0638,Wrong Item,3567.73,2026-04-23
R006757,O0065499,P1012,Late Delivery,145.02,2026-04-26
R006758,O0065499,P0752,Defective,1948.42,2026-04-26
R006759,O0065499,P0996,Late Delivery,725.21,2026-05-04
R006760,O0065536,P0501,Defective,194.86,2024-08-13
R006761,O0065541,P0232,Defective,932.95,2026-09-07
R006762,O0065543,P0614,Wrong Item,3239.21,2025-02-15
R006763,O0065543,P1036,Wrong Item,211.1,2025-02-25
R006764,O0065547,P0808,Late Delivery,202.24,2024-09-18
R006765,O0065558,P0517,Changed Mind,1030.39,2026-01-26
R006766,O0065561,P0541,Changed Mind,634.12,2024-08-18
R006767,O0065597,P1178,Defective,513.77,2024-07-16
R006768,O0065626,P1201,Late Delivery,77.43,2024-04-06
R006769,O0065628,P1284,Wrong Item,642.62,2025-10-12
R006770,O0065628,P0301,Late Delivery,831.39,2025-10-17
R006771,O0065642,P0406,Changed Mind,139.88,2024-06-15
R006772,O0065642,P1427,Wrong Item,261.98,2024-06-14
R006773,O0065650,P0468,Wrong Item,312.95,2024-03-25
R006774,O0065653,P1100,Changed Mind,335.79,2026-06-16
R006775,O0065653,P0694,Late Delivery,104.08,2026-06-14
R006776,O0065680,P1096,Late Delivery,2537.45,2025-10-21
R006777,O0065693,P0172,Defective,5026.68,2026-02-18
R006778,O0065693,P1315,Changed Mind,205.75,2026-02-17
R006779,O0065695,P0613,Defective,394.39,2025-08-15
R006780,O0065695,P0528,Defective,447.1,2025-08-09
R006781,O0065695,P1193,Wrong Item,297.32,2025-08-07
R006782,O0065698,P0987,Wrong Item,293.04,2024-08-05
R006783,O0065755,P0938,Defective,781.11,2026-07-18
R006784,O0065761,P0963,Changed Mind,219.71,2024-09-04
R006785,O0065761,P0335,Defective,1099.18,2024-09-13
R006786,O0065778,P0706,Late Delivery,626.65,2025-02-19
R006787,O0065784,P0045,Late Delivery,1282.16,2026-01-04
R006788,O0065784,P0150,Changed Mind,723.4,2025-12-31
R006789,O0065784,P0360,Defective,2943.99,2026-01-05
R006790,O0065805,P0712,Late Delivery,720.82,2024-11-10
R006791,O0065806,P0848,Wrong Item,2067.82,2026-01-25
R006792,O0065814,P0694,Wrong Item,92.13,2026-09-06
R006793,O0065824,P1225,Changed Mind,295.7,2025-08-03
R006794,O0065824,P1108,Defective,588.3,2025-08-03
R006795,O0065838,P0713,Changed Mind,524.97,2026-04-06
R006796,O0065838,P0501,Late Delivery,95.88,2026-04-08
R006797,O0065861,P0458,Defective,1902.09,2026-07-13
R006798,O0065866,P1309,Wrong Item,901.3,2026-06-20
R006799,O0065866,P0786,Late Delivery,532.04,2026-06-16
R006800,O0065907,P0278,Wrong Item,930.75,2024-06-03
R006801,O0065907,P0714,Wrong Item,1220.18,2024-06-01
R006802,O0065907,P0586,Wrong Item,21.84,2024-06-04
R006803,O0065908,P0318,Late Delivery,471.78,2025-06-13
R006804,O0065918,P0276,Defective,504.38,2025-12-06
R006805,O0065936,P0286,Changed Mind,1235.33,2024-09-10
R006806,O0065936,P0678,Defective,605.25,2024-09-16
R006807,O0065938,P0567,Changed Mind,211.93,2025-07-30
R006808,O0065967,P1486,Late Delivery,183.0,2024-05-01
R006809,O0065969,P1072,Wrong Item,2518.1,2024-04-15
R006810,O0065969,P1198,Wrong Item,1088.24,2024-04-14
R006811,O0065970,P1208,Wrong Item,144.63,2026-06-01
R006812,O0065970,P0862,Late Delivery,949.14,2026-05-24
R006813,O0065970,P1301,Wrong Item,647.95,2026-05-31
R006814,O0065972,P1175,Late Delivery,1173.91,2024-12-12
R006815,O0065977,P0982,Changed Mind,141.44,2025-04-21
R006816,O0065996,P0756,Wrong Item,2448.39,2025-08-03
R006817,O0065998,P0701,Changed Mind,58.58,2024-08-25
R006818,O0065999,P1324,Defective,511.83,2025-01-13
R006819,O0066001,P0543,Defective,190.51,2024-07-15
R006820,O0066001,P1277,Changed Mind,1295.09,2024-07-18
R006821,O0066001,P0318,Late Delivery,426.8,2024-07-20
R006822,O0066001,P1274,Late Delivery,633.94,2024-07-16
R006823,O0066012,P0123,Wrong Item,659.73,2024-02-27
R006824,O0066020,P0497,Wrong Item,2598.79,2025-02-05
R006825,O0066020,P1151,Changed Mind,388.61,2025-02-09
R006826,O0066020,P0687,Late Delivery,887.93,2025-02-02
R006827,O0066022,P0457,Late Delivery,2417.01,2025-05-30
R006828,O0066027,P0796,Late Delivery,387.09,2026-04-14
R006829,O0066035,P0866,Late Delivery,1200.88,2025-04-02
R006830,O0066039,P0835,Defective,425.22,2026-04-05
R006831,O0066039,P0689,Changed Mind,1109.3,2026-04-02
R006832,O0066043,P0768,Wrong Item,197.32,2025-11-24
R006833,O0066043,P0842,Defective,941.47,2025-11-27
R006834,O0066069,P1381,Wrong Item,174.28,2025-12-21
R006835,O0066082,P0806,Defective,641.76,2024-09-24
R006836,O0066082,P0508,Defective,1368.54,2024-09-30
R006837,O0066113,P0894,Changed Mind,385.26,2024-05-24
R006838,O0066113,P1469,Defective,1219.05,2024-05-23
R006839,O0066113,P0091,Wrong Item,755.12,2024-05-12
R006840,O0066113,P1454,Changed Mind,728.97,2024-05-19
R006841,O0066113,P0169,Changed Mind,1602.04,2024-05-10
R006842,O0066129,P0415,Wrong Item,2249.24,2024-10-09
R006843,O0066129,P0041,Changed Mind,2535.56,2024-09-25
R006844,O0066145,P0451,Wrong Item,239.33,2024-12-05
R006845,O0066145,P0248,Changed Mind,29.26,2024-11-27
R006846,O0066149,P0448,Defective,2012.85,2024-04-24
R006847,O0066149,P0628,Late Delivery,193.66,2024-04-20
R006848,O0066149,P0142,Changed Mind,222.86,2024-04-16
R006849,O0066149,P0863,Wrong Item,458.47,2024-04-15
R006850,O0066181,P1030,Wrong Item,387.58,2025-09-12
R006851,O0066185,P0099,Defective,87.52,2025-01-14
R006852,O0066193,P0856,Wrong Item,1664.73,2024-04-10
R006853,O0066193,P1362,Changed Mind,1011.93,2024-04-13
R006854,O0066193,P0712,Changed Mind,2837.07,2024-04-01
R006855,O0066201,P0057,Wrong Item,1147.6,2026-01-02
R006856,O0066201,P0483,Changed Mind,279.83,2025-12-24
R006857,O0066222,P0873,Late Delivery,1177.78,2026-09-10
R006858,O0066235,P0846,Defective,185.36,2024-03-27
R006859,O0066256,P0564,Late Delivery,1292.43,2026-01-15
R006860,O0066256,P1252,Wrong Item,855.13,2026-01-25
R006861,O0066258,P0814,Changed Mind,1323.07,2025-05-28
R006862,O0066273,P1030,Changed Mind,396.45,2026-02-05
R006863,O0066273,P0753,Changed Mind,1309.9,2026-02-03
R006864,O0066286,P0871,Changed Mind,1184.59,2024-12-03
R006865,O0066292,P0966,Defective,1047.12,2024-03-31
R006866,O0066292,P1154,Changed Mind,975.29,2024-04-09
R006867,O0066292,P0503,Wrong Item,1185.32,2024-03-29
R006868,O0066305,P0680,Wrong Item,456.97,2024-11-14
R006869,O0066315,P0606,Defective,951.55,2024-06-11
R006870,O0066354,P1169,Wrong Item,684.2,2024-06-22
R006871,O0066354,P0968,Wrong Item,1002.06,2024-06-18
R006872,O0066354,P0910,Defective,1171.03,2024-06-21
R006873,O0066354,P1470,Late Delivery,520.9,2024-06-27
R006874,O0066379,P0092,Late Delivery,1195.16,2024-08-16
R006875,O0066381,P1385,Wrong Item,784.78,2024-11-30
R006876,O0066381,P0372,Changed Mind,1949.59,2024-11-28
R006877,O0066412,P0569,Changed Mind,4258.39,2025-01-25
R006878,O0066412,P1111,Wrong Item,854.16,2025-01-14
R006879,O0066412,P0658,Late Delivery,524.81,2025-01-28
R006880,O0066412,P0453,Wrong Item,489.26,2025-01-20
R006881,O0066414,P0889,Late Delivery,934.54,2026-06-09
R006882,O0066414,P0559,Defective,1165.95,2026-06-06
R006883,O0066414,P0427,Late Delivery,893.79,2026-06-02
R006884,O0066414,P0958,Wrong Item,129.26,2026-06-07
R006885,O0066418,P0432,Wrong Item,1283.96,2024-08-05
R006886,O0066418,P0634,Late Delivery,325.6,2024-08-08
R006887,O0066432,P0492,Wrong Item,1364.72,2024-01-19
R006888,O0066448,P1344,Defective,1146.25,2024-06-14
R006889,O0066478,P1203,Wrong Item,3406.82,2024-06-15
R006890,O0066479,P0750,Defective,313.46,2024-08-15
R006891,O0066486,P0361,Wrong Item,1022.22,2024-06-16
R006892,O0066486,P0247,Wrong Item,1079.78,2024-06-13
R006893,O0066507,P1159,Changed Mind,652.45,2024-11-11
R006894,O0066507,P1012,Late Delivery,425.59,2024-11-16
R006895,O0066513,P0993,Late Delivery,1152.86,2024-12-13
R006896,O0066513,P1208,Changed Mind,154.85,2024-12-08
R006897,O0066513,P1433,Changed Mind,1230.32,2024-12-12
R006898,O0066579,P0557,Late Delivery,215.85,2026-07-20
R006899,O0066584,P1369,Changed Mind,1101.41,2025-01-07
R006900,O0066584,P1025,Wrong Item,34.37,2025-01-15
R006901,O0066609,P0482,Defective,144.35,2024-02-06
R006902,O0066624,P0127,Late Delivery,433.22,2026-04-04
R006903,O0066633,P1426,Wrong Item,500.69,2026-07-13
R006904,O0066641,P1487,Defective,701.27,2024-09-06
R006905,O0066653,P1138,Defective,467.6,2026-09-05
R006906,O0066662,P0085,Wrong Item,864.56,2026-02-21
R006907,O0066675,P0426,Defective,285.75,2026-08-03
R006908,O0066679,P0783,Defective,1132.08,2026-04-13
R006909,O0066697,P0530,Late Delivery,501.63,2024-09-17
R006910,O0066701,P0705,Defective,644.04,2025-07-26
R006911,O0066707,P1095,Defective,501.5,2024-06-21
R006912,O0066715,P1034,Defective,901.87,2025-07-01
R006913,O0066715,P0150,Defective,679.08,2025-06-27
R006914,O0066715,P0328,Late Delivery,2737.68,2025-07-01
R006915,O0066720,P0587,Wrong Item,547.8,2024-08-13
R006916,O0066721,P0561,Changed Mind,576.46,2024-03-27
R006917,O0066758,P1357,Wrong Item,251.35,2025-12-30
R006918,O0066773,P1014,Wrong Item,962.72,2025-11-22
R006919,O0066784,P0348,Changed Mind,492.54,2025-06-08
R006920,O0066784,P0671,Changed Mind,740.24,2025-06-01
R006921,O0066784,P0862,Wrong Item,1942.77,2025-05-27
R006922,O0066788,P1142,Late Delivery,1316.02,2025-06-21
R006923,O0066788,P0954,Defective,348.34,2025-06-30
R006924,O0066788,P1014,Late Delivery,895.43,2025-06-21
R006925,O0066789,P1390,Late Delivery,567.52,2025-02-22
R006926,O0066826,P0826,Defective,614.48,2025-11-05
R006927,O0066828,P0683,Late Delivery,553.62,2026-08-11
R006928,O0066834,P0905,Wrong Item,1061.96,2025-09-03
R006929,O0066846,P0825,Wrong Item,4613.03,2026-04-19
R006930,O0066846,P0291,Late Delivery,529.08,2026-04-15
R006931,O0066846,P0512,Changed Mind,206.32,2026-04-13
R006932,O0066846,P0588,Wrong Item,443.37,2026-04-20
R006933,O0066847,P1434,Defective,1218.58,2024-12-10
R006934,O0066861,P1084,Defective,362.66,2025-04-28
R006935,O0066861,P1241,Late Delivery,18.02,2025-04-18
R006936,O0066861,P1038,Wrong Item,544.09,2025-04-17
R006937,O0066861,P0945,Changed Mind,433.78,2025-04-26
R006938,O0066861,P0106,Defective,2172.22,2025-04-24
R006939,O0066876,P0219,Defective,447.38,2026-03-09
R006940,O0066876,P1010,Wrong Item,111.76,2026-03-05
R006941,O0066876,P0537,Late Delivery,1357.09,2026-03-08
R006942,O0066877,P1240,Late Delivery,441.97,2026-02-04
R006943,O0066881,P1131,Defective,1295.48,2025-05-01
R006944,O0066883,P0390,Wrong Item,1434.52,2026-03-04
R006945,O0066883,P0512,Late Delivery,220.38,2026-02-23
R006946,O0066900,P0393,Late Delivery,664.4,2026-06-21
R006947,O0066901,P1272,Late Delivery,236.26,2024-10-20
R006948,O0066950,P0857,Defective,793.25,2026-07-12
R006949,O0066968,P0881,Changed Mind,544.8,2024-03-04
R006950,O0066968,P0896,Late Delivery,443.24,2024-02-28
R006951,O0066984,P0787,Wrong Item,205.98,2025-05-10
R006952,O0066984,P1043,Late Delivery,2546.91,2025-05-19
R006953,O0066984,P1072,Late Delivery,1138.73,2025-05-21
R006954,O0066993,P0699,Wrong Item,1098.37,2025-02-06
R006955,O0067010,P1219,Changed Mind,630.94,2026-04-08
R006956,O0067033,P1070,Changed Mind,1538.65,2026-05-14
R006957,O0067035,P0149,Defective,983.8,2026-05-16
R006958,O0067035,P0823,Wrong Item,241.51,2026-05-13
R006959,O0067041,P0216,Late Delivery,446.05,2024-06-14
R006960,O0067043,P0775,Wrong Item,805.24,2025-06-06
R006961,O0067063,P1432,Late Delivery,596.95,2026-03-01
R006962,O0067063,P0474,Defective,1948.38,2026-03-09
R006963,O0067081,P0625,Defective,434.03,2025-11-02
R006964,O0067081,P0969,Defective,796.36,2025-10-23
R006965,O0067119,P0881,Changed Mind,518.54,2025-02-11
R006966,O0067119,P1020,Defective,1094.26,2025-01-26
R006967,O0067137,P0333,Wrong Item,1294.53,2024-04-29
R006968,O0067147,P1358,Defective,2027.07,2024-10-10
R006969,O0067170,P0078,Wrong Item,53.1,2026-01-04
R006970,O0067178,P0252,Changed Mind,597.57,2024-04-09
R006971,O0067217,P0790,Late Delivery,73.93,2025-05-17
R006972,O0067217,P0686,Late Delivery,1228.97,2025-05-30
R006973,O0067218,P0202,Wrong Item,2278.05,2024-04-13
R006974,O0067218,P0746,Late Delivery,1295.55,2024-04-12
R006975,O0067218,P0341,Late Delivery,829.21,2024-04-01
R006976,O0067221,P0793,Defective,500.69,2026-03-18
R006977,O0067230,P0662,Changed Mind,460.69,2025-11-11
R006978,O0067230,P1120,Defective,723.38,2025-10-29
R006979,O0067250,P0251,Late Delivery,514.17,2026-01-18
R006980,O0067250,P0247,Defective,528.37,2026-01-17
R006981,O0067250,P0201,Wrong Item,51.34,2026-01-10
R006982,O0067269,P0029,Defective,815.26,2025-08-13
R006983,O0067270,P1308,Changed Mind,489.85,2024-08-05
R006984,O0067286,P1470,Wrong Item,1554.77,2026-06-16
R006985,O0067286,P0462,Changed Mind,270.46,2026-06-25
R006986,O0067286,P0907,Late Delivery,96.95,2026-06-17
R006987,O0067286,P1421,Wrong Item,903.58,2026-06-17
R006988,O0067320,P0358,Defective,1205.88,2024-04-16
R006989,O0067323,P0430,Late Delivery,578.34,2025-03-25
R006990,O0067334,P0348,Defective,455.7,2025-07-10
R006991,O0067367,P1264,Defective,196.02,2024-12-11
R006992,O0067375,P0863,Wrong Item,437.18,2024-02-10
R006993,O0067375,P0362,Wrong Item,1159.89,2024-02-17
R006994,O0067394,P1474,Defective,486.2,2025-05-24
R006995,O0067394,P0839,Defective,821.13,2025-05-20
R006996,O0067402,P1317,Late Delivery,1199.9,2026-09-07
R006997,O0067414,P1318,Defective,1158.55,2026-03-20
R006998,O0067415,P0572,Late Delivery,1214.48,2026-03-13
R006999,O0067415,P0340,Changed Mind,505.78,2026-03-13
R007000,O0067415,P0967,Defective,574.25,2026-03-22
R007001,O0067467,P1011,Wrong Item,1367.69,2024-06-21
R007002,O0067467,P1268,Changed Mind,1318.87,2024-06-28
R007003,O0067480,P0485,Late Delivery,1266.64,2024-11-17
R007004,O0067490,P1337,Changed Mind,925.86,2026-04-26
R007005,O0067490,P1421,Late Delivery,387.08,2026-05-02
R007006,O0067512,P0665,Late Delivery,219.37,2024-09-27
R007007,O0067512,P1321,Late Delivery,935.52,2024-09-29
R007008,O0067512,P1225,Defective,111.3,2024-09-29
R007009,O0067515,P1224,Late Delivery,1107.67,2026-06-01
R007010,O0067551,P1327,Wrong Item,2234.74,2026-09-07
R007011,O0067570,P1047,Late Delivery,938.39,2026-02-07
R007012,O0067570,P0132,Changed Mind,2633.44,2026-02-11
R007013,O0067574,P0333,Changed Mind,2214.78,2026-04-21
R007014,O0067574,P0111,Late Delivery,1191.51,2026-04-14
R007015,O0067587,P0591,Late Delivery,1136.29,2024-08-06
R007016,O0067587,P0833,Late Delivery,520.17,2024-08-06
R007017,O0067589,P0169,Wrong Item,909.94,2026-05-03
R007018,O0067591,P1376,Defective,1223.33,2024-01-27
R007019,O0067591,P0992,Changed Mind,635.43,2024-02-02
R007020,O0067593,P1476,Changed Mind,491.68,2024-05-20
R007021,O0067593,P0371,Changed Mind,210.69,2024-05-22
R007022,O0067608,P0567,Late Delivery,214.09,2025-08-08
R007023,O0067652,P0591,Late Delivery,1454.35,2024-02-09
R007024,O0067666,P1095,Wrong Item,565.9,2026-06-04
R007025,O0067668,P0632,Wrong Item,285.9,2024-10-25
R007026,O0067678,P0479,Wrong Item,950.8,2025-05-07
R007027,O0067678,P1006,Late Delivery,677.46,2025-04-30
R007028,O0067678,P0112,Defective,365.32,2025-05-03
R007029,O0067678,P0715,Wrong Item,371.58,2025-04-24
R007030,O0067678,P0927,Changed Mind,1924.34,2025-04-27
R007031,O0067683,P0406,Late Delivery,64.74,2024-08-24
R007032,O0067683,P0542,Wrong Item,671.18,2024-09-01
R007033,O0067697,P1336,Changed Mind,235.2,2025-07-21
R007034,O0067747,P0317,Wrong Item,499.68,2026-03-29
R007035,O0067747,P1439,Changed Mind,1926.17,2026-03-30
R007036,O0067747,P1430,Changed Mind,59.55,2026-04-03
R007037,O0067753,P1049,Defective,954.81,2024-05-22
R007038,O0067753,P0970,Changed Mind,293.45,2024-05-25
R007039,O0067753,P1300,Wrong Item,618.5,2024-05-09
R007040,O0067765,P1140,Wrong Item,227.58,2024-01-17
R007041,O0067767,P1354,Changed Mind,467.22,2024-10-18
R007042,O0067770,P0586,Wrong Item,22.99,2024-09-08
R007043,O0067779,P0050,Defective,428.31,2025-03-05
R007044,O0067802,P0124,Wrong Item,1149.69,2025-10-29
R007045,O0067802,P0287,Late Delivery,2471.5,2025-10-24
R007046,O0067811,P0559,Late Delivery,1164.14,2025-09-11
R007047,O0067811,P1317,Changed Mind,1256.18,2025-09-16
R007048,O0067825,P0610,Defective,1095.77,2026-08-23
R007049,O0067827,P0688,Wrong Item,660.01,2024-07-31
R007050,O0067850,P1006,Defective,1242.99,2026-05-23
R007051,O0067863,P0441,Wrong Item,1018.75,2025-08-19
R007052,O0067863,P0056,Wrong Item,467.83,2025-08-11
R007053,O0067915,P0095,Late Delivery,376.11,2026-04-09
R007054,O0067919,P0136,Late Delivery,607.17,2025-06-25
R007055,O0067919,P0811,Wrong Item,1420.7,2025-06-28
R007056,O0067930,P0738,Wrong Item,1335.4,2024-03-02
R007057,O0067942,P1132,Changed Mind,591.46,2025-03-23
R007058,O0067942,P0922,Late Delivery,742.61,2025-03-16
R007059,O0067942,P1469,Defective,1266.44,2025-03-17
R007060,O0067973,P0172,Changed Mind,1166.34,2024-06-12
R007061,O0067973,P0419,Defective,2400.89,2024-06-13
R007062,O0067973,P0290,Changed Mind,585.3,2024-06-18
R007063,O0067996,P1154,Late Delivery,563.78,2025-03-30
R007064,O0068001,P0724,Defective,101.8,2024-05-23
R007065,O0068008,P0801,Late Delivery,3086.37,2025-02-26
R007066,O0068008,P0378,Wrong Item,300.91,2025-02-28
R007067,O0068015,P1499,Changed Mind,499.72,2024-03-13
R007068,O0068015,P1449,Defective,158.87,2024-03-04
R007069,O0068082,P0012,Defective,250.73,2025-01-23
R007070,O0068087,P1081,Defective,892.0,2024-05-25
R007071,O0068089,P1243,Wrong Item,1366.98,2026-07-28
R007072,O0068089,P0377,Defective,766.25,2026-07-27
R007073,O0068089,P1123,Changed Mind,1150.6,2026-07-30
R007074,O0068126,P0845,Late Delivery,281.8,2025-09-28
R007075,O0068165,P0024,Defective,656.36,2026-05-15
R007076,O0068180,P0552,Defective,496.75,2026-04-22
R007077,O0068191,P1416,Changed Mind,899.62,2024-03-01
R007078,O0068195,P1264,Defective,495.17,2024-12-26
R007079,O0068233,P0990,Defective,870.87,2025-01-23
R007080,O0068247,P0275,Defective,259.99,2026-01-14
R007081,O0068250,P0193,Defective,787.04,2024-08-30
R007082,O0068280,P1327,Defective,1120.01,2026-05-20
R007083,O0068293,P0352,Defective,146.0,2024-06-22
R007084,O0068303,P0839,Changed Mind,592.66,2025-09-03
R007085,O0068303,P0505,Late Delivery,2698.74,2025-08-25
R007086,O0068303,P0931,Late Delivery,559.41,2025-08-29
R007087,O0068389,P1384,Changed Mind,663.03,2024-11-15
R007088,O0068407,P1495,Wrong Item,130.38,2026-03-10
R007089,O0068412,P1469,Late Delivery,1098.2,2025-07-26
R007090,O0068412,P1275,Changed Mind,414.25,2025-07-27
R007091,O0068446,P0301,Wrong Item,875.28,2025-10-26
R007092,O0068462,P0404,Changed Mind,475.93,2024-01-27
R007093,O0068462,P0479,Changed Mind,792.62,2024-01-26
R007094,O0068487,P0576,Defective,87.0,2024-02-25
R007095,O0068487,P0287,Wrong Item,2410.35,2024-03-05
R007096,O0068487,P0182,Wrong Item,183.97,2024-03-02
R007097,O0068487,P1152,Late Delivery,1133.91,2024-02-25
R007098,O0068494,P1234,Defective,158.82,2026-06-14
R007099,O0068495,P1099,Wrong Item,2418.14,2024-02-25
R007100,O0068520,P1123,Changed Mind,1108.05,2024-04-13
R007101,O0068520,P0892,Late Delivery,424.2,2024-04-13
R007102,O0068535,P0289,Wrong Item,257.01,2024-03-28
R007103,O0068535,P0129,Late Delivery,1085.59,2024-03-28
R007104,O0068545,P0014,Late Delivery,3630.12,2024-09-12
R007105,O0068545,P0946,Defective,60.58,2024-08-31
R007106,O0068556,P0015,Changed Mind,959.5,2024-04-08
R007107,O0068595,P1226,Changed Mind,81.08,2026-02-24
R007108,O0068596,P0945,Late Delivery,351.79,2026-02-13
R007109,O0068596,P0728,Late Delivery,1063.48,2026-02-09
R007110,O0068613,P0171,Wrong Item,1064.73,2025-04-03
R007111,O0068613,P1380,Defective,989.82,2025-04-17
R007112,O0068613,P0949,Wrong Item,950.85,2025-04-16
R007113,O0068640,P0332,Defective,1149.1,2025-07-01
R007114,O0068662,P0996,Changed Mind,631.06,2025-07-03
R007115,O0068670,P0765,Defective,164.02,2025-07-04
R007116,O0068670,P0654,Wrong Item,1758.66,2025-07-12
R007117,O0068681,P0075,Late Delivery,463.08,2025-02-19
R007118,O0068684,P0646,Wrong Item,969.87,2024-08-27
R007119,O0068686,P1419,Changed Mind,1105.83,2026-01-22
R007120,O0068686,P0710,Defective,401.19,2026-01-25
R007121,O0068689,P0065,Changed Mind,52.62,2026-07-25
R007122,O0068719,P1380,Late Delivery,3297.2,2025-11-19
R007123,O0068719,P0606,Late Delivery,1013.39,2025-11-20
R007124,O0068731,P0384,Defective,1063.33,2024-02-12
R007125,O0068744,P0807,Wrong Item,734.85,2025-12-02
R007126,O0068744,P0936,Late Delivery,126.78,2025-12-19
R007127,O0068752,P1435,Wrong Item,1207.11,2025-04-23
R007128,O0068753,P0711,Changed Mind,470.42,2024-01-19
R007129,O0068795,P1002,Wrong Item,797.13,2024-12-03
R007130,O0068797,P0833,Wrong Item,531.81,2025-05-26
R007131,O0068827,P0715,Late Delivery,308.28,2024-12-12
R007132,O0068833,P0097,Changed Mind,1063.34,2024-04-04
R007133,O0068833,P0911,Changed Mind,399.78,2024-04-17
R007134,O0068847,P1135,Late Delivery,1909.99,2024-03-19
R007135,O0068847,P0039,Changed Mind,1069.43,2024-03-14
R007136,O0068853,P1207,Late Delivery,491.11,2024-05-11
R007137,O0068853,P1112,Defective,1482.73,2024-05-11
R007138,O0068853,P0947,Defective,541.97,2024-04-30
R007139,O0068854,P0018,Wrong Item,244.29,2024-04-27
R007140,O0068854,P1119,Changed Mind,617.48,2024-05-13
R007141,O0068854,P1206,Wrong Item,568.28,2024-04-28
R007142,O0068872,P0990,Wrong Item,1741.73,2025-05-01
R007143,O0068872,P1500,Changed Mind,111.71,2025-05-05
R007144,O0068879,P0260,Changed Mind,924.56,2025-02-15
R007145,O0068882,P0901,Defective,2272.03,2026-01-12
R007146,O0068882,P1444,Late Delivery,588.59,2026-01-16
R007147,O0068882,P1433,Changed Mind,1309.61,2026-01-09
R007148,O0068888,P0856,Wrong Item,1961.52,2024-10-13
R007149,O0068888,P0129,Changed Mind,1224.0,2024-10-08
R007150,O0068888,P0299,Defective,27.48,2024-10-26
R007151,O0068901,P0679,Late Delivery,796.48,2025-03-06
R007152,O0068901,P0656,Changed Mind,958.2,2025-02-21
R007153,O0068907,P0534,Wrong Item,783.23,2025-02-26
R007154,O0068907,P1156,Defective,287.51,2025-03-01
R007155,O0068939,P0180,Late Delivery,2702.88,2026-03-04
R007156,O0068968,P1009,Wrong Item,726.89,2026-01-10
R007157,O0068968,P0701,Wrong Item,66.07,2026-01-03
R007158,O0068968,P1084,Defective,382.35,2026-01-12
R007159,O0069007,P0370,Defective,2812.38,2024-10-08
R007160,O0069050,P0078,Defective,61.43,2024-04-09
R007161,O0069056,P0572,Wrong Item,1286.06,2026-02-11
R007162,O0069056,P0559,Defective,1183.33,2026-02-01
R007163,O0069081,P1061,Defective,555.31,2026-04-23
R007164,O0069094,P0676,Changed Mind,160.25,2025-09-05
R007165,O0069097,P0656,Defective,2619.14,2024-06-09
R007166,O0069103,P1444,Late Delivery,608.82,2024-03-28
R007167,O0069105,P1371,Changed Mind,1244.51,2024-06-11
R007168,O0069108,P0186,Defective,2557.08,2024-11-20
R007169,O0069113,P1297,Defective,2139.94,2025-04-29
R007170,O0069117,P1048,Late Delivery,55.06,2024-07-19
R007171,O0069117,P0061,Defective,736.98,2024-07-23
R007172,O0069120,P0761,Late Delivery,1537.14,2025-08-22
R007173,O0069123,P0918,Wrong Item,487.47,2024-08-16
R007174,O0069124,P0789,Wrong Item,1159.79,2025-09-18
R007175,O0069129,P0315,Defective,997.94,2026-01-29
R007176,O0069129,P0017,Defective,170.92,2026-01-27
R007177,O0069129,P0861,Defective,846.42,2026-02-02
R007178,O0069129,P0704,Wrong Item,519.29,2026-02-01
R007179,O0069132,P0144,Changed Mind,5189.98,2025-01-13
R007180,O0069132,P0514,Late Delivery,99.96,2025-01-25
R007181,O0069136,P0258,Wrong Item,1696.36,2025-08-11
R007182,O0069148,P1052,Changed Mind,105.15,2026-06-25
R007183,O0069150,P0298,Wrong Item,1050.75,2024-08-22
R007184,O0069167,P0511,Late Delivery,817.81,2026-05-29
R007185,O0069173,P1270,Changed Mind,163.61,2026-03-16
R007186,O0069200,P1435,Changed Mind,367.66,2024-10-12
R007187,O0069201,P1250,Changed Mind,917.35,2025-12-15
R007188,O0069212,P0665,Late Delivery,322.35,2026-02-01
R007189,O0069252,P0300,Late Delivery,959.56,2024-11-25
R007190,O0069269,P0725,Defective,890.18,2026-04-23
R007191,O0069272,P0116,Defective,551.56,2024-12-26
R007192,O0069275,P1245,Changed Mind,718.98,2026-09-13
R007193,O0069275,P0334,Late Delivery,1039.72,2026-09-13
R007194,O0069275,P1247,Defective,1405.66,2026-09-13
R007195,O0069276,P0728,Wrong Item,1083.72,2026-01-26
R007196,O0069276,P0130,Changed Mind,549.3,2026-01-29
R007197,O0069279,P0129,Late Delivery,2571.96,2025-03-03
R007198,O0069286,P0448,Defective,1818.6,2026-07-20
R007199,O0069286,P0127,Changed Mind,522.81,2026-07-31
R007200,O0069286,P1214,Defective,1822.01,2026-07-24
R007201,O0069287,P0758,Wrong Item,655.95,2025-02-05
R007202,O0069293,P1065,Changed Mind,940.86,2025-12-18
R007203,O0069294,P0871,Late Delivery,1216.91,2025-12-08
R007204,O0069301,P0747,Wrong Item,758.73,2025-09-18
R007205,O0069301,P1305,Late Delivery,2200.09,2025-09-30
R007206,O0069312,P0504,Changed Mind,1042.42,2026-02-06
R007207,O0069328,P1428,Wrong Item,145.33,2024-08-05
R007208,O0069352,P0118,Wrong Item,440.1,2025-06-14
R007209,O0069379,P0952,Wrong Item,343.77,2024-08-03
R007210,O0069382,P0072,Wrong Item,693.48,2026-05-24
R007211,O0069382,P1130,Defective,547.0,2026-05-17
R007212,O0069382,P0743,Wrong Item,1505.69,2026-05-22
R007213,O0069399,P1095,Wrong Item,568.97,2025-12-09
R007214,O0069445,P1360,Late Delivery,691.75,2026-03-29
R007215,O0069464,P0668,Wrong Item,63.32,2025-06-28
R007216,O0069471,P0844,Defective,5699.15,2025-11-28
R007217,O0069471,P1339,Defective,896.11,2025-12-02
R007218,O0069471,P0390,Defective,824.93,2025-12-08
R007219,O0069508,P1083,Wrong Item,1548.46,2025-01-09
R007220,O0069516,P1245,Late Delivery,1369.36,2024-09-20
R007221,O0069520,P0515,Wrong Item,1046.03,2026-04-21
R007222,O0069533,P0306,Wrong Item,907.3,2025-04-27
R007223,O0069540,P0464,Changed Mind,952.46,2025-04-18
R007224,O0069544,P1038,Wrong Item,1005.34,2026-08-02
R007225,O0069551,P0477,Changed Mind,44.49,2025-02-24
R007226,O0069551,P0564,Defective,2241.57,2025-03-02
R007227,O0069567,P0257,Changed Mind,770.47,2025-09-16
R007228,O0069567,P0770,Defective,2912.16,2025-09-10
R007229,O0069569,P0810,Defective,755.45,2026-01-13
R007230,O0069584,P0858,Wrong Item,93.72,2024-07-03
R007231,O0069586,P0461,Late Delivery,1109.29,2024-09-07
R007232,O0069586,P0525,Late Delivery,766.82,2024-09-17
R007233,O0069586,P0013,Changed Mind,455.19,2024-09-10
R007234,O0069613,P0350,Late Delivery,994.84,2025-11-19
R007235,O0069630,P1431,Wrong Item,424.4,2025-04-28
R007236,O0069652,P0783,Defective,1260.88,2024-02-17
R007237,O0069665,P0652,Wrong Item,384.57,2026-05-31
R007238,O0069665,P0130,Wrong Item,1331.72,2026-05-30
R007239,O0069665,P1348,Defective,1431.11,2026-06-09
R007240,O0069665,P0856,Late Delivery,1072.22,2026-05-23
R007241,O0069675,P0964,Defective,325.18,2026-08-23
R007242,O0069704,P1183,Defective,250.88,2026-03-30
R007243,O0069705,P0718,Wrong Item,196.64,2025-04-03
R007244,O0069705,P0650,Wrong Item,402.02,2025-03-28
R007245,O0069725,P0023,Changed Mind,1127.77,2024-02-21
R007246,O0069725,P0984,Defective,1000.8,2024-02-28
R007247,O0069740,P0488,Defective,237.55,2025-06-23
R007248,O0069800,P1440,Wrong Item,1771.54,2025-02-23
R007249,O0069800,P0530,Late Delivery,994.41,2025-02-22
R007250,O0069811,P0821,Changed Mind,686.74,2026-06-14
R007251,O0069816,P0334,Defective,528.57,2025-10-15
R007252,O0069816,P1244,Defective,3174.83,2025-10-17
R007253,O0069839,P0876,Wrong Item,970.66,2024-11-13
R007254,O0069846,P1014,Changed Mind,931.3,2024-06-28
R007255,O0069855,P0665,Wrong Item,94.62,2026-06-10
R007256,O0069855,P0727,Wrong Item,126.56,2026-06-08
R007257,O0069855,P1477,Defective,556.43,2026-05-24
R007258,O0069855,P0094,Wrong Item,501.28,2026-06-05
R007259,O0069881,P0947,Wrong Item,164.64,2026-06-22
R007260,O0069916,P1393,Wrong Item,78.1,2024-03-31
R007261,O0069920,P0855,Late Delivery,552.38,2025-10-11
R007262,O0069921,P0636,Wrong Item,1155.79,2025-01-18
R007263,O0069928,P0650,Changed Mind,413.12,2025-12-13
R007264,O0069928,P0763,Changed Mind,772.53,2025-12-14
R007265,O0069928,P0149,Defective,939.39,2025-12-25
R007266,O0069931,P1458,Changed Mind,960.41,2024-09-24
R007267,O0069975,P1500,Late Delivery,271.04,2026-07-16
R007268,O0069982,P1207,Defective,432.11,2025-03-11
R007269,O0069982,P1472,Late Delivery,3387.06,2025-03-25
R007270,O0069982,P0942,Late Delivery,2543.51,2025-03-19
R007271,O0070003,P0432,Changed Mind,1350.15,2025-12-26
R007272,O0070003,P0081,Defective,465.66,2025-12-24
R007273,O0070005,P0745,Late Delivery,1461.22,2024-12-27
R007274,O0070012,P1319,Changed Mind,1320.65,2025-10-11
R007275,O0070012,P1285,Changed Mind,439.09,2025-10-13
R007276,O0070012,P0160,Wrong Item,512.52,2025-10-04
R007277,O0070034,P0148,Late Delivery,545.81,2025-01-28
R007278,O0070040,P1197,Late Delivery,1494.18,2025-11-24
R007279,O0070040,P0141,Defective,2040.7,2025-11-19
R007280,O0070079,P0965,Wrong Item,334.11,2026-03-13
R007281,O0070100,P0608,Changed Mind,34.66,2025-04-06
R007282,O0070100,P0513,Changed Mind,127.93,2025-04-08
R007283,O0070124,P1442,Wrong Item,1407.73,2026-03-23
R007284,O0070124,P0824,Wrong Item,26.2,2026-04-04
R007285,O0070124,P1417,Changed Mind,128.72,2026-04-01
R007286,O0070126,P0710,Changed Mind,332.02,2026-08-25
R007287,O0070133,P1449,Defective,194.05,2025-02-17
R007288,O0070133,P1164,Late Delivery,892.84,2025-02-26
R007289,O0070144,P1449,Late Delivery,194.05,2024-12-04
R007290,O0070180,P0751,Wrong Item,896.19,2026-06-27
R007291,O0070184,P0714,Defective,2209.99,2024-11-02
R007292,O0070184,P0559,Defective,997.76,2024-11-08
R007293,O0070186,P1221,Defective,955.18,2025-01-19
R007294,O0070202,P0044,Defective,854.08,2026-04-09
R007295,O0070202,P0828,Wrong Item,530.55,2026-04-13
R007296,O0070202,P0989,Changed Mind,1379.68,2026-04-17
R007297,O0070202,P1374,Defective,3903.16,2026-04-15
R007298,O0070202,P0927,Defective,3537.63,2026-04-13
R007299,O0070212,P1005,Wrong Item,696.78,2026-03-30
R007300,O0070212,P0311,Wrong Item,1219.59,2026-04-04
R007301,O0070213,P0915,Changed Mind,204.91,2025-07-30
R007302,O0070226,P1297,Defective,991.54,2025-03-08
R007303,O0070226,P0518,Late Delivery,469.48,2025-03-13
R007304,O0070226,P0890,Defective,157.03,2025-03-03
R007305,O0070232,P0203,Late Delivery,1427.57,2026-06-04
R007306,O0070232,P1198,Changed Mind,2093.91,2026-06-01
R007307,O0070242,P0727,Wrong Item,115.39,2026-04-02
R007308,O0070242,P0820,Wrong Item,549.71,2026-04-05
R007309,O0070251,P0838,Changed Mind,221.91,2025-02-17
R007310,O0070251,P1273,Wrong Item,434.49,2025-02-15
R007311,O0070251,P0798,Late Delivery,2122.55,2025-02-23
R007312,O0070270,P0631,Late Delivery,1306.33,2025-03-29
R007313,O0070270,P1430,Late Delivery,27.28,2025-03-16
R007314,O0070302,P0628,Defective,231.29,2024-12-23
R007315,O0070306,P1418,Defective,1148.0,2024-08-28
R007316,O0070306,P1282,Late Delivery,1345.04,2024-09-14
R007317,O0070306,P0310,Changed Mind,293.02,2024-09-02
R007318,O0070323,P0132,Wrong Item,1378.28,2024-10-13
R007319,O0070323,P1182,Changed Mind,675.13,2024-10-19
R007320,O0070323,P0661,Late Delivery,3149.15,2024-10-21
R007321,O0070348,P0815,Changed Mind,585.68,2026-04-10
R007322,O0070403,P0363,Late Delivery,978.61,2024-09-11
R007323,O0070403,P0980,Defective,762.75,2024-09-22
R007324,O0070418,P0230,Defective,1380.89,2024-03-10
R007325,O0070418,P0865,Changed Mind,1189.74,2024-03-15
R007326,O0070428,P0212,Wrong Item,651.41,2024-12-12
R007327,O0070428,P1308,Defective,548.51,2024-12-01
R007328,O0070428,P1114,Changed Mind,1551.52,2024-12-07
R007329,O0070428,P0666,Late Delivery,125.2,2024-12-04
R007330,O0070435,P0907,Defective,32.21,2025-12-02
R007331,O0070438,P1401,Changed Mind,1617.8,2025-03-31
R007332,O0070440,P0113,Defective,1082.47,2026-03-28
R007333,O0070440,P0998,Late Delivery,1233.56,2026-03-21
R007334,O0070451,P1381,Wrong Item,332.9,2025-05-17
R007335,O0070451,P0997,Defective,2063.15,2025-05-25
R007336,O0070451,P0246,Defective,455.36,2025-06-01
R007337,O0070457,P0706,Defective,523.15,2024-06-01
R007338,O0070461,P0586,Wrong Item,23.07,2026-05-21
R007339,O0070464,P1435,Defective,393.81,2026-08-06
R007340,O0070464,P0553,Late Delivery,429.65,2026-08-09
R007341,O0070472,P1091,Changed Mind,430.95,2026-04-10
R007342,O0070481,P1366,Changed Mind,67.34,2025-10-25
R007343,O0070481,P0142,Wrong Item,226.38,2025-10-23
R007344,O0070481,P1007,Changed Mind,412.19,2025-10-11
R007345,O0070481,P0562,Defective,158.13,2025-10-10
R007346,O0070483,P0170,Changed Mind,2372.71,2026-04-06
R007347,O0070488,P0713,Wrong Item,993.87,2026-07-30
R007348,O0070516,P0719,Changed Mind,197.09,2026-03-18
R007349,O0070522,P0468,Late Delivery,294.17,2025-09-24
R007350,O0070534,P0189,Changed Mind,576.79,2024-11-18
R007351,O0070534,P1259,Wrong Item,711.97,2024-11-09
R007352,O0070544,P0027,Late Delivery,419.1,2026-05-03
R007353,O0070553,P0906,Late Delivery,606.61,2025-10-15
R007354,O0070553,P0836,Late Delivery,1397.99,2025-10-30
R007355,O0070618,P1278,Late Delivery,458.24,2024-03-14
R007356,O0070627,P0756,Changed Mind,650.42,2024-04-25
R007357,O0070627,P1153,Late Delivery,1680.29,2024-04-27
R007358,O0070642,P0267,Defective,730.22,2025-10-27
R007359,O0070662,P0140,Wrong Item,2877.51,2024-02-15
R007360,O0070662,P1097,Defective,880.25,2024-02-11
R007361,O0070673,P0710,Changed Mind,331.58,2025-09-19
R007362,O0070675,P0117,Wrong Item,638.19,2024-12-03
R007363,O0070704,P0071,Changed Mind,104.98,2024-11-25
R007364,O0070715,P0745,Wrong Item,3167.49,2025-12-10
R007365,O0070742,P1299,Late Delivery,558.78,2025-11-05
R007366,O0070742,P0688,Changed Mind,762.1,2025-11-03
R007367,O0070770,P0405,Late Delivery,145.14,2026-08-25
R007368,O0070770,P0118,Late Delivery,741.68,2026-08-20
R007369,O0070770,P1217,Late Delivery,544.45,2026-08-30
R007370,O0070770,P0084,Defective,778.14,2026-09-01
R007371,O0070803,P1125,Wrong Item,900.79,2024-07-14
R007372,O0070805,P1270,Defective,161.55,2024-02-06
R007373,O0070805,P0331,Defective,291.75,2024-02-15
R007374,O0070814,P0939,Defective,920.13,2026-08-09
R007375,O0070852,P0427,Defective,1673.84,2024-06-22
R007376,O0070852,P1155,Wrong Item,341.09,2024-06-27
R007377,O0070853,P1221,Wrong Item,851.32,2025-04-21
R007378,O0070853,P1306,Defective,74.11,2025-04-11
R007379,O0070853,P1111,Changed Mind,1004.54,2025-04-27
R007380,O0070858,P0993,Wrong Item,1046.34,2024-07-28
R007381,O0070858,P0253,Defective,1512.22,2024-07-21
R007382,O0070862,P0165,Wrong Item,352.16,2026-03-15
R007383,O0070878,P0422,Changed Mind,983.28,2026-03-15
R007384,O0070878,P1380,Defective,1045.75,2026-03-22
R007385,O0070890,P0769,Late Delivery,1177.02,2024-11-21
R007386,O0070890,P0243,Late Delivery,762.18,2024-11-23
R007387,O0070890,P1028,Changed Mind,1280.72,2024-12-05
R007388,O0070890,P0835,Changed Mind,491.28,2024-12-03
R007389,O0070903,P0800,Defective,1890.27,2025-09-16
R007390,O0070903,P0092,Defective,621.3,2025-09-26
R007391,O0070912,P0695,Changed Mind,695.38,2026-09-07
R007392,O0070912,P0384,Wrong Item,1106.71,2026-09-04
R007393,O0070919,P1171,Defective,136.31,2024-12-12
R007394,O0070919,P0909,Defective,609.19,2024-12-18
R007395,O0070948,P0104,Defective,1797.31,2026-05-02
R007396,O0070965,P0669,Changed Mind,1827.92,2026-07-20
R007397,O0070965,P0139,Changed Mind,365.33,2026-07-19
R007398,O0070965,P1206,Late Delivery,612.28,2026-07-27
R007399,O0070992,P0508,Defective,1287.24,2024-05-13
R007400,O0070993,P0298,Changed Mind,1112.61,2026-02-11
R007401,O0070999,P0018,Wrong Item,211.2,2024-02-21
R007402,O0070999,P0317,Wrong Item,115.08,2024-02-16
R007403,O0071003,P0115,Late Delivery,2690.24,2024-12-08
R007404,O0071003,P1016,Wrong Item,749.12,2024-12-11
R007405,O0071004,P1030,Late Delivery,910.63,2024-02-08
R007406,O0071011,P0977,Changed Mind,429.02,2024-03-18
R007407,O0071019,P1493,Changed Mind,1088.34,2026-06-08
R007408,O0071019,P0234,Wrong Item,45.31,2026-06-14
R007409,O0071022,P0729,Late Delivery,1105.03,2026-02-26
R007410,O0071033,P0680,Changed Mind,935.24,2024-04-26
R007411,O0071053,P0921,Defective,1765.06,2024-09-04
R007412,O0071053,P0735,Changed Mind,1896.93,2024-09-10
R007413,O0071059,P1424,Changed Mind,996.34,2024-05-17
R007414,O0071062,P1283,Wrong Item,2068.83,2024-10-11
R007415,O0071092,P1436,Changed Mind,786.73,2025-01-30
R007416,O0071099,P1360,Changed Mind,874.53,2026-04-09
R007417,O0071116,P0505,Wrong Item,1466.07,2024-11-07
R007418,O0071116,P0874,Late Delivery,1276.19,2024-11-17
R007419,O0071116,P0705,Late Delivery,604.57,2024-11-12
R007420,O0071119,P0231,Defective,4534.7,2024-10-25
R007421,O0071125,P1459,Wrong Item,1012.18,2024-09-09
R007422,O0071125,P1205,Defective,633.62,2024-09-11
R007423,O0071127,P0115,Wrong Item,3809.7,2025-10-30
R007424,O0071145,P0925,Changed Mind,610.7,2024-05-05
R007425,O0071145,P0113,Changed Mind,1167.73,2024-05-10
R007426,O0071145,P0456,Wrong Item,252.54,2024-05-10
R007427,O0071159,P1207,Defective,392.72,2025-06-15
R007428,O0071166,P0283,Defective,1218.38,2025-04-27
R007429,O0071178,P0855,Late Delivery,1273.99,2025-07-14
R007430,O0071178,P1290,Changed Mind,168.04,2025-07-07
R007431,O0071196,P0400,Changed Mind,1182.81,2024-05-06
R007432,O0071196,P1358,Defective,1278.1,2024-04-26
R007433,O0071203,P0854,Changed Mind,1142.4,2025-01-03
R007434,O0071217,P0529,Wrong Item,807.94,2026-05-28
R007435,O0071217,P0676,Changed Mind,463.72,2026-05-27
R007436,O0071222,P0414,Changed Mind,714.92,2026-02-13
R007437,O0071222,P0568,Changed Mind,1932.7,2026-02-13
R007438,O0071229,P0482,Defective,149.56,2025-09-02
R007439,O0071259,P0775,Wrong Item,850.74,2026-07-18
R007440,O0071270,P1067,Wrong Item,2740.98,2026-08-27
R007441,O0071279,P0770,Changed Mind,1156.03,2025-02-22
R007442,O0071298,P1045,Late Delivery,461.63,2024-10-05
R007443,O0071298,P0962,Changed Mind,617.17,2024-09-23
R007444,O0071298,P0388,Changed Mind,862.53,2024-09-26
R007445,O0071306,P0491,Changed Mind,753.69,2024-09-25
R007446,O0071306,P0927,Changed Mind,2288.15,2024-10-04
R007447,O0071326,P0640,Late Delivery,58.57,2025-10-27
R007448,O0071332,P0939,Late Delivery,793.89,2025-02-08
R007449,O0071332,P1243,Defective,1235.43,2025-02-16
R007450,O0071332,P1117,Defective,668.04,2025-02-18
R007451,O0071337,P0442,Wrong Item,1869.6,2024-04-19
R007452,O0071337,P0085,Wrong Item,893.02,2024-04-07
R007453,O0071344,P1303,Defective,1397.3,2024-10-03
R007454,O0071356,P0775,Changed Mind,807.52,2025-11-20
R007455,O0071368,P0773,Changed Mind,45.9,2025-05-12
R007456,O0071368,P0647,Defective,589.21,2025-05-22
R007457,O0071423,P0379,Defective,970.67,2025-12-07
R007458,O0071423,P0604,Wrong Item,610.06,2025-12-01
R007459,O0071423,P1457,Defective,102.77,2025-12-01
R007460,O0071423,P1218,Defective,2597.94,2025-12-06
R007461,O0071460,P0988,Changed Mind,982.85,2025-09-21
R007462,O0071460,P0409,Defective,1200.82,2025-09-04
R007463,O0071469,P0083,Late Delivery,657.62,2026-05-21
R007464,O0071513,P1276,Late Delivery,592.69,2024-05-23
R007465,O0071544,P0302,Defective,1058.28,2024-07-03
R007466,O0071545,P0837,Defective,1416.88,2025-06-01
R007467,O0071563,P0847,Late Delivery,298.44,2024-02-25
R007468,O0071563,P0283,Changed Mind,710.6,2024-02-13
R007469,O0071573,P0782,Late Delivery,1238.07,2024-07-07
R007470,O0071574,P0985,Wrong Item,1163.24,2025-03-22
R007471,O0071574,P1041,Changed Mind,47.02,2025-03-12
R007472,O0071581,P0197,Defective,539.07,2024-05-26
R007473,O0071587,P0250,Changed Mind,1502.28,2026-01-29
R007474,O0071587,P0943,Changed Mind,287.22,2026-02-06
R007475,O0071587,P1334,Defective,1652.44,2026-01-26
R007476,O0071587,P0008,Changed Mind,30.07,2026-02-03
R007477,O0071613,P0865,Defective,2374.24,2026-06-07
R007478,O0071613,P0800,Late Delivery,994.5,2026-05-31
R007479,O0071627,P1182,Wrong Item,816.07,2024-05-28
R007480,O0071627,P0785,Changed Mind,1313.37,2024-06-10
R007481,O0071635,P1399,Defective,524.39,2024-11-24
R007482,O0071642,P0992,Changed Mind,721.14,2025-06-15
R007483,O0071648,P1182,Changed Mind,894.36,2024-10-14
R007484,O0071657,P0084,Late Delivery,878.81,2024-12-23
R007485,O0071678,P1213,Late Delivery,633.69,2026-03-25
R007486,O0071678,P0252,Changed Mind,542.17,2026-04-01
R007487,O0071683,P0814,Wrong Item,1268.08,2024-03-04
R007488,O0071693,P0635,Late Delivery,123.33,2024-02-12
R007489,O0071700,P0868,Wrong Item,500.46,2024-09-18
R007490,O0071700,P0178,Defective,694.69,2024-09-12
R007491,O0071700,P0602,Late Delivery,2172.82,2024-09-15
R007492,O0071701,P1292,Wrong Item,1267.68,2026-04-18
R007493,O0071705,P1385,Wrong Item,860.27,2025-04-07
R007494,O0071711,P0833,Defective,896.5,2024-01-18
R007495,O0071730,P0126,Defective,121.87,2024-08-02
R007496,O0071755,P0540,Changed Mind,1001.51,2025-03-14
R007497,O0071755,P1258,Defective,876.68,2025-03-25
R007498,O0071758,P0236,Late Delivery,1849.06,2025-03-11
R007499,O0071758,P0777,Late Delivery,1099.35,2025-03-21
R007500,O0071773,P0051,Late Delivery,314.29,2025-01-02
R007501,O0071773,P0287,Defective,1218.62,2024-12-30
R007502,O0071779,P0169,Defective,2538.18,2024-09-29
R007503,O0071779,P1087,Changed Mind,185.87,2024-09-23
R007504,O0071792,P0070,Defective,1330.3,2026-08-10
R007505,O0071817,P0124,Late Delivery,1196.31,2025-07-06
R007506,O0071830,P0741,Changed Mind,2502.65,2024-11-29
R007507,O0071830,P0575,Wrong Item,1112.48,2024-12-10
R007508,O0071836,P1465,Wrong Item,871.69,2024-11-20
R007509,O0071836,P1210,Late Delivery,823.55,2024-11-29
R007510,O0071845,P1104,Late Delivery,538.17,2025-07-23
R007511,O0071845,P1223,Late Delivery,889.98,2025-07-16
R007512,O0071845,P0130,Wrong Item,1178.76,2025-07-24
R007513,O0071845,P0735,Late Delivery,1160.81,2025-07-24
R007514,O0071847,P0042,Changed Mind,767.39,2026-02-21
R007515,O0071847,P0253,Late Delivery,661.52,2026-02-22
R007516,O0071847,P0794,Defective,3411.52,2026-03-02
R007517,O0071853,P0352,Wrong Item,118.66,2024-05-20
R007518,O0071856,P1178,Wrong Item,1981.28,2025-06-20
R007519,O0071870,P0271,Defective,1100.35,2025-04-08
R007520,O0071874,P0060,Defective,343.3,2024-07-08
R007521,O0071886,P0650,Late Delivery,755.4,2026-09-02
R007522,O0071898,P1206,Late Delivery,730.91,2024-03-23
R007523,O0071908,P1047,Changed Mind,1883.68,2024-09-02
R007524,O0071925,P0235,Defective,2573.93,2025-06-30
R007525,O0071925,P1428,Defective,455.23,2025-07-07
R007526,O0071944,P1029,Changed Mind,146.35,2026-04-20
R007527,O0071944,P1491,Late Delivery,1729.73,2026-04-26
R007528,O0071974,P0448,Wrong Item,1120.24,2024-11-12
R007529,O0071983,P0862,Late Delivery,908.7,2025-04-17
R007530,O0071997,P0397,Wrong Item,36.93,2024-04-23
R007531,O0071998,P1327,Wrong Item,1140.49,2024-09-20
R007532,O0071998,P0056,Wrong Item,448.11,2024-09-11
R007533,O0072039,P1386,Wrong Item,966.35,2025-06-02
R007534,O0072047,P0862,Late Delivery,3042.2,2024-11-28
R007535,O0072047,P0332,Defective,1267.14,2024-12-06
R007536,O0072077,P1009,Wrong Item,777.64,2026-04-21
R007537,O0072087,P1052,Changed Mind,173.63,2024-01-22
R007538,O0072107,P0767,Changed Mind,120.81,2024-09-10
R007539,O0072162,P0700,Late Delivery,761.84,2024-03-06
R007540,O0072162,P0384,Changed Mind,954.3,2024-03-10
R007541,O0072162,P1106,Wrong Item,217.57,2024-03-07
R007542,O0072171,P1055,Wrong Item,716.59,2025-10-20
R007543,O0072171,P0216,Late Delivery,504.16,2025-10-21
R007544,O0072171,P0924,Late Delivery,558.47,2025-10-21
R007545,O0072185,P0898,Changed Mind,91.78,2024-11-22
R007546,O0072198,P1052,Changed Mind,99.69,2024-02-13
R007547,O0072201,P1379,Late Delivery,1393.88,2025-01-21
R007548,O0072201,P0004,Late Delivery,915.38,2025-01-24
R007549,O0072201,P0781,Late Delivery,2391.9,2025-02-02
R007550,O0072201,P1013,Changed Mind,1245.52,2025-01-30
R007551,O0072229,P0696,Late Delivery,637.01,2026-03-17
R007552,O0072259,P0741,Wrong Item,1255.36,2025-02-13
R007553,O0072259,P1163,Changed Mind,995.29,2025-01-30
R007554,O0072266,P0660,Defective,1186.74,2025-09-17
R007555,O0072266,P1114,Changed Mind,781.46,2025-09-08
R007556,O0072266,P1287,Wrong Item,111.51,2025-09-04
R007557,O0072286,P1453,Changed Mind,2077.96,2026-03-03
R007558,O0072287,P1156,Changed Mind,273.76,2024-08-11
R007559,O0072309,P0445,Wrong Item,127.29,2024-05-28
R007560,O0072317,P1075,Late Delivery,1641.07,2024-02-14
R007561,O0072323,P0038,Defective,266.8,2026-07-19
R007562,O0072323,P1202,Late Delivery,1011.62,2026-07-16
R007563,O0072323,P0018,Defective,463.88,2026-07-18
R007564,O0072323,P0773,Late Delivery,55.39,2026-07-08
R007565,O0072324,P1241,Wrong Item,17.98,2026-02-24
R007566,O0072329,P0023,Late Delivery,1156.95,2026-01-21
R007567,O0072329,P1117,Wrong Item,799.76,2026-01-21
R007568,O0072329,P0567,Defective,207.99,2026-01-16
R007569,O0072334,P1486,Changed Mind,348.21,2026-06-09
R007570,O0072344,P1286,Late Delivery,465.76,2024-03-12
R007571,O0072359,P0406,Changed Mind,104.98,2025-05-23
R007572,O0072374,P0972,Wrong Item,1189.67,2026-04-04
R007573,O0072376,P1053,Late Delivery,835.82,2025-05-30
R007574,O0072376,P0706,Wrong Item,551.8,2025-06-13
R007575,O0072391,P0146,Wrong Item,2534.45,2024-03-06
R007576,O0072391,P1334,Wrong Item,1670.54,2024-03-03
R007577,O0072391,P0482,Changed Mind,136.76,2024-03-15
R007578,O0072391,P0264,Defective,977.72,2024-03-13
R007579,O0072397,P0741,Wrong Item,1311.17,2024-05-26
R007580,O0072411,P0104,Changed Mind,1252.96,2025-10-17
R007581,O0072415,P0753,Changed Mind,2511.79,2026-04-23
R007582,O0072439,P0030,Changed Mind,1029.0,2025-08-17
R007583,O0072444,P0369,Wrong Item,589.72,2025-06-24
R007584,O0072444,P0574,Late Delivery,2324.95,2025-06-29
R007585,O0072444,P1005,Changed Mind,748.32,2025-06-18
R007586,O0072447,P0825,Late Delivery,1003.04,2025-09-19
R007587,O0072462,P0414,Changed Mind,758.83,2024-01-28
R007588,O0072462,P0269,Changed Mind,270.9,2024-02-01
R007589,O0072462,P0604,Changed Mind,1124.58,2024-02-04
R007590,O0072468,P0667,Changed Mind,185.3,2024-06-14
R007591,O0072488,P1482,Changed Mind,292.63,2026-07-06
R007592,O0072492,P0728,Defective,1111.9,2024-10-13
R007593,O0072492,P0247,Wrong Item,487.84,2024-09-29
R007594,O0072492,P0651,Defective,632.02,2024-10-03
R007595,O0072521,P1326,Wrong Item,1366.77,2026-08-12
R007596,O0072532,P0350,Late Delivery,1839.9,2026-07-22
R007597,O0072532,P1274,Defective,764.32,2026-07-15
R007598,O0072551,P0982,Changed Mind,335.11,2024-03-09
R007599,O0072567,P1133,Defective,999.23,2026-01-07
R007600,O0072577,P0256,Wrong Item,1092.89,2025-11-30
R007601,O0072585,P0577,Wrong Item,541.97,2026-04-12
R007602,O0072610,P1391,Wrong Item,238.2,2024-02-26
R007603,O0072610,P0670,Changed Mind,993.26,2024-03-02
R007604,O0072610,P0206,Late Delivery,332.53,2024-02-25
R007605,O0072656,P0442,Changed Mind,894.14,2025-03-16
R007606,O0072658,P1442,Changed Mind,1199.49,2026-02-21
R007607,O0072669,P1312,Defective,1090.84,2024-01-16
R007608,O0072675,P1493,Wrong Item,1089.61,2025-04-17
R007609,O0072677,P0528,Defective,473.82,2024-09-26
R007610,O0072677,P0211,Changed Mind,779.4,2024-09-24
R007611,O0072677,P1482,Wrong Item,240.0,2024-09-09
R007612,O0072693,P0470,Late Delivery,1030.49,2025-08-12
R007613,O0072703,P0557,Late Delivery,221.29,2024-03-20
R007614,O0072705,P1430,Defective,28.14,2025-01-07
R007615,O0072705,P0571,Defective,3622.46,2025-01-03
R007616,O0072729,P0280,Defective,3447.86,2024-08-22
R007617,O0072732,P1152,Late Delivery,3153.06,2026-06-09
R007618,O0072732,P0264,Changed Mind,995.15,2026-06-12
R007619,O0072732,P0464,Changed Mind,1077.13,2026-06-12
R007620,O0072736,P0328,Defective,1753.64,2025-04-17
R007621,O0072736,P0450,Wrong Item,985.27,2025-04-21
R007622,O0072744,P0496,Changed Mind,1270.68,2024-03-16
R007623,O0072748,P0101,Late Delivery,87.95,2025-12-14
R007624,O0072748,P0382,Late Delivery,305.64,2025-12-17
R007625,O0072760,P0774,Wrong Item,445.77,2025-10-23
R007626,O0072795,P0680,Changed Mind,876.49,2026-03-29
R007627,O0072801,P1481,Changed Mind,1786.9,2024-02-15
R007628,O0072804,P1014,Wrong Item,1973.25,2025-09-24
R007629,O0072804,P1009,Late Delivery,1538.87,2025-09-26
R007630,O0072853,P0547,Wrong Item,867.34,2024-03-19
R007631,O0072853,P0459,Defective,675.47,2024-03-12
R007632,O0072853,P0951,Changed Mind,251.46,2024-03-10
R007633,O0072853,P0242,Late Delivery,1060.17,2024-03-14
R007634,O0072866,P0181,Late Delivery,3448.82,2024-07-13
R007635,O0072879,P0642,Late Delivery,1087.88,2024-05-28
R007636,O0072933,P0204,Wrong Item,428.38,2025-05-18
R007637,O0072933,P0636,Changed Mind,1199.03,2025-05-17
R007638,O0072934,P0740,Wrong Item,21.48,2026-05-26
R007639,O0072957,P1267,Changed Mind,2073.64,2026-01-24
R007640,O0072957,P0654,Defective,902.13,2026-01-27
R007641,O0072985,P1472,Changed Mind,2509.74,2026-04-28
R007642,O0072990,P0533,Changed Mind,762.76,2024-04-15
R007643,O0072990,P0528,Wrong Item,1197.98,2024-04-12
R007644,O0073006,P0724,Defective,118.21,2026-07-29
R007645,O0073016,P1479,Late Delivery,1007.1,2025-11-17
R007646,O0073023,P0703,Changed Mind,1427.83,2025-11-16
R007647,O0073034,P0231,Wrong Item,2500.22,2025-10-17
R007648,O0073077,P0726,Wrong Item,101.14,2024-11-20
R007649,O0073086,P0668,Late Delivery,63.32,2025-03-25
R007650,O0073090,P0951,Late Delivery,855.57,2025-04-30
R007651,O0073090,P1396,Changed Mind,534.07,2025-04-30
R007652,O0073097,P1390,Defective,594.99,2025-04-18
R007653,O0073097,P0461,Late Delivery,603.1,2025-04-22
R007654,O0073156,P1338,Late Delivery,1893.68,2024-02-18
R007655,O0073156,P1251,Changed Mind,413.98,2024-02-28
R007656,O0073156,P0949,Changed Mind,705.6,2024-03-01
R007657,O0073159,P1189,Defective,134.88,2026-01-14
R007658,O0073163,P0487,Defective,76.73,2026-06-29
R007659,O0073198,P0136,Defective,562.51,2025-06-14
R007660,O0073212,P0822,Defective,274.26,2024-09-06
R007661,O0073233,P0175,Late Delivery,523.4,2024-10-07
R007662,O0073282,P1354,Changed Mind,757.44,2024-02-01
R007663,O0073313,P0241,Defective,520.93,2026-08-02
R007664,O0073325,P0010,Changed Mind,1178.63,2026-08-01
R007665,O0073325,P1247,Late Delivery,1339.33,2026-08-06
R007666,O0073325,P0838,Changed Mind,125.3,2026-08-04
R007667,O0073331,P1349,Changed Mind,1334.89,2026-06-13
R007668,O0073331,P0522,Changed Mind,2507.42,2026-06-03
R007669,O0073335,P1488,Late Delivery,283.31,2024-02-18
R007670,O0073335,P1161,Defective,1370.35,2024-02-14
R007671,O0073345,P0453,Late Delivery,529.69,2025-07-02
R007672,O0073357,P1147,Late Delivery,86.43,2025-03-11
R007673,O0073375,P0930,Defective,108.32,2025-02-06
R007674,O0073375,P0299,Wrong Item,30.15,2025-02-06
R007675,O0073375,P0120,Changed Mind,110.63,2025-02-10
R007676,O0073389,P0350,Late Delivery,1134.76,2024-04-10
R007677,O0073389,P0648,Defective,168.06,2024-04-16
R007678,O0073393,P1270,Wrong Item,175.47,2025-05-02
R007679,O0073393,P0548,Late Delivery,1907.84,2025-04-22
R007680,O0073401,P0206,Wrong Item,700.05,2024-05-19
R007681,O0073412,P0218,Changed Mind,686.86,2024-07-25
R007682,O0073434,P1480,Defective,273.05,2026-03-05
R007683,O0073434,P0108,Wrong Item,1175.34,2026-03-05
R007684,O0073466,P1310,Late Delivery,195.49,2024-03-04
R007685,O0073466,P1265,Late Delivery,1406.0,2024-02-27
R007686,O0073478,P0541,Changed Mind,637.02,2026-04-26
R007687,O0073478,P0855,Late Delivery,531.72,2026-04-14
R007688,O0073494,P0255,Changed Mind,2193.78,2024-11-19
R007689,O0073494,P0157,Defective,845.47,2024-11-18
R007690,O0073494,P1096,Defective,832.8,2024-11-16
R007691,O0073538,P0988,Defective,1051.16,2025-12-24
R007692,O0073552,P0062,Defective,694.17,2026-04-12
R007693,O0073553,P0698,Changed Mind,195.92,2025-04-19
R007694,O0073574,P0917,Late Delivery,1664.35,2024-11-22
R007695,O0073574,P1082,Late Delivery,345.93,2024-11-30
R007696,O0073618,P1208,Late Delivery,166.38,2025-06-28
R007697,O0073618,P1042,Late Delivery,793.29,2025-06-28
R007698,O0073618,P0270,Wrong Item,1116.0,2025-06-23
R007699,O0073621,P1180,Defective,497.74,2024-03-26
R007700,O0073621,P1289,Late Delivery,295.4,2024-03-22
R007701,O0073633,P0977,Defective,484.17,2024-09-26
R007702,O0073633,P1064,Changed Mind,615.97,2024-10-07
R007703,O0073701,P1314,Changed Mind,1057.61,2025-05-28
R007704,O0073701,P0049,Defective,800.01,2025-05-30
R007705,O0073701,P1259,Late Delivery,680.64,2025-06-03
R007706,O0073705,P0130,Late Delivery,967.44,2025-01-09
R007707,O0073715,P1340,Wrong Item,94.59,2024-07-05
R007708,O0073715,P0159,Late Delivery,1574.23,2024-07-03
R007709,O0073725,P0480,Changed Mind,811.01,2025-04-18
R007710,O0073730,P0035,Changed Mind,901.76,2025-07-03
R007711,O0073731,P0270,Defective,1188.97,2025-01-11
R007712,O0073731,P0639,Defective,1273.9,2025-01-17
R007713,O0073731,P0351,Late Delivery,176.98,2025-01-21
R007714,O0073735,P0808,Changed Mind,190.77,2025-01-06
R007715,O0073735,P1407,Late Delivery,625.23,2025-01-09
R007716,O0073741,P0133,Defective,967.0,2025-02-19
R007717,O0073749,P1381,Late Delivery,471.88,2025-07-06
R007718,O0073749,P0016,Late Delivery,1061.83,2025-07-06
R007719,O0073758,P1159,Wrong Item,614.52,2024-08-22
R007720,O0073758,P0005,Late Delivery,639.68,2024-08-11
R007721,O0073762,P1444,Wrong Item,529.1,2026-02-01
R007722,O0073762,P1111,Wrong Item,976.81,2026-01-30
R007723,O0073764,P0221,Late Delivery,771.8,2024-08-24
R007724,O0073764,P1082,Defective,355.79,2024-09-08
R007725,O0073764,P0961,Defective,1304.54,2024-08-31
R007726,O0073779,P0923,Defective,1421.65,2024-02-17
R007727,O0073779,P0620,Late Delivery,1022.77,2024-02-21
R007728,O0073792,P0513,Changed Mind,140.74,2024-07-31
R007729,O0073830,P1365,Late Delivery,3552.14,2026-03-10
R007730,O0073830,P0720,Wrong Item,510.18,2026-03-17
R007731,O0073830,P0246,Wrong Item,806.89,2026-03-03
R007732,O0073839,P0938,Defective,885.45,2026-08-10
R007733,O0073839,P1112,Wrong Item,819.64,2026-08-03
R007734,O0073842,P1016,Changed Mind,1549.69,2025-04-01
R007735,O0073859,P1495,Wrong Item,136.02,2025-10-03
R007736,O0073859,P0612,Defective,1093.78,2025-09-19
R007737,O0073859,P1343,Changed Mind,685.28,2025-09-28
R007738,O0073920,P0135,Late Delivery,301.47,2024-05-27
R007739,O0073932,P0347,Changed Mind,442.76,2025-11-13
R007740,O0073933,P0295,Wrong Item,308.3,2026-02-02
R007741,O0073955,P0627,Late Delivery,1073.11,2024-12-25
R007742,O0073955,P1491,Changed Mind,855.22,2024-12-29
R007743,O0073991,P0349,Changed Mind,1196.73,2026-01-06
R007744,O0074041,P0192,Changed Mind,1122.06,2026-02-02
R007745,O0074054,P1451,Wrong Item,81.81,2024-12-11
R007746,O0074090,P1339,Changed Mind,470.89,2026-01-06
R007747,O0074091,P0394,Defective,5081.52,2024-09-23
R007748,O0074125,P0365,Changed Mind,341.83,2026-01-14
R007749,O0074127,P1092,Changed Mind,685.93,2025-08-16
R007750,O0074127,P0814,Defective,401.12,2025-08-22
R007751,O0074131,P1268,Wrong Item,2139.22,2025-03-04
R007752,O0074131,P1072,Changed Mind,1352.18,2025-02-24
R007753,O0074196,P0954,Late Delivery,626.31,2025-11-16
R007754,O0074260,P0714,Wrong Item,1043.76,2024-03-27
R007755,O0074270,P1341,Defective,1049.34,2024-11-07
R007756,O0074293,P0780,Late Delivery,687.54,2025-06-22
R007757,O0074296,P1481,Wrong Item,1563.06,2025-12-15
R007758,O0074298,P1343,Changed Mind,602.17,2026-09-09
R007759,O0074298,P0780,Wrong Item,306.88,2026-09-08
R007760,O0074298,P1379,Changed Mind,1346.85,2026-09-03
R007761,O0074308,P0802,Defective,710.03,2024-06-21
R007762,O0074309,P0435,Defective,1534.93,2025-01-03
R007763,O0074309,P1328,Wrong Item,857.81,2025-01-08
R007764,O0074309,P0930,Late Delivery,383.35,2024-12-25
R007765,O0074313,P0424,Wrong Item,327.21,2025-04-30
R007766,O0074313,P1145,Defective,1215.15,2025-05-03
R007767,O0074313,P0299,Late Delivery,66.78,2025-04-29
R007768,O0074365,P0091,Defective,2814.31,2024-10-24
R007769,O0074365,P1428,Late Delivery,137.03,2024-10-28
R007770,O0074365,P0425,Defective,739.88,2024-11-05
R007771,O0074434,P0383,Late Delivery,225.81,2026-08-05
R007772,O0074434,P0572,Changed Mind,1255.69,2026-08-14
R007773,O0074444,P0184,Wrong Item,695.14,2026-01-06
R007774,O0074449,P0550,Defective,926.82,2024-12-06
R007775,O0074449,P0380,Defective,110.17,2024-12-04
R007776,O0074449,P1163,Changed Mind,2853.64,2024-12-19
R007777,O0074449,P1335,Late Delivery,181.9,2024-12-01
R007778,O0074465,P0133,Late Delivery,1187.09,2025-04-19
R007779,O0074484,P0846,Changed Mind,176.58,2026-08-25
R007780,O0074490,P0285,Late Delivery,212.64,2025-02-04
R007781,O0074512,P0363,Wrong Item,1982.69,2024-07-16
R007782,O0074525,P0633,Defective,84.36,2026-04-08
R007783,O0074579,P1206,Late Delivery,625.66,2026-03-01
R007784,O0074617,P0179,Late Delivery,82.64,2025-01-27
R007785,O0074617,P0731,Late Delivery,3388.07,2025-01-16
R007786,O0074644,P0059,Defective,249.71,2025-07-06
R007787,O0074644,P1261,Late Delivery,651.29,2025-06-23
R007788,O0074652,P1457,Changed Mind,190.73,2026-08-23
R007789,O0074652,P1009,Late Delivery,711.72,2026-08-23
R007790,O0074661,P0841,Defective,1195.49,2025-08-18
R007791,O0074661,P0541,Late Delivery,657.98,2025-08-20
R007792,O0074662,P0763,Wrong Item,776.82,2025-09-18
R007793,O0074662,P0243,Defective,1630.76,2025-09-29
R007794,O0074662,P0256,Late Delivery,4109.27,2025-09-23
R007795,O0074663,P0432,Changed Mind,1354.31,2024-03-26
R007796,O0074671,P1196,Changed Mind,400.25,2024-12-11
R007797,O0074671,P0790,Defective,48.08,2024-12-21
R007798,O0074672,P0108,Wrong Item,1088.01,2026-09-04
R007799,O0074681,P1306,Changed Mind,47.0,2026-05-12
R007800,O0074690,P0666,Changed Mind,259.78,2025-03-17
R007801,O0074690,P1184,Defective,920.45,2025-03-16
R007802,O0074696,P0622,Changed Mind,1068.38,2026-08-18
R007803,O0074703,P0538,Defective,793.07,2025-11-15
R007804,O0074728,P1201,Changed Mind,78.63,2024-04-29
R007805,O0074747,P0102,Changed Mind,825.79,2024-03-10
R007806,O0074786,P0124,Late Delivery,3960.75,2024-07-27
R007807,O0074786,P0484,Wrong Item,1253.12,2024-07-22
R007808,O0074788,P0585,Changed Mind,989.66,2026-08-07
R007809,O0074797,P0551,Defective,162.76,2024-10-15
R007810,O0074813,P1087,Wrong Item,202.39,2025-07-13
R007811,O0074813,P0573,Late Delivery,573.29,2025-07-16
R007812,O0074813,P0025,Changed Mind,357.68,2025-07-14
R007813,O0074834,P1274,Changed Mind,727.05,2024-07-16
R007814,O0074841,P0309,Defective,1230.46,2026-06-24
R007815,O0074887,P0924,Late Delivery,533.39,2025-09-30
R007816,O0074945,P0416,Wrong Item,280.91,2026-03-27
R007817,O0074958,P1227,Wrong Item,123.79,2026-05-10
R007818,O0074958,P0574,Defective,1220.44,2026-05-09
R007819,O0074970,P1447,Defective,1954.06,2024-01-28
R007820,O0074972,P0923,Late Delivery,780.26,2024-09-16
R007821,O0074980,P0614,Changed Mind,2175.59,2024-02-29
R007822,O0074982,P0399,Wrong Item,101.53,2025-06-19
R007823,O0074999,P0646,Defective,1137.11,2024-07-21
R007824,O0075008,P0291,Wrong Item,580.41,2025-01-20
R007825,O0075009,P0145,Changed Mind,795.13,2025-09-29
R007826,O0075015,P0306,Defective,562.49,2024-01-14
R007827,O0075024,P1019,Changed Mind,22.56,2024-10-22
R007828,O0075071,P0101,Late Delivery,89.49,2026-05-22
R007829,O0075071,P0648,Defective,151.64,2026-05-21
R007830,O0075092,P1411,Changed Mind,1460.96,2025-10-10
R007831,O0075105,P0713,Defective,464.07,2025-08-18
R007832,O0075108,P1295,Defective,832.37,2024-07-20
R007833,O0075122,P1211,Changed Mind,63.62,2025-08-22
R007834,O0075129,P0927,Defective,1223.49,2024-06-26
R007835,O0075138,P1264,Late Delivery,495.07,2025-04-04
R007836,O0075138,P1156,Changed Mind,308.28,2025-03-17
R007837,O0075138,P0231,Late Delivery,1217.17,2025-03-30
R007838,O0075143,P1333,Defective,689.12,2025-09-30
R007839,O0075143,P0879,Late Delivery,1381.82,2025-10-10
R007840,O0075143,P0425,Changed Mind,642.03,2025-10-09
R007841,O0075148,P1463,Defective,420.35,2024-02-21
R007842,O0075148,P1176,Defective,1117.82,2024-02-12
R007843,O0075156,P1372,Wrong Item,1213.09,2024-10-03
R007844,O0075156,P0601,Wrong Item,304.65,2024-10-13
R007845,O0075157,P1408,Wrong Item,680.4,2024-10-07
R007846,O0075157,P0615,Late Delivery,1082.35,2024-09-30
R007847,O0075163,P1255,Defective,290.17,2024-12-26
R007848,O0075163,P0951,Defective,852.45,2024-12-23
R007849,O0075163,P0683,Wrong Item,992.98,2024-12-29
R007850,O0075183,P1027,Wrong Item,1957.23,2025-04-20
R007851,O0075196,P1158,Defective,1033.92,2024-12-27
R007852,O0075205,P0129,Late Delivery,1070.62,2026-05-10
R007853,O0075205,P1177,Late Delivery,1200.78,2026-05-14
R007854,O0075205,P1124,Wrong Item,3071.43,2026-05-09
R007855,O0075206,P1374,Defective,1174.58,2026-04-06
R007856,O0075206,P1123,Late Delivery,1112.58,2026-04-07
R007857,O0075206,P1290,Defective,364.23,2026-03-29
R007858,O0075215,P1219,Defective,429.67,2025-01-18
R007859,O0075215,P0128,Defective,572.5,2025-01-13
R007860,O0075221,P0854,Wrong Item,1266.72,2024-10-23
R007861,O0075250,P1493,Late Delivery,2256.89,2024-10-24
R007862,O0075250,P1127,Wrong Item,428.03,2024-10-21
R007863,O0075251,P0359,Late Delivery,302.04,2024-03-23
R007864,O0075252,P0603,Defective,2377.86,2024-09-07
R007865,O0075265,P0691,Late Delivery,1018.23,2025-10-24
R007866,O0075273,P0839,Defective,265.44,2026-09-01
R007867,O0075286,P1015,Changed Mind,485.92,2025-11-02
R007868,O0075298,P1356,Changed Mind,944.77,2026-02-20
R007869,O0075310,P1473,Defective,1325.37,2025-03-04
R007870,O0075321,P0591,Late Delivery,1407.62,2026-07-16
R007871,O0075323,P0548,Changed Mind,948.11,2026-08-25
R007872,O0075325,P1220,Wrong Item,788.52,2024-09-18
R007873,O0075329,P0665,Wrong Item,120.69,2025-11-30
R007874,O0075329,P0131,Defective,613.73,2025-11-25
R007875,O0075333,P0957,Defective,670.54,2024-04-25
R007876,O0075333,P1026,Wrong Item,471.15,2024-04-08
R007877,O0075339,P1356,Defective,1120.03,2025-07-24
R007878,O0075340,P0806,Changed Mind,1269.4,2024-05-20
R007879,O0075340,P0362,Late Delivery,1280.49,2024-05-13
R007880,O0075344,P1499,Defective,441.63,2024-07-23
R007881,O0075359,P1467,Defective,1085.09,2024-11-22
R007882,O0075359,P1394,Wrong Item,367.7,2024-11-27
R007883,O0075407,P0304,Changed Mind,1625.59,2024-01-24
R007884,O0075407,P1391,Late Delivery,435.51,2024-02-02
R007885,O0075407,P0591,Changed Mind,1318.39,2024-01-26
R007886,O0075407,P0164,Wrong Item,42.59,2024-01-27
R007887,O0075412,P1325,Wrong Item,1244.9,2026-08-12
R007888,O0075421,P0255,Late Delivery,748.61,2026-07-07
R007889,O0075427,P1322,Late Delivery,1035.39,2026-06-15
R007890,O0075438,P0473,Late Delivery,540.46,2026-08-02
R007891,O0075438,P1095,Defective,1048.61,2026-07-25
R007892,O0075442,P1271,Late Delivery,1105.38,2025-02-02
R007893,O0075443,P0441,Changed Mind,1158.12,2024-11-08
R007894,O0075443,P0624,Defective,1909.36,2024-11-08
R007895,O0075444,P0984,Late Delivery,1073.63,2024-12-13
R007896,O0075445,P0371,Late Delivery,249.37,2026-03-26
R007897,O0075445,P0046,Late Delivery,337.45,2026-03-22
R007898,O0075463,P1075,Late Delivery,746.55,2025-05-29
R007899,O0075463,P0394,Changed Mind,1055.3,2025-05-28
R007900,O0075470,P1235,Wrong Item,1333.42,2025-12-05
R007901,O0075473,P0123,Late Delivery,589.81,2025-09-30
R007902,O0075477,P0754,Changed Mind,892.18,2025-09-16
R007903,O0075477,P0390,Late Delivery,1533.85,2025-09-18
R007904,O0075481,P0194,Defective,366.59,2026-04-10
R007905,O0075481,P0929,Defective,682.44,2026-04-19
R007906,O0075484,P0460,Late Delivery,547.0,2024-09-30
R007907,O0075488,P1246,Late Delivery,979.36,2026-02-12
R007908,O0075492,P0207,Defective,1186.06,2024-09-04
R007909,O0075512,P1037,Wrong Item,611.84,2026-09-18
R007910,O0075512,P0185,Wrong Item,751.29,2026-09-17
R007911,O0075512,P1499,Late Delivery,515.78,2026-09-09
R007912,O0075512,P1188,Changed Mind,690.81,2026-09-01
R007913,O0075514,P0935,Late Delivery,808.21,2025-03-24
R007914,O0075514,P1429,Late Delivery,430.27,2025-03-11
R007915,O0075534,P0773,Wrong Item,42.9,2025-06-17
R007916,O0075555,P1021,Wrong Item,736.22,2024-02-02
R007917,O0075555,P0347,Late Delivery,1746.65,2024-02-03
R007918,O0075555,P0506,Defective,41.66,2024-02-09
R007919,O0075555,P1362,Late Delivery,936.95,2024-02-02
R007920,O0075564,P0198,Wrong Item,2310.22,2024-01-31
R007921,O0075570,P0419,Defective,761.8,2026-03-10
R007922,O0075575,P0196,Wrong Item,813.48,2024-12-02
R007923,O0075591,P1263,Changed Mind,1034.45,2025-06-13
R007924,O0075602,P0493,Wrong Item,2326.33,2026-05-11
R007925,O0075602,P0311,Wrong Item,1181.21,2026-05-05
R007926,O0075602,P0600,Late Delivery,877.52,2026-05-12
R007927,O0075602,P1460,Wrong Item,458.88,2026-05-13
R007928,O0075603,P0061,Wrong Item,1350.82,2024-03-20
R007929,O0075639,P0697,Late Delivery,968.27,2026-04-22
R007930,O0075681,P0677,Late Delivery,816.28,2025-02-16
R007931,O0075681,P0543,Defective,200.14,2025-02-16
R007932,O0075685,P0555,Changed Mind,2566.72,2025-04-22
R007933,O0075686,P0348,Defective,900.09,2025-07-14
R007934,O0075693,P1065,Late Delivery,424.46,2024-05-29
R007935,O0075695,P0727,Late Delivery,127.9,2026-04-10
R007936,O0075698,P0796,Changed Mind,399.01,2024-06-02
R007937,O0075702,P0625,Defective,378.21,2025-09-04
R007938,O0075702,P1134,Wrong Item,1667.45,2025-09-12
R007939,O0075715,P1180,Late Delivery,260.47,2024-05-12
R007940,O0075715,P1320,Changed Mind,749.09,2024-05-15
R007941,O0075715,P0344,Late Delivery,1104.71,2024-05-24
R007942,O0075723,P0508,Changed Mind,1261.55,2024-03-20
R007943,O0075724,P0123,Changed Mind,648.5,2024-09-01
R007944,O0075732,P0688,Late Delivery,742.92,2025-05-07
R007945,O0075732,P0547,Changed Mind,724.89,2025-05-08
R007946,O0075732,P1110,Wrong Item,559.24,2025-05-09
R007947,O0075742,P1165,Defective,138.34,2025-06-21
R007948,O0075755,P1070,Defective,1400.23,2024-05-28
R007949,O0075755,P0457,Wrong Item,1165.09,2024-05-20
R007950,O0075777,P0415,Wrong Item,1061.19,2026-09-12
R007951,O0075783,P1284,Late Delivery,707.07,2024-10-07
R007952,O0075789,P0001,Wrong Item,1660.99,2025-04-19
R007953,O0075789,P0910,Late Delivery,964.67,2025-04-23
R007954,O0075814,P1068,Defective,612.83,2024-12-14
R007955,O0075821,P1114,Defective,734.26,2024-02-25
R007956,O0075835,P1223,Defective,888.44,2024-08-03
R007957,O0075837,P1003,Defective,315.19,2025-11-21
R007958,O0075837,P1138,Defective,906.1,2025-11-08
R007959,O0075839,P0616,Changed Mind,975.59,2025-09-09
R007960,O0075839,P0839,Late Delivery,245.26,2025-08-27
R007961,O0075847,P1302,Late Delivery,1108.18,2024-12-19
R007962,O0075897,P1087,Late Delivery,214.64,2024-12-03
R007963,O0075897,P0255,Late Delivery,1523.93,2024-12-04
R007964,O0075920,P1280,Wrong Item,103.25,2024-02-09
R007965,O0075922,P0350,Defective,975.44,2024-05-21
R007966,O0075922,P0756,Wrong Item,773.04,2024-05-13
R007967,O0075923,P0561,Defective,654.41,2025-06-02
R007968,O0075926,P1032,Wrong Item,1997.9,2025-01-19
R007969,O0075926,P0700,Changed Mind,818.27,2025-01-11
R007970,O0075926,P0314,Late Delivery,1045.66,2025-01-13
R007971,O0075929,P0777,Changed Mind,663.99,2024-12-18
R007972,O0075948,P0864,Late Delivery,214.96,2025-01-17
R007973,O0075948,P1352,Late Delivery,636.22,2025-01-19
R007974,O0075955,P0913,Defective,487.89,2026-05-17
R007975,O0075955,P0645,Late Delivery,3425.54,2026-05-29
R007976,O0075955,P0532,Wrong Item,372.67,2026-05-17
R007977,O0075978,P0476,Defective,731.93,2026-08-29
R007978,O0075987,P0482,Late Delivery,140.05,2025-02-02
R007979,O0075987,P0025,Late Delivery,782.54,2025-02-07
R007980,O0075991,P0065,Defective,47.23,2025-06-03
R007981,O0075992,P1228,Late Delivery,1997.01,2025-04-08
R007982,O0075995,P0124,Defective,3557.26,2024-05-04
R007983,O0075995,P1243,Wrong Item,1227.24,2024-05-11
R007984,O0076000,P0036,Changed Mind,1124.31,2025-03-08
R007985,O0076000,P0637,Late Delivery,814.33,2025-03-04
R007986,O0076000,P0476,Changed Mind,386.6,2025-03-06
R007987,O0076020,P0854,Late Delivery,1361.07,2024-02-28
R007988,O0076020,P0187,Late Delivery,202.04,2024-03-16
R007989,O0076025,P0736,Defective,734.1,2026-07-25
R007990,O0076025,P1303,Changed Mind,915.3,2026-08-09
R007991,O0076047,P1274,Wrong Item,2231.44,2025-05-04
R007992,O0076051,P0135,Defective,291.03,2025-05-16
R007993,O0076051,P1206,Late Delivery,618.86,2025-05-14
R007994,O0076057,P0636,Late Delivery,3527.99,2025-05-12
R007995,O0076057,P0724,Changed Mind,369.14,2025-05-06
R007996,O0076069,P0614,Defective,1042.4,2025-07-08
R007997,O0076069,P0049,Defective,1707.76,2025-07-08
R007998,O0076085,P0539,Late Delivery,700.83,2024-07-01
R007999,O0076085,P0837,Wrong Item,1137.33,2024-07-06
R008000,O0076127,P0151,Changed Mind,435.58,2024-08-21
R008001,O0076142,P1480,Changed Mind,946.64,2024-09-01
R008002,O0076144,P1196,Changed Mind,1243.07,2024-07-28
R008003,O0076144,P1408,Defective,583.65,2024-07-22
R008004,O0076152,P0276,Defective,523.81,2025-11-29
R008005,O0076152,P0449,Late Delivery,20.74,2025-12-03
R008006,O0076152,P1331,Defective,901.1,2025-12-02
R008007,O0076152,P0949,Late Delivery,1015.27,2025-12-12
R008008,O0076182,P0141,Changed Mind,1037.81,2025-06-18
R008009,O0076182,P0500,Wrong Item,244.95,2025-06-18
R008010,O0076207,P0196,Wrong Item,654.9,2026-06-02
R008011,O0076250,P0495,Changed Mind,716.81,2025-08-30
R008012,O0076279,P0631,Defective,694.18,2024-12-15
R008013,O0076280,P1199,Wrong Item,1519.77,2025-01-09
R008014,O0076280,P1401,Wrong Item,825.9,2025-01-03
R008015,O0076280,P1290,Changed Mind,177.33,2025-01-06
R008016,O0076281,P0875,Defective,758.89,2025-03-21
R008017,O0076281,P0918,Wrong Item,428.24,2025-03-20
R008018,O0076281,P0353,Changed Mind,67.04,2025-03-14
R008019,O0076281,P0667,Defective,345.29,2025-03-14
R008020,O0076300,P0865,Late Delivery,1176.64,2024-11-21
R008021,O0076301,P0363,Changed Mind,1117.3,2025-03-05
R008022,O0076337,P1138,Late Delivery,979.34,2025-12-13
R008023,O0076361,P0780,Late Delivery,353.11,2024-03-12
R008024,O0076406,P0084,Wrong Item,766.08,2024-01-21
R008025,O0076406,P0746,Defective,2635.42,2024-01-17
R008026,O0076425,P0471,Defective,1925.28,2025-07-07
R008027,O0076430,P1005,Defective,721.08,2025-04-11
R008028,O0076430,P0131,Late Delivery,539.99,2025-04-23
R008029,O0076447,P0128,Late Delivery,630.87,2024-05-26
R008030,O0076453,P0759,Wrong Item,1169.35,2025-08-09
R008031,O0076468,P0394,Changed Mind,1121.87,2026-07-05
R008032,O0076468,P0753,Wrong Item,1320.82,2026-06-27
R008033,O0076493,P1120,Changed Mind,664.02,2025-11-04
R008034,O0076493,P0255,Changed Mind,773.19,2025-11-07
R008035,O0076493,P0947,Defective,464.58,2025-11-01
R008036,O0076493,P0041,Defective,1375.78,2025-11-08
R008037,O0076506,P0312,Wrong Item,1210.75,2024-12-18
R008038,O0076506,P0942,Defective,749.79,2024-12-19
R008039,O0076506,P1168,Changed Mind,416.85,2024-12-08
R008040,O0076506,P0969,Defective,873.83,2024-12-04
R008041,O0076507,P1468,Changed Mind,1759.62,2026-01-14
R008042,O0076507,P0262,Late Delivery,1115.29,2026-01-12
R008043,O0076521,P1029,Defective,156.51,2024-03-28
R008044,O0076521,P0972,Wrong Item,987.46,2024-03-28
R008045,O0076521,P1369,Late Delivery,969.1,2024-04-01
R008046,O0076521,P1431,Wrong Item,454.73,2024-04-04
R008047,O0076522,P0674,Late Delivery,657.11,2024-05-28
R008048,O0076523,P1337,Changed Mind,891.18,2026-07-22
R008049,O0076528,P1098,Defective,1188.62,2026-08-17
R008050,O0076528,P1224,Defective,1064.7,2026-08-17
R008051,O0076539,P0046,Wrong Item,139.17,2025-07-25
R008052,O0076555,P0338,Changed Mind,957.73,2026-05-24
R008053,O0076555,P0551,Wrong Item,147.15,2026-05-14
R008054,O0076555,P0956,Late Delivery,754.18,2026-05-27
R008055,O0076558,P0302,Wrong Item,1142.52,2025-09-23
R008056,O0076564,P0434,Late Delivery,817.96,2026-01-08
R008057,O0076591,P0322,Late Delivery,1019.15,2025-05-09
R008058,O0076591,P0841,Late Delivery,1188.45,2025-05-11
R008059,O0076628,P0130,Changed Mind,665.73,2024-04-22
R008060,O0076662,P1044,Late Delivery,779.13,2025-07-26
R008061,O0076662,P1341,Late Delivery,3137.41,2025-07-22
R008062,O0076667,P0263,Late Delivery,396.47,2024-05-27
R008063,O0076686,P0224,Defective,217.83,2026-09-09
R008064,O0076688,P1286,Wrong Item,532.11,2025-01-06
R008065,O0076689,P0402,Defective,1352.32,2024-01-25
R008066,O0076689,P0556,Defective,820.11,2024-01-13
R008067,O0076693,P0218,Defective,1699.36,2025-03-16
R008068,O0076693,P1203,Wrong Item,1197.25,2025-03-28
R008069,O0076693,P1344,Late Delivery,2141.6,2025-03-20
R008070,O0076697,P1453,Changed Mind,967.29,2026-07-14
R008071,O0076697,P1333,Defective,721.47,2026-07-09
R008072,O0076697,P0816,Wrong Item,240.15,2026-07-16
R008073,O0076723,P0958,Late Delivery,331.14,2025-11-30
R008074,O0076736,P0692,Wrong Item,150.23,2024-02-27
R008075,O0076755,P0243,Defective,751.19,2026-01-09
R008076,O0076777,P1301,Defective,1817.69,2025-11-12
R008077,O0076797,P0062,Defective,624.82,2025-07-27
R008078,O0076797,P0322,Defective,898.79,2025-07-10
R008079,O0076797,P0217,Defective,424.42,2025-07-13
R008080,O0076797,P0580,Changed Mind,543.99,2025-07-18
R008081,O0076863,P0805,Late Delivery,42.67,2026-09-14
R008082,O0076876,P0031,Late Delivery,1663.31,2026-03-04
R008083,O0076891,P0709,Changed Mind,3248.23,2024-02-08
R008084,O0076895,P0878,Wrong Item,444.07,2026-04-09
R008085,O0076922,P1235,Changed Mind,1436.25,2025-10-23
R008086,O0076922,P0866,Late Delivery,1113.65,2025-10-30
R008087,O0076928,P1253,Wrong Item,2766.95,2024-08-17
R008088,O0076948,P0375,Defective,894.98,2025-07-08
R008089,O0076954,P0838,Late Delivery,131.17,2024-12-02
R008090,O0076954,P1018,Changed Mind,910.83,2024-12-12
R008091,O0076966,P0145,Changed Mind,418.87,2024-11-25
R008092,O0076984,P1087,Late Delivery,646.23,2025-05-19
R008093,O0077000,P0713,Changed Mind,429.32,2024-09-17
R008094,O0077007,P0141,Wrong Item,1049.2,2025-08-05
R008095,O0077008,P0247,Wrong Item,1053.2,2025-05-11
R008096,O0077008,P1247,Late Delivery,1331.29,2025-05-02
R008097,O0077008,P1262,Wrong Item,1149.11,2025-05-11
R008098,O0077008,P0148,Wrong Item,528.77,2025-05-14
R008099,O0077014,P0092,Changed Mind,1277.16,2024-12-17
R008100,O0077069,P0299,Wrong Item,31.65,2025-12-22
R008101,O0077069,P0940,Defective,263.08,2025-12-21
R008102,O0077069,P1124,Wrong Item,1100.87,2025-12-12
R008103,O0077072,P1259,Defective,514.9,2026-07-20
R008104,O0077130,P1112,Late Delivery,751.2,2024-02-27
R008105,O0077139,P0127,Defective,946.37,2025-08-16
R008106,O0077139,P0563,Late Delivery,145.61,2025-08-10
R008107,O0077154,P1284,Defective,633.87,2024-12-03
R008108,O0077190,P0975,Wrong Item,898.19,2024-05-31
R008109,O0077190,P0520,Wrong Item,1229.78,2024-05-31
R008110,O0077191,P0041,Late Delivery,1263.34,2026-07-20
R008111,O0077194,P0344,Changed Mind,3450.45,2025-01-13
R008112,O0077204,P0141,Defective,1071.27,2024-11-30
R008113,O0077249,P1103,Defective,508.75,2024-03-22
R008114,O0077266,P0098,Defective,1124.35,2024-11-13
R008115,O0077266,P0405,Late Delivery,150.93,2024-11-14
R008116,O0077266,P0081,Wrong Item,126.57,2024-11-21
R008117,O0077270,P0161,Changed Mind,1488.12,2026-08-16
R008118,O0077301,P0362,Late Delivery,2591.44,2025-01-10
R008119,O0077301,P0576,Changed Mind,181.72,2025-01-07
R008120,O0077301,P1493,Defective,905.04,2025-01-04
R008121,O0077306,P1376,Wrong Item,1267.17,2026-05-17
R008122,O0077323,P0650,Changed Mind,293.3,2025-06-23
R008123,O0077323,P0715,Late Delivery,668.61,2025-07-03
R008124,O0077323,P1235,Late Delivery,1268.09,2025-07-08
R008125,O0077339,P0181,Wrong Item,1239.58,2026-09-03
R008126,O0077339,P0920,Wrong Item,290.68,2026-09-05
R008127,O0077345,P1307,Late Delivery,203.02,2025-02-02
R008128,O0077345,P0359,Defective,295.43,2025-01-27
R008129,O0077367,P0549,Wrong Item,1131.21,2025-10-20
R008130,O0077367,P0153,Wrong Item,2364.12,2025-10-05
R008131,O0077388,P0965,Wrong Item,380.48,2024-10-07
R008132,O0077390,P0548,Late Delivery,947.35,2025-04-20
R008133,O0077404,P0263,Defective,725.96,2024-07-06
R008134,O0077404,P0896,Late Delivery,481.15,2024-07-11
R008135,O0077429,P0965,Late Delivery,370.78,2025-11-12
R008136,O0077438,P0774,Wrong Item,991.99,2026-08-27
R008137,O0077439,P0009,Late Delivery,764.23,2026-08-11
R008138,O0077441,P0093,Wrong Item,275.12,2024-04-25
R008139,O0077464,P1410,Late Delivery,129.65,2024-07-05
R008140,O0077466,P1440,Wrong Item,810.37,2024-06-05
R008141,O0077479,P1159,Late Delivery,2891.74,2025-09-15
R008142,O0077506,P0588,Defective,116.06,2024-12-27
R008143,O0077506,P1297,Late Delivery,929.16,2025-01-06
R008144,O0077513,P0465,Wrong Item,952.88,2024-04-23
R008145,O0077514,P0259,Defective,1204.72,2026-04-17
R008146,O0077514,P0308,Defective,266.07,2026-04-15
R008147,O0077551,P1171,Defective,296.55,2025-01-13
R008148,O0077559,P0419,Defective,848.41,2024-01-31
R008149,O0077559,P1008,Wrong Item,52.06,2024-02-03
R008150,O0077570,P1025,Changed Mind,75.61,2024-02-29
R008151,O0077586,P0739,Changed Mind,166.55,2024-08-12
R008152,O0077586,P0935,Defective,653.84,2024-08-11
R008153,O0077586,P1224,Wrong Item,1268.75,2024-08-19
R008154,O0077592,P1332,Changed Mind,790.32,2025-09-02
R008155,O0077593,P0620,Changed Mind,2779.38,2025-04-08
R008156,O0077593,P0091,Changed Mind,715.74,2025-04-02
R008157,O0077593,P1447,Changed Mind,2926.56,2025-04-05
R008158,O0077596,P1155,Wrong Item,323.61,2025-06-28
R008159,O0077621,P0039,Changed Mind,1120.17,2024-04-19
R008160,O0077631,P1214,Late Delivery,1805.41,2024-02-21
R008161,O0077670,P0848,Changed Mind,3072.83,2024-07-09
R008162,O0077670,P0852,Late Delivery,626.66,2024-07-06
R008163,O0077678,P0457,Late Delivery,1255.85,2024-09-19
R008164,O0077680,P0235,Defective,1271.2,2024-05-19
R008165,O0077680,P0292,Wrong Item,2863.93,2024-05-20
R008166,O0077711,P0739,Wrong Item,339.54,2025-02-15
R008167,O0077726,P1212,Defective,1145.69,2024-11-06
R008168,O0077726,P0312,Late Delivery,2619.1,2024-11-13
R008169,O0077726,P0313,Defective,497.32,2024-11-10
R008170,O0077741,P1096,Late Delivery,775.32,2026-03-28
R008171,O0077741,P1273,Late Delivery,437.72,2026-03-23
R008172,O0077741,P0796,Changed Mind,386.61,2026-03-28
R008173,O0077746,P1491,Late Delivery,1838.37,2024-02-07
R008174,O0077746,P0625,Late Delivery,766.15,2024-02-10
R008175,O0077746,P0508,Wrong Item,2412.75,2024-02-15
R008176,O0077761,P0368,Changed Mind,956.46,2025-01-25
R008177,O0077761,P0080,Changed Mind,728.73,2025-01-29
R008178,O0077761,P1288,Changed Mind,1015.09,2025-01-26
R008179,O0077776,P0046,Late Delivery,171.74,2025-08-15
R008180,O0077786,P0206,Wrong Item,350.76,2025-06-15
R008181,O0077786,P1112,Defective,2090.08,2025-05-29
R008182,O0077792,P0499,Late Delivery,1626.39,2024-06-24
R008183,O0077797,P0588,Late Delivery,102.88,2026-06-05
R008184,O0077821,P0143,Late Delivery,112.97,2025-02-27
R008185,O0077822,P0837,Late Delivery,1162.27,2025-05-10
R008186,O0077822,P0215,Wrong Item,1259.56,2025-04-25
R008187,O0077822,P0072,Wrong Item,409.13,2025-04-28
R008188,O0077825,P1329,Late Delivery,626.35,2026-09-01
R008189,O0077826,P0798,Changed Mind,1294.45,2025-10-17
R008190,O0077826,P1155,Wrong Item,603.52,2025-10-22
R008191,O0077839,P1304,Defective,614.76,2025-02-06
R008192,O0077839,P0634,Defective,184.15,2025-01-31
R008193,O0077851,P0985,Wrong Item,2002.58,2026-09-01
R008194,O0077851,P0617,Wrong Item,27.72,2026-08-29
R008195,O0077855,P0984,Late Delivery,1174.77,2026-06-27
R008196,O0077859,P0127,Late Delivery,558.52,2025-09-30
R008197,O0077862,P0138,Late Delivery,891.95,2024-06-16
R008198,O0077864,P1313,Defective,294.39,2025-01-29
R008199,O0077905,P1241,Changed Mind,47.44,2026-02-25
R008200,O0077943,P0873,Wrong Item,2150.0,2025-02-12
R008201,O0077965,P0389,Defective,834.1,2025-06-07
R008202,O0077965,P1465,Late Delivery,2837.94,2025-06-08
R008203,O0077965,P0180,Defective,889.64,2025-06-10
R008204,O0077966,P0190,Late Delivery,66.49,2024-10-02
R008205,O0077975,P0960,Late Delivery,3069.37,2025-02-17
R008206,O0078025,P0368,Changed Mind,995.69,2024-12-27
R008207,O0078060,P0010,Late Delivery,1270.83,2025-06-08
R008208,O0078060,P0278,Defective,780.72,2025-06-19
R008209,O0078063,P1227,Late Delivery,98.51,2024-11-06
R008210,O0078067,P0852,Late Delivery,1263.92,2024-08-17
R008211,O0078067,P1188,Defective,643.24,2024-08-23
R008212,O0078095,P0894,Defective,449.65,2024-06-28
R008213,O0078095,P0234,Changed Mind,77.43,2024-06-10
R008214,O0078115,P0730,Defective,99.68,2025-10-11
R008215,O0078115,P1250,Defective,915.12,2025-10-06
R008216,O0078129,P0144,Late Delivery,1947.41,2025-01-24
R008217,O0078137,P0388,Changed Mind,402.69,2024-09-15
R008218,O0078143,P0864,Changed Mind,216.4,2026-06-11
R008219,O0078156,P1122,Wrong Item,621.05,2024-10-19
R008220,O0078161,P0081,Late Delivery,145.57,2025-09-11
R008221,O0078164,P0132,Defective,1194.47,2026-02-17
R008222,O0078190,P0697,Late Delivery,435.52,2026-03-30
R008223,O0078190,P0862,Changed Mind,1768.02,2026-03-31
R008224,O0078198,P0709,Defective,2956.5,2025-05-19
R008225,O0078202,P0940,Late Delivery,580.52,2026-06-25
R008226,O0078205,P0736,Late Delivery,1115.99,2025-05-31
R008227,O0078205,P0246,Late Delivery,800.55,2025-05-22
R008228,O0078207,P0118,Late Delivery,843.58,2024-09-22
R008229,O0078210,P1396,Changed Mind,810.01,2026-04-12
R008230,O0078220,P0057,Late Delivery,1104.22,2024-10-23
R008231,O0078235,P0045,Defective,1229.62,2025-08-22
R008232,O0078288,P1261,Late Delivery,609.3,2024-12-14
R008233,O0078329,P0987,Defective,291.77,2026-01-16
R008234,O0078330,P1311,Changed Mind,1079.01,2026-05-28
R008235,O0078345,P1014,Wrong Item,877.87,2024-07-06
R008236,O0078361,P0464,Defective,2826.56,2025-01-08
R008237,O0078361,P1470,Changed Mind,428.33,2025-01-11
R008238,O0078362,P1384,Late Delivery,369.42,2024-07-04
R008239,O0078362,P0336,Defective,77.86,2024-07-11
R008240,O0078380,P1062,Changed Mind,33.5,2025-07-24
R008241,O0078380,P1490,Wrong Item,775.76,2025-07-24
R008242,O0078400,P1086,Changed Mind,794.62,2024-07-10
R008243,O0078403,P0344,Wrong Item,2105.24,2026-09-05
R008244,O0078403,P1164,Wrong Item,449.74,2026-09-03
R008245,O0078403,P0048,Changed Mind,3899.34,2026-09-09
R008246,O0078403,P1110,Late Delivery,585.34,2026-08-27
R008247,O0078412,P1205,Changed Mind,646.6,2025-04-17
R008248,O0078412,P0120,Late Delivery,104.71,2025-04-06
R008249,O0078412,P0269,Wrong Item,556.58,2025-04-13
R008250,O0078413,P1292,Defective,708.18,2024-05-27
R008251,O0078413,P0818,Wrong Item,1582.56,2024-06-01
R008252,O0078418,P0978,Changed Mind,967.52,2024-08-21
R008253,O0078435,P0523,Wrong Item,2513.23,2026-05-03
R008254,O0078437,P0685,Wrong Item,1286.37,2026-07-13
R008255,O0078437,P0279,Changed Mind,2580.1,2026-07-06
R008256,O0078445,P1163,Changed Mind,1071.15,2025-07-23
R008257,O0078468,P0766,Late Delivery,153.39,2024-03-29
R008258,O0078468,P0887,Late Delivery,760.11,2024-04-06
R008259,O0078488,P1164,Defective,395.86,2025-08-09
R008260,O0078504,P0451,Changed Mind,454.1,2025-05-09
R008261,O0078504,P0803,Wrong Item,444.61,2025-05-27
R008262,O0078516,P1310,Defective,655.26,2025-10-11
R008263,O0078516,P1199,Wrong Item,1526.6,2025-10-11
R008264,O0078516,P1015,Changed Mind,412.68,2025-10-18
R008265,O0078523,P0424,Wrong Item,742.27,2024-05-21
R008266,O0078573,P0800,Defective,1078.55,2025-05-04
R008267,O0078611,P0935,Wrong Item,808.21,2024-05-08
R008268,O0078611,P0338,Wrong Item,335.94,2024-05-07
R008269,O0078613,P0771,Late Delivery,1233.93,2024-11-13
R008270,O0078643,P0693,Changed Mind,723.71,2026-09-03
R008271,O0078666,P0751,Changed Mind,1185.12,2026-05-20
R008272,O0078666,P0079,Late Delivery,1088.6,2026-05-08
R008273,O0078686,P0946,Wrong Item,173.8,2025-06-13
R008274,O0078686,P0809,Changed Mind,561.36,2025-06-19
R008275,O0078687,P0929,Wrong Item,1366.63,2024-08-25
R008276,O0078687,P1032,Late Delivery,2106.59,2024-08-09
R008277,O0078688,P1040,Defective,738.01,2025-07-28
R008278,O0078704,P0584,Wrong Item,366.35,2025-10-29
R008279,O0078750,P0570,Changed Mind,642.87,2024-07-28
R008280,O0078761,P0807,Defective,1806.27,2026-08-10
R008281,O0078765,P0384,Wrong Item,2852.56,2026-05-27
R008282,O0078775,P0085,Late Delivery,819.91,2025-11-25
R008283,O0078783,P1301,Defective,572.53,2026-01-29
R008284,O0078796,P0430,Wrong Item,584.76,2025-12-25
R008285,O0078816,P0303,Wrong Item,992.42,2025-03-28
R008286,O0078843,P0207,Defective,1211.72,2024-09-14
R008287,O0078857,P1255,Defective,285.1,2024-08-22
R008288,O0078867,P0344,Wrong Item,2394.19,2025-12-04
R008289,O0078878,P0289,Changed Mind,295.89,2026-01-16
R008290,O0078878,P0193,Late Delivery,657.8,2026-01-07
R008291,O0078878,P0362,Wrong Item,2351.93,2026-01-11
R008292,O0078903,P1049,Changed Mind,951.76,2024-02-23
R008293,O0078903,P0286,Late Delivery,1267.65,2024-02-22
R008294,O0078903,P0187,Wrong Item,360.24,2024-02-22
R008295,O0078928,P0476,Defective,350.33,2026-01-04
R008296,O0078928,P0926,Changed Mind,4398.92,2026-01-01
R008297,O0078942,P0842,Defective,524.46,2024-07-11
R008298,O0078942,P0162,Late Delivery,1528.72,2024-07-11
R008299,O0078942,P1282,Defective,1259.3,2024-07-12
R008300,O0078945,P1429,Late Delivery,1167.36,2025-08-01
R008301,O0078945,P1332,Changed Mind,767.64,2025-08-11
R008302,O0078950,P0466,Defective,1258.05,2024-07-16
R008303,O0078954,P0975,Wrong Item,922.05,2025-04-26
R008304,O0078959,P0428,Changed Mind,1240.15,2025-02-01
R008305,O0078959,P0827,Late Delivery,245.16,2025-02-15
R008306,O0078959,P0142,Late Delivery,396.16,2025-02-02
R008307,O0078959,P1027,Defective,2125.52,2025-02-19
R008308,O0078969,P1251,Late Delivery,959.45,2024-01-29
R008309,O0078982,P0194,Defective,1123.63,2025-09-11
R008310,O0079043,P1012,Wrong Item,145.06,2024-11-29
R008311,O0079043,P0246,Wrong Item,389.61,2024-11-16
R008312,O0079069,P0973,Changed Mind,64.61,2024-02-06
R008313,O0079072,P0500,Changed Mind,227.31,2025-03-15
R008314,O0079075,P1037,Changed Mind,2255.63,2024-12-27
R008315,O0079075,P1253,Defective,2866.82,2024-12-23
R008316,O0079075,P1078,Changed Mind,669.48,2024-12-21
R008317,O0079095,P0571,Changed Mind,1474.75,2025-06-06
R008318,O0079102,P0700,Changed Mind,848.62,2024-10-30
R008319,O0079102,P0608,Defective,36.38,2024-10-30
R008320,O0079106,P1131,Changed Mind,1373.2,2024-08-26
R008321,O0079106,P0641,Defective,1244.35,2024-08-24
R008322,O0079119,P1162,Defective,697.91,2025-04-06
R008323,O0079119,P0232,Defective,960.98,2025-03-24
R008324,O0079127,P1261,Wrong Item,605.91,2025-05-10
R008325,O0079146,P0770,Wrong Item,2114.61,2026-04-27
R008326,O0079155,P0985,Wrong Item,1001.04,2024-01-18
R008327,O0079155,P0616,Changed Mind,1072.87,2024-01-29
R008328,O0079176,P0978,Late Delivery,3201.38,2024-12-19
R008329,O0079188,P1192,Late Delivery,1848.31,2024-09-06
R008330,O0079194,P0138,Changed Mind,427.52,2024-11-30
R008331,O0079194,P1492,Changed Mind,567.21,2024-11-19
R008332,O0079202,P1242,Defective,829.81,2026-07-27
R008333,O0079213,P0325,Defective,941.15,2025-04-27
R008334,O0079281,P0082,Late Delivery,878.5,2026-04-10
R008335,O0079281,P0560,Defective,960.45,2026-04-06
R008336,O0079329,P0276,Late Delivery,438.32,2024-08-24
R008337,O0079347,P0940,Late Delivery,266.59,2026-02-02
R008338,O0079347,P0494,Late Delivery,633.22,2026-02-18
R008339,O0079379,P1018,Changed Mind,1789.35,2024-09-16
R008340,O0079379,P1398,Changed Mind,627.28,2024-09-14
R008341,O0079379,P1445,Wrong Item,1807.5,2024-09-23
R008342,O0079386,P1018,Wrong Item,1925.71,2026-07-30
R008343,O0079394,P1385,Wrong Item,976.21,2025-12-29
R008344,O0079394,P0171,Defective,3267.0,2025-12-24
R008345,O0079394,P1006,Wrong Item,582.12,2026-01-02
R008346,O0079413,P0415,Wrong Item,976.17,2026-06-26
R008347,O0079433,P0878,Late Delivery,385.46,2025-03-06
R008348,O0079433,P1492,Defective,515.82,2025-03-14
R008349,O0079433,P0468,Defective,311.8,2025-03-09
R008350,O0079433,P1135,Changed Mind,833.38,2025-03-08
R008351,O0079437,P0733,Wrong Item,156.43,2026-06-16
R008352,O0079447,P1066,Wrong Item,223.36,2026-02-27
R008353,O0079447,P0641,Changed Mind,1120.21,2026-02-20
R008354,O0079464,P0356,Late Delivery,2022.33,2024-05-25
R008355,O0079475,P0846,Defective,313.24,2025-03-21
R008356,O0079478,P0336,Wrong Item,67.97,2025-01-11
R008357,O0079478,P0161,Late Delivery,1511.79,2025-01-09
R008358,O0079481,P1290,Late Delivery,153.96,2024-05-22
R008359,O0079481,P1320,Late Delivery,2583.76,2024-05-27
R008360,O0079487,P0474,Wrong Item,1090.23,2025-03-09
R008361,O0079488,P0049,Changed Mind,932.56,2025-09-18
R008362,O0079490,P1184,Changed Mind,2212.24,2024-10-31
R008363,O0079490,P0249,Wrong Item,955.74,2024-11-07
R008364,O0079490,P0142,Changed Mind,228.36,2024-11-14
R008365,O0079490,P0353,Changed Mind,132.3,2024-11-02
R008366,O0079508,P0138,Late Delivery,455.2,2024-03-12
R008367,O0079533,P1197,Late Delivery,612.37,2026-01-04
R008368,O0079533,P0485,Late Delivery,1266.01,2025-12-31
R008369,O0079533,P1032,Changed Mind,975.76,2025-12-27
R008370,O0079534,P0089,Late Delivery,870.86,2024-10-10
R008371,O0079534,P0501,Defective,225.91,2024-10-17
R008372,O0079535,P0896,Late Delivery,414.99,2024-11-04
R008373,O0079535,P0964,Defective,334.88,2024-11-09
R008374,O0079535,P1160,Changed Mind,435.29,2024-10-28
R008375,O0079541,P1320,Defective,749.09,2024-10-27
R008376,O0079541,P0775,Defective,1658.17,2024-11-05
R008377,O0079582,P1432,Changed Mind,1252.71,2025-12-06
R008378,O0079582,P0440,Defective,1746.24,2025-12-13
R008379,O0079586,P0869,Defective,1406.11,2025-10-02
R008380,O0079615,P1383,Wrong Item,889.9,2025-01-15
R008381,O0079615,P0577,Changed Mind,252.05,2025-01-04
R008382,O0079628,P0169,Changed Mind,1803.15,2025-10-20
R008383,O0079634,P0698,Late Delivery,194.45,2025-07-30
R008384,O0079634,P0522,Changed Mind,1060.17,2025-07-30
R008385,O0079634,P1060,Late Delivery,742.3,2025-08-04
R008386,O0079642,P0414,Late Delivery,691.35,2025-03-28
R008387,O0079642,P0327,Defective,2357.68,2025-03-21
R008388,O0079656,P0077,Late Delivery,695.84,2026-09-11
R008389,O0079715,P0529,Changed Mind,865.42,2024-01-14
R008390,O0079715,P0479,Wrong Item,882.25,2024-01-25
R008391,O0079716,P1498,Late Delivery,785.0,2024-10-11
R008392,O0079721,P0481,Changed Mind,172.4,2025-09-13
R008393,O0079721,P0921,Defective,1519.24,2025-09-26
R008394,O0079721,P0471,Wrong Item,967.69,2025-09-10
R008395,O0079731,P0689,Late Delivery,2484.44,2024-03-03
R008396,O0079757,P1321,Late Delivery,941.06,2025-08-19
R008397,O0079773,P0309,Defective,1248.24,2025-10-23
R008398,O0079773,P1070,Late Delivery,1353.74,2025-10-10
R008399,O0079813,P0811,Defective,781.68,2026-05-21
R008400,O0079837,P0767,Defective,55.64,2024-05-29
R008401,O0079837,P0916,Changed Mind,1171.28,2024-05-25
R008402,O0079840,P1314,Late Delivery,315.04,2025-01-24
R008403,O0079852,P1428,Defective,274.61,2024-08-10
R008404,O0079852,P0544,Wrong Item,1229.91,2024-08-17
R008405,O0079856,P0189,Defective,563.26,2024-09-30
R008406,O0079883,P0352,Defective,160.0,2025-11-05
R008407,O0079883,P1032,Late Delivery,838.72,2025-10-26
R008408,O0079896,P0672,Late Delivery,688.42,2024-06-17
R008409,O0079912,P0470,Late Delivery,1071.89,2026-09-05
R008410,O0079912,P0740,Changed Mind,19.14,2026-09-04
R008411,O0079937,P1478,Late Delivery,911.76,2025-06-16
R008412,O0079937,P0541,Defective,700.14,2025-06-16
R008413,O0079941,P1429,Changed Mind,472.06,2026-01-11
R008414,O0079941,P0791,Late Delivery,1466.42,2026-01-11
R008415,O0079943,P0670,Wrong Item,897.18,2026-02-17
R008416,O0079943,P0917,Changed Mind,443.03,2026-02-26
R008417,O0079945,P0886,Changed Mind,327.47,2026-06-29
R008418,O0079966,P1158,Late Delivery,962.44,2026-05-01
R008419,O0079966,P0964,Defective,1022.43,2026-04-27
R008420,O0079988,P0568,Wrong Item,571.95,2026-09-13
R008421,O0079988,P0326,Late Delivery,693.21,2026-09-07
R008422,O0079988,P0097,Defective,2228.41,2026-09-06
R008423,O0079991,P1472,Wrong Item,1070.6,2024-11-09
R008424,O0080001,P1371,Defective,1211.03,2025-02-04
R008425,O0080002,P0022,Changed Mind,780.77,2026-01-08
R008426,O0080008,P0781,Late Delivery,2565.72,2024-03-27
R008427,O0080008,P0809,Late Delivery,1771.18,2024-03-16
R008428,O0080011,P1108,Wrong Item,313.25,2024-02-21
R008429,O0080011,P0594,Late Delivery,945.12,2024-02-18
R008430,O0080011,P0604,Defective,1106.16,2024-02-07
R008431,O0080015,P1040,Defective,2822.69,2025-05-05
R008432,O0080069,P0931,Changed Mind,1828.27,2026-08-06
R008433,O0080069,P1267,Defective,2789.55,2026-07-29
R008434,O0080069,P1180,Late Delivery,241.38,2026-07-31
R008435,O0080069,P1316,Defective,994.85,2026-08-02
R008436,O0080070,P0741,Defective,1222.2,2026-06-26
R008437,O0080093,P0455,Defective,892.4,2026-04-02
R008438,O0080093,P1469,Wrong Item,1282.28,2026-03-26
R008439,O0080095,P0019,Wrong Item,163.22,2026-03-02
R008440,O0080095,P0603,Late Delivery,1162.99,2026-02-26
R008441,O0080110,P1417,Late Delivery,152.31,2026-06-14
R008442,O0080110,P1003,Late Delivery,677.44,2026-06-03
R008443,O0080113,P0351,Changed Mind,207.7,2024-06-24
R008444,O0080127,P1405,Wrong Item,974.93,2024-03-15
R008445,O0080127,P0311,Changed Mind,1199.39,2024-03-17
R008446,O0080138,P1010,Late Delivery,70.7,2024-06-21
R008447,O0080150,P0022,Late Delivery,1440.15,2024-06-08
R008448,O0080150,P0370,Defective,1336.97,2024-05-27
R008449,O0080164,P0699,Wrong Item,1268.77,2025-06-04
R008450,O0080211,P0415,Defective,2019.37,2026-06-27
R008451,O0080212,P0566,Late Delivery,1152.27,2024-04-20
R008452,O0080232,P0856,Defective,966.71,2025-12-10
R008453,O0080232,P0895,Wrong Item,1362.11,2025-12-07
R008454,O0080247,P0914,Changed Mind,1076.84,2026-03-20
R008455,O0080269,P0527,Changed Mind,176.05,2024-11-06
R008456,O0080292,P0210,Defective,979.99,2026-04-19
R008457,O0080336,P0178,Defective,737.89,2025-05-25
R008458,O0080351,P0914,Wrong Item,1041.5,2024-02-26
R008459,O0080351,P1219,Defective,223.85,2024-02-08
R008460,O0080351,P0760,Late Delivery,1060.35,2024-02-08
R008461,O0080351,P0113,Defective,1092.32,2024-02-17
R008462,O0080393,P0070,Late Delivery,624.55,2025-05-22
R008463,O0080418,P0174,Defective,2375.86,2024-06-20
R008464,O0080418,P1060,Changed Mind,1396.54,2024-06-29
R008465,O0080423,P0396,Changed Mind,4626.28,2026-03-11
R008466,O0080423,P1497,Late Delivery,690.76,2026-03-16
R008467,O0080423,P1062,Late Delivery,63.83,2026-03-18
R008468,O0080426,P0358,Late Delivery,1154.75,2025-10-17
R008469,O0080441,P0609,Late Delivery,880.1,2025-05-09
R008470,O0080441,P0024,Changed Mind,591.93,2025-04-25
R008471,O0080441,P1393,Changed Mind,244.95,2025-05-08
R008472,O0080456,P0287,Wrong Item,1244.53,2025-07-05
R008473,O0080456,P1196,Defective,433.81,2025-07-06
R008474,O0080456,P0545,Changed Mind,873.67,2025-07-09
R008475,O0080456,P0625,Changed Mind,431.25,2025-07-04
R008476,O0080500,P1489,Changed Mind,1013.71,2025-01-19
R008477,O0080500,P0473,Late Delivery,557.18,2025-01-22
R008478,O0080505,P0924,Defective,602.96,2024-02-05
R008479,O0080536,P0020,Wrong Item,2570.44,2026-06-25
R008480,O0080536,P0752,Late Delivery,1594.67,2026-06-08
R008481,O0080569,P0050,Late Delivery,492.19,2026-09-08
R008482,O0080575,P0591,Changed Mind,1207.32,2024-03-08
R008483,O0080592,P0639,Late Delivery,2399.24,2025-12-19
R008484,O0080604,P0608,Late Delivery,114.74,2024-02-27
R008485,O0080641,P0642,Late Delivery,970.84,2025-07-31
R008486,O0080648,P0661,Changed Mind,1097.36,2024-06-01
R008487,O0080660,P0755,Changed Mind,438.26,2026-03-13
R008488,O0080689,P0860,Late Delivery,166.65,2025-02-11
R008489,O0080689,P0533,Late Delivery,682.06,2025-01-29
R008490,O0080698,P0016,Wrong Item,3513.24,2025-01-10
R008491,O0080700,P0025,Late Delivery,379.61,2026-09-05
R008492,O0080700,P1015,Late Delivery,1305.7,2026-09-01
R008493,O0080727,P0988,Late Delivery,2145.19,2025-06-25
R008494,O0080728,P0602,Changed Mind,680.97,2024-03-25
R008495,O0080737,P1186,Defective,870.1,2024-10-13
R008496,O0080744,P0178,Defective,710.85,2026-02-15
R008497,O0080745,P0153,Defective,1163.84,2025-05-12
R008498,O0080754,P1195,Wrong Item,143.33,2026-06-30
R008499,O0080754,P1175,Late Delivery,826.02,2026-06-20
R008500,O0080758,P0343,Wrong Item,1178.92,2026-04-08
R008501,O0080771,P1263,Wrong Item,1993.73,2025-12-08
R008502,O0080789,P0069,Defective,215.42,2024-11-08
R008503,O0080822,P0817,Wrong Item,744.92,2024-10-27
R008504,O0080829,P0995,Wrong Item,3692.59,2024-10-23
R008505,O0080851,P0726,Wrong Item,329.01,2026-06-14
R008506,O0080858,P1058,Defective,3774.67,2024-07-20
R008507,O0080906,P0985,Changed Mind,933.39,2026-02-13
R008508,O0080906,P1061,Defective,537.19,2026-02-22
R008509,O0080918,P0404,Defective,519.23,2024-02-14
R008510,O0080918,P1011,Defective,1255.1,2024-02-07
R008511,O0080925,P1322,Changed Mind,503.72,2025-01-14
R008512,O0080925,P1056,Late Delivery,364.83,2025-01-12
R008513,O0080925,P1455,Wrong Item,407.71,2025-01-12
R008514,O0080925,P0819,Wrong Item,1743.74,2025-01-04
R008515,O0080928,P0606,Defective,2292.29,2025-01-08
R008516,O0080929,P1000,Late Delivery,535.94,2025-02-03
R008517,O0080959,P0384,Changed Mind,1071.78,2024-08-04
R008518,O0080961,P1216,Defective,1289.54,2026-06-02
R008519,O0080972,P0657,Late Delivery,1603.65,2025-02-01
R008520,O0080978,P0706,Late Delivery,657.53,2024-12-21
R008521,O0080993,P0436,Late Delivery,2289.09,2026-06-23
R008522,O0080993,P0983,Changed Mind,1090.19,2026-06-24
R008523,O0081010,P0144,Late Delivery,1346.15,2025-01-07
R008524,O0081039,P0152,Wrong Item,1340.9,2024-09-23
R008525,O0081045,P0846,Wrong Item,176.58,2024-08-27
R008526,O0081058,P1305,Late Delivery,1096.95,2024-12-17
R008527,O0081064,P0275,Defective,97.52,2024-04-27
R008528,O0081068,P0171,Defective,2288.17,2026-02-07
R008529,O0081072,P0537,Wrong Item,1097.48,2024-07-12
R008530,O0081091,P1124,Defective,3262.25,2026-03-23
R008531,O0081091,P1365,Wrong Item,1439.57,2026-03-27
R008532,O0081099,P1324,Late Delivery,1048.3,2025-09-01
R008533,O0081100,P0985,Late Delivery,1166.34,2024-04-11
R008534,O0081163,P0505,Defective,1365.2,2025-11-19
R008535,O0081163,P0539,Wrong Item,1441.02,2025-11-24
R008536,O0081166,P0011,Defective,691.93,2025-05-29
R008537,O0081166,P0532,Late Delivery,440.17,2025-05-19
R008538,O0081178,P0430,Changed Mind,518.36,2024-11-13
R008539,O0081185,P0759,Wrong Item,3451.3,2026-09-02
R008540,O0081195,P1275,Wrong Item,376.22,2024-10-01
R008541,O0081225,P0146,Late Delivery,884.54,2025-07-09
R008542,O0081225,P1360,Late Delivery,742.16,2025-06-26
R008543,O0081254,P0374,Wrong Item,286.09,2026-03-28
R008544,O0081258,P0922,Defective,615.75,2024-11-16
R008545,O0081261,P1169,Late Delivery,1189.37,2026-01-13
R008546,O0081261,P0545,Defective,828.52,2026-01-11
R008547,O0081262,P0333,Changed Mind,1252.18,2026-01-22
R008548,O0081262,P0573,Defective,685.46,2026-01-14
R008549,O0081285,P0114,Late Delivery,291.21,2025-01-23
R008550,O0081320,P0215,Defective,2282.48,2025-02-03
R008551,O0081340,P0585,Late Delivery,3908.78,2025-06-02
R008552,O0081340,P0415,Defective,1080.2,2025-05-27
R008553,O0081340,P0732,Late Delivery,87.89,2025-05-20
R008554,O0081340,P0257,Defective,759.69,2025-06-02
R008555,O0081356,P0161,Wrong Item,707.14,2026-08-19
R008556,O0081362,P0873,Wrong Item,1095.79,2025-05-09
R008557,O0081362,P0698,Wrong Item,210.05,2025-05-01
R008558,O0081369,P0164,Late Delivery,35.47,2026-02-16
R008559,O0081382,P1190,Changed Mind,913.27,2026-06-27
R008560,O0081382,P1342,Changed Mind,2271.53,2026-06-17
R008561,O0081386,P0539,Wrong Item,615.13,2024-11-26
R008562,O0081386,P1145,Wrong Item,2404.96,2024-12-09
R008563,O0081386,P0895,Wrong Item,624.53,2024-11-30
R008564,O0081386,P1333,Changed Mind,1652.28,2024-12-03
R008565,O0081423,P0111,Changed Mind,1131.54,2024-07-30
R008566,O0081423,P0994,Changed Mind,1084.3,2024-08-04
R008567,O0081423,P0302,Changed Mind,975.64,2024-07-23
R008568,O0081439,P0088,Changed Mind,1017.82,2024-06-15
R008569,O0081450,P1073,Defective,1043.02,2025-04-15
R008570,O0081450,P0262,Late Delivery,1091.79,2025-04-18
R008571,O0081473,P0304,Wrong Item,757.64,2024-09-25
R008572,O0081495,P0826,Wrong Item,1912.92,2025-12-17
R008573,O0081495,P0756,Changed Mind,1976.33,2025-12-20
R008574,O0081495,P0689,Late Delivery,1209.12,2025-12-23
R008575,O0081516,P1285,Changed Mind,424.77,2026-05-19
R008576,O0081516,P0916,Changed Mind,951.95,2026-05-27
R008577,O0081519,P1022,Changed Mind,1045.54,2025-10-17
R008578,O0081519,P0746,Defective,4449.33,2025-10-28
R008579,O0081525,P1253,Changed Mind,1187.84,2024-04-24
R008580,O0081525,P0061,Wrong Item,636.74,2024-04-20
R008581,O0081525,P0969,Changed Mind,1872.71,2024-04-26
R008582,O0081567,P0693,Wrong Item,793.19,2026-04-04
R008583,O0081581,P0725,Late Delivery,528.16,2025-01-12
R008584,O0081581,P0543,Late Delivery,100.24,2025-01-04
R008585,O0081581,P0862,Wrong Item,1064.3,2025-01-07
R008586,O0081591,P1118,Wrong Item,826.24,2024-02-13
R008587,O0081591,P0480,Changed Mind,902.44,2024-02-22
R008588,O0081592,P0658,Changed Mind,595.6,2026-07-30
R008589,O0081608,P1059,Late Delivery,204.98,2025-08-25
R008590,O0081608,P0008,Late Delivery,65.15,2025-09-08
R008591,O0081610,P1479,Wrong Item,1078.28,2024-01-22
R008592,O0081610,P0996,Late Delivery,322.47,2024-01-23
R008593,O0081610,P0263,Wrong Item,1078.91,2024-02-05
R008594,O0081615,P0704,Changed Mind,586.53,2026-02-21
R008595,O0081615,P0004,Defective,2029.76,2026-02-27
R008596,O0081616,P1469,Late Delivery,1288.83,2026-07-19
R008597,O0081616,P0007,Defective,276.95,2026-07-16
R008598,O0081633,P0218,Late Delivery,654.37,2024-07-02
R008599,O0081633,P0639,Changed Mind,4140.18,2024-06-22
R008600,O0081633,P0935,Defective,1616.42,2024-07-09
R008601,O0081635,P1400,Changed Mind,1950.45,2026-06-11
R008602,O0081667,P0276,Changed Mind,1349.54,2025-04-11
R008603,O0081674,P0083,Wrong Item,628.75,2024-10-04
R008604,O0081674,P0808,Defective,197.06,2024-10-06
R008605,O0081674,P1309,Changed Mind,898.57,2024-09-25
R008606,O0081678,P0439,Changed Mind,349.36,2024-08-03
R008607,O0081678,P0548,Late Delivery,925.55,2024-08-08
R008608,O0081705,P1465,Late Delivery,854.31,2026-05-27
R008609,O0081707,P0287,Defective,1075.37,2025-08-27
R008610,O0081721,P0881,Changed Mind,489.47,2026-06-04
R008611,O0081722,P0795,Late Delivery,2470.86,2026-05-09
R008612,O0081722,P0863,Changed Mind,493.76,2026-05-15
R008613,O0081729,P0421,Late Delivery,381.63,2025-04-09
R008614,O0081746,P0367,Defective,2517.68,2026-02-03
R008615,O0081746,P1432,Late Delivery,1488.84,2026-01-31
R008616,O0081767,P1150,Wrong Item,1029.09,2024-12-19
R008617,O0081767,P0765,Wrong Item,313.06,2024-12-20
R008618,O0081768,P0840,Defective,3118.91,2025-02-01
R008619,O0081768,P0445,Defective,278.47,2025-02-06
R008620,O0081768,P0453,Late Delivery,488.92,2025-02-09
R008621,O0081783,P0159,Late Delivery,951.03,2024-10-28
R008622,O0081783,P0919,Changed Mind,1361.51,2024-10-30
R008623,O0081783,P1370,Defective,1241.12,2024-10-23
R008624,O0081786,P0177,Wrong Item,1475.38,2025-08-22
R008625,O0081786,P0342,Late Delivery,1702.03,2025-08-09
R008626,O0081786,P0123,Wrong Item,1394.18,2025-08-06
R008627,O0081786,P0722,Wrong Item,1190.06,2025-08-06
R008628,O0081792,P0555,Wrong Item,870.71,2025-01-20
R008629,O0081792,P0260,Changed Mind,1309.29,2025-01-15
R008630,O0081798,P0174,Wrong Item,1477.68,2024-02-29
R008631,O0081798,P0485,Late Delivery,3183.57,2024-03-01
R008632,O0081800,P0377,Wrong Item,888.92,2024-10-01
R008633,O0081800,P0220,Changed Mind,2303.76,2024-09-27
R008634,O0081800,P0050,Defective,479.84,2024-09-29
R008635,O0081818,P0660,Wrong Item,1272.95,2024-04-16
R008636,O0081818,P1465,Late Delivery,1752.08,2024-04-10
R008637,O0081859,P0239,Wrong Item,172.1,2026-05-26
R008638,O0081859,P0382,Wrong Item,331.21,2026-05-22
R008639,O0081859,P1289,Wrong Item,624.08,2026-05-15
R008640,O0081868,P0246,Late Delivery,403.26,2025-06-08
R008641,O0081868,P1204,Changed Mind,2346.88,2025-06-24
R008642,O0081868,P0071,Late Delivery,59.94,2025-06-12
R008643,O0081891,P0595,Changed Mind,898.27,2025-10-31
R008644,O0081901,P0736,Changed Mind,1352.53,2026-02-07
R008645,O0081901,P0817,Late Delivery,737.01,2026-02-08
R008646,O0081919,P1129,Changed Mind,897.95,2025-08-14
R008647,O0081919,P1191,Late Delivery,1243.09,2025-08-08
R008648,O0081925,P1063,Late Delivery,901.05,2024-07-20
R008649,O0081925,P1237,Wrong Item,674.11,2024-07-10
R008650,O0081935,P1486,Defective,175.35,2025-09-20
R008651,O0081935,P0374,Defective,893.69,2025-09-20
R008652,O0081955,P0807,Changed Mind,782.72,2024-01-31
R008653,O0081955,P0087,Wrong Item,857.65,2024-01-29
R008654,O0081972,P0832,Wrong Item,558.1,2025-09-01
R008655,O0081972,P0039,Defective,1125.38,2025-09-12
R008656,O0081972,P0400,Late Delivery,1309.48,2025-08-29
R008657,O0081986,P0179,Wrong Item,167.07,2026-06-23
R008658,O0081988,P1251,Wrong Item,417.06,2024-09-29
R008659,O0082001,P0410,Changed Mind,1039.99,2026-06-06
R008660,O0082009,P0659,Late Delivery,749.78,2024-11-07
R008661,O0082015,P1497,Wrong Item,1255.99,2025-08-05
R008662,O0082022,P0412,Changed Mind,2546.8,2024-03-23
R008663,O0082029,P0368,Late Delivery,2405.7,2025-10-18
R008664,O0082029,P0574,Late Delivery,1277.84,2025-10-22
R008665,O0082040,P0174,Wrong Item,798.75,2026-05-19
R008666,O0082040,P0213,Defective,798.55,2026-05-06
R008667,O0082044,P0386,Wrong Item,375.73,2024-10-16
R008668,O0082054,P0883,Wrong Item,593.74,2024-08-16
R008669,O0082130,P1163,Defective,1075.85,2026-07-04
R008670,O0082151,P0044,Late Delivery,762.61,2024-04-10
R008671,O0082151,P0375,Defective,2922.87,2024-04-11
R008672,O0082151,P1067,Changed Mind,2423.07,2024-04-10
R008673,O0082159,P1143,Defective,1083.76,2024-12-16
R008674,O0082159,P0238,Defective,1606.85,2024-12-11
R008675,O0082178,P0779,Changed Mind,1396.77,2026-02-14
R008676,O0082190,P1433,Wrong Item,1417.35,2025-01-07
R008677,O0082190,P0673,Late Delivery,407.87,2025-01-11
R008678,O0082227,P0952,Late Delivery,897.86,2025-04-01
R008679,O0082238,P1148,Late Delivery,885.33,2026-05-05
R008680,O0082265,P0182,Defective,147.83,2024-12-04
R008681,O0082280,P1087,Defective,210.66,2024-04-22
R008682,O0082280,P1440,Changed Mind,763.73,2024-04-20
R008683,O0082281,P0650,Late Delivery,366.81,2024-08-21
R008684,O0082284,P1231,Changed Mind,584.53,2024-07-14
R008685,O0082296,P0828,Wrong Item,492.88,2025-04-12
R008686,O0082318,P0024,Defective,591.5,2025-10-20
R008687,O0082318,P0958,Changed Mind,122.89,2025-10-08
R008688,O0082321,P0036,Late Delivery,2090.29,2024-01-28
R008689,O0082361,P0684,Late Delivery,1266.24,2024-12-05
R008690,O0082380,P1104,Changed Mind,505.85,2025-06-24
R008691,O0082413,P1125,Wrong Item,2061.38,2026-06-11
R008692,O0082413,P0353,Defective,67.2,2026-06-11
R008693,O0082413,P1179,Defective,2776.67,2026-06-10
R008694,O0082453,P1361,Changed Mind,409.21,2024-03-23
R008695,O0082453,P0073,Wrong Item,1216.89,2024-03-20
R008696,O0082461,P0538,Changed Mind,689.44,2025-11-08
R008697,O0082487,P1117,Defective,706.67,2024-01-24
R008698,O0082487,P1195,Defective,168.52,2024-01-13
R008699,O0082487,P1401,Late Delivery,2408.45,2024-01-26
R008700,O0082496,P0731,Defective,855.39,2024-10-30
R008701,O0082503,P0233,Defective,603.43,2026-08-01
R008702,O0082503,P1293,Wrong Item,913.81,2026-07-28
R008703,O0082521,P0593,Defective,575.61,2024-01-22
R008704,O0082533,P0259,Wrong Item,2502.75,2025-04-22
R008705,O0082533,P0524,Defective,1324.87,2025-04-21
R008706,O0082602,P0660,Late Delivery,3985.13,2026-02-05
R008707,O0082602,P0122,Defective,972.7,2026-02-03
R008708,O0082602,P0472,Changed Mind,400.35,2026-02-10
R008709,O0082639,P1178,Defective,521.21,2025-01-14
R008710,O0082668,P0622,Defective,2725.01,2025-01-18
R008711,O0082671,P0881,Defective,990.75,2024-06-14
R008712,O0082681,P1472,Changed Mind,2541.39,2025-09-09
R008713,O0082724,P1138,Defective,495.62,2025-06-25
R008714,O0082726,P1388,Wrong Item,1448.68,2024-02-04
R008715,O0082739,P0071,Wrong Item,55.48,2025-06-10
R008716,O0082757,P0508,Late Delivery,1317.02,2026-04-06
R008717,O0082757,P1016,Changed Mind,1388.75,2026-03-27
R008718,O0082816,P0805,Defective,21.16,2024-06-15
R008719,O0082816,P0474,Defective,957.3,2024-06-11
R008720,O0082836,P0022,Wrong Item,817.41,2024-04-28
R008721,O0082839,P0845,Wrong Item,322.03,2026-08-02
R008722,O0082875,P0965,Late Delivery,389.88,2024-08-02
R008723,O0082875,P1317,Changed Mind,1492.79,2024-08-14
R008724,O0082882,P0783,Defective,2199.49,2024-03-18
R008725,O0082882,P1200,Defective,87.42,2024-02-29
R008726,O0082887,P0939,Defective,847.82,2026-06-04
R008727,O0082898,P1490,Changed Mind,1125.48,2026-03-19
R008728,O0082909,P1257,Late Delivery,21.79,2026-09-14
R008729,O0082909,P0292,Wrong Item,1397.02,2026-09-11
R008730,O0082909,P0773,Defective,92.65,2026-09-19
R008731,O0082909,P0512,Wrong Item,168.81,2026-09-04
R008732,O0082922,P1177,Changed Mind,1087.18,2024-07-21
R008733,O0082922,P1003,Defective,1009.64,2024-07-26
R008734,O0082922,P0378,Changed Mind,665.8,2024-07-09
R008735,O0082935,P0732,Late Delivery,90.43,2024-12-29
R008736,O0082935,P0936,Late Delivery,119.27,2024-12-30
R008737,O0082936,P1363,Late Delivery,1931.91,2025-04-30
R008738,O0082936,P0793,Late Delivery,507.48,2025-04-29
R008739,O0082940,P0353,Late Delivery,58.62,2024-08-29
R008740,O0082940,P0941,Late Delivery,850.01,2024-09-01
R008741,O0082940,P1456,Changed Mind,409.45,2024-08-27
R008742,O0082943,P0650,Changed Mind,1484.47,2024-10-05
R008743,O0082943,P1432,Late Delivery,685.24,2024-10-10
R008744,O0082961,P0943,Changed Mind,316.91,2024-08-31
R008745,O0082961,P1490,Late Delivery,356.49,2024-08-27
R008746,O0082967,P1400,Late Delivery,564.4,2026-08-20
R008747,O0082969,P0779,Late Delivery,1128.45,2025-08-08
R008748,O0082970,P0341,Late Delivery,901.12,2026-08-10
R008749,O0082970,P0972,Late Delivery,1215.26,2026-07-24
R008750,O0082970,P0267,Changed Mind,768.42,2026-08-09
R008751,O0082974,P0137,Defective,502.9,2024-07-09
R008752,O0082975,P0298,Late Delivery,889.05,2024-07-20
R008753,O0082975,P0597,Wrong Item,494.49,2024-07-14
R008754,O0082993,P0337,Defective,580.49,2026-05-10
R008755,O0082995,P0151,Defective,1026.19,2024-12-16
R008756,O0083016,P1346,Wrong Item,247.94,2024-09-16
R008757,O0083020,P0940,Defective,282.54,2026-05-16
R008758,O0083020,P1092,Changed Mind,665.15,2026-05-14
R008759,O0083020,P0475,Late Delivery,28.6,2026-05-05
R008760,O0083020,P1033,Changed Mind,848.91,2026-05-16
R008761,O0083031,P1450,Defective,104.52,2026-08-12
R008762,O0083031,P0943,Changed Mind,545.09,2026-08-07
R008763,O0083042,P1132,Wrong Item,638.44,2026-03-21
R008764,O0083042,P0091,Wrong Item,1405.01,2026-03-26
R008765,O0083042,P0669,Defective,631.55,2026-03-29
R008766,O0083052,P1331,Late Delivery,862.59,2024-10-20
R008767,O0083057,P1098,Late Delivery,625.44,2024-04-30
R008768,O0083067,P0164,Wrong Item,78.52,2025-04-19
R008769,O0083076,P1039,Late Delivery,816.97,2025-04-25
R008770,O0083091,P1095,Changed Mind,560.64,2024-06-09
R008771,O0083099,P0262,Defective,1029.78,2025-09-14
R008772,O0083101,P0562,Defective,182.96,2024-09-10
R008773,O0083103,P0245,Late Delivery,1085.7,2026-04-04
R008774,O0083103,P0076,Defective,487.1,2026-04-08
R008775,O0083117,P1181,Wrong Item,979.72,2024-12-09
R008776,O0083117,P1335,Changed Mind,378.68,2024-12-21
R008777,O0083147,P0748,Late Delivery,332.38,2024-05-11
R008778,O0083199,P1000,Late Delivery,487.24,2025-04-29
R008779,O0083199,P0090,Defective,2772.19,2025-05-05
R008780,O0083199,P1141,Defective,632.99,2025-05-11
R008781,O0083213,P0023,Changed Mind,1062.51,2026-01-06
R008782,O0083255,P0127,Defective,989.01,2024-08-04
R008783,O0083256,P0998,Wrong Item,1273.19,2024-11-27
R008784,O0083272,P0799,Wrong Item,716.77,2024-11-21
R008785,O0083272,P0673,Wrong Item,471.35,2024-11-22
R008786,O0083278,P1038,Late Delivery,501.43,2024-10-20
R008787,O0083278,P0714,Late Delivery,1066.35,2024-10-11
R008788,O0083332,P0479,Wrong Item,918.31,2024-12-31
R008789,O0083345,P1494,Late Delivery,927.35,2024-09-04
R008790,O0083365,P0667,Late Delivery,634.47,2025-12-31
R008791,O0083365,P1413,Late Delivery,2276.91,2025-12-28
R008792,O0083378,P1063,Defective,825.16,2025-01-20
R008793,O0083378,P0519,Defective,52.41,2025-01-12
R008794,O0083416,P1228,Late Delivery,949.1,2025-08-18
R008795,O0083416,P1019,Defective,22.68,2025-08-14
R008796,O0083425,P0740,Late Delivery,21.78,2026-05-01
R008797,O0083443,P0366,Wrong Item,304.9,2025-04-16
R008798,O0083443,P1499,Changed Mind,855.81,2025-04-11
R008799,O0083460,P1001,Late Delivery,1904.41,2025-01-27
R008800,O0083463,P1315,Changed Mind,217.0,2024-12-01
R008801,O0083472,P0626,Defective,543.34,2025-08-01
R008802,O0083483,P0404,Defective,509.91,2026-03-03
R008803,O0083490,P1406,Late Delivery,923.05,2025-05-26
R008804,O0083528,P1088,Late Delivery,995.38,2026-05-11
R008805,O0083528,P0322,Wrong Item,905.39,2026-05-04
R008806,O0083577,P0847,Defective,635.95,2026-02-22
R008807,O0083578,P1152,Defective,1043.39,2024-07-17
R008808,O0083584,P0615,Changed Mind,1124.92,2025-03-25
R008809,O0083585,P0978,Changed Mind,1727.8,2024-09-06
R008810,O0083590,P0238,Wrong Item,1563.88,2025-02-23
R008811,O0083590,P0519,Wrong Item,52.33,2025-02-27
R008812,O0083590,P0535,Late Delivery,433.33,2025-02-19
R008813,O0083607,P1060,Late Delivery,628.52,2026-01-11
R008814,O0083624,P0565,Late Delivery,382.35,2026-05-15
R008815,O0083628,P0768,Changed Mind,219.84,2024-04-04
R008816,O0083628,P0869,Wrong Item,923.01,2024-03-25
R008817,O0083629,P1184,Wrong Item,1340.59,2025-11-10
R008818,O0083630,P0557,Defective,199.87,2026-05-23
R008819,O0083662,P0781,Wrong Item,1156.19,2025-02-12
R008820,O0083662,P0944,Defective,426.5,2025-02-03
R008821,O0083662,P0094,Changed Mind,212.01,2025-02-06
R008822,O0083668,P0728,Late Delivery,1179.91,2024-01-25
R008823,O0083703,P0356,Wrong Item,942.76,2024-07-21
R008824,O0083707,P0092,Wrong Item,669.86,2025-03-02
R008825,O0083708,P0569,Wrong Item,1861.67,2025-06-22
R008826,O0083736,P1399,Wrong Item,457.06,2026-04-14
R008827,O0083736,P0876,Defective,1127.83,2026-04-14
R008828,O0083744,P0350,Late Delivery,2269.52,2026-08-13
R008829,O0083744,P1151,Wrong Item,429.42,2026-08-03
R008830,O0083747,P0997,Changed Mind,952.25,2024-12-25
R008831,O0083755,P0146,Changed Mind,850.37,2026-01-16
R008832,O0083755,P0640,Wrong Item,53.83,2026-01-30
R008833,O0083757,P1040,Changed Mind,892.57,2025-05-16
R008834,O0083757,P0717,Wrong Item,660.06,2025-05-27
R008835,O0083757,P0026,Defective,1001.73,2025-05-13
R008836,O0083759,P1330,Wrong Item,248.91,2026-02-16
R008837,O0083763,P0030,Late Delivery,1297.31,2026-03-22
R008838,O0083763,P0334,Late Delivery,542.25,2026-03-23
R008839,O0083778,P0317,Late Delivery,123.67,2024-12-19
R008840,O0083778,P0396,Changed Mind,1219.11,2024-12-31
R008841,O0083786,P0016,Wrong Item,2309.08,2025-01-31
R008842,O0083786,P1400,Late Delivery,1300.3,2025-02-03
R008843,O0083786,P1252,Wrong Item,1315.16,2025-01-20
R008844,O0083794,P1429,Wrong Item,445.49,2024-10-05
R008845,O0083827,P1044,Wrong Item,903.41,2025-02-04
R008846,O0083833,P0386,Defective,363.76,2024-08-05
R008847,O0083833,P0057,Wrong Item,1002.66,2024-08-05
R008848,O0083833,P0836,Defective,1344.74,2024-08-04
R008849,O0083835,P1346,Defective,222.68,2026-02-04
R008850,O0083835,P0462,Late Delivery,258.24,2026-01-26
R008851,O0083850,P0858,Wrong Item,102.53,2025-03-20
R008852,O0083850,P0373,Changed Mind,274.15,2025-03-15
R008853,O0083850,P0173,Wrong Item,1400.72,2025-03-20
R008854,O0083852,P0249,Late Delivery,911.87,2025-09-03
R008855,O0083852,P0973,Defective,58.86,2025-09-15
R008856,O0083852,P1021,Wrong Item,631.47,2025-09-17
R008857,O0083857,P0564,Late Delivery,727.73,2025-02-25
R008858,O0083857,P1320,Changed Mind,631.71,2025-02-22
R008859,O0083857,P0062,Changed Mind,2082.51,2025-02-14
R008860,O0083892,P1294,Late Delivery,1592.58,2024-06-21
R008861,O0083899,P1029,Late Delivery,614.7,2024-02-12
R008862,O0083906,P0164,Defective,111.86,2024-09-07
R008863,O0083912,P1186,Changed Mind,450.27,2024-04-03
R008864,O0083912,P0789,Late Delivery,1186.32,2024-03-19
R008865,O0083939,P0379,Defective,1122.38,2025-09-27
R008866,O0083943,P0462,Wrong Item,269.05,2024-05-23
R008867,O0083944,P0799,Wrong Item,665.12,2025-10-09
R008868,O0083958,P0561,Wrong Item,1200.15,2025-08-03
R008869,O0083977,P1031,Changed Mind,298.69,2025-01-06
R008870,O0083986,P0763,Late Delivery,2476.58,2024-07-02
R008871,O0083991,P1092,Changed Mind,715.39,2025-10-15
R008872,O0083997,P0608,Wrong Item,40.11,2026-05-04
R008873,O0083997,P0662,Late Delivery,1015.9,2026-05-05
R008874,O0083997,P0961,Wrong Item,1394.22,2026-04-26
R008875,O0084005,P1259,Changed Mind,667.19,2024-06-10
R008876,O0084022,P1280,Wrong Item,209.97,2025-06-18
R008877,O0084042,P0578,Late Delivery,1673.79,2025-06-21
R008878,O0084042,P0449,Changed Mind,18.35,2025-07-04
R008879,O0084042,P1158,Wrong Item,1174.56,2025-06-20
R008880,O0084046,P1390,Wrong Item,492.77,2026-06-19
R008881,O0084072,P0449,Defective,23.62,2025-05-02
R008882,O0084074,P0553,Changed Mind,908.91,2025-10-11
R008883,O0084077,P0007,Late Delivery,1215.05,2025-02-13
R008884,O0084079,P0766,Changed Mind,143.74,2024-03-08
R008885,O0084079,P0339,Changed Mind,1249.0,2024-03-09
R008886,O0084090,P0997,Defective,3120.97,2026-04-02
R008887,O0084091,P0730,Wrong Item,106.06,2025-02-09
R008888,O0084091,P0244,Changed Mind,1527.23,2025-02-05
R008889,O0084091,P0677,Changed Mind,457.72,2025-02-04
R008890,O0084098,P1311,Late Delivery,2337.09,2026-04-01
R008891,O0084098,P0704,Changed Mind,576.42,2026-03-28
R008892,O0084100,P0148,Wrong Item,487.15,2024-03-31
R008893,O0084123,P0877,Late Delivery,969.97,2025-01-17
R008894,O0084123,P1294,Defective,750.61,2025-01-10
R008895,O0084123,P1032,Wrong Item,989.11,2025-01-06
R008896,O0084123,P0884,Defective,458.16,2025-01-07
R008897,O0084134,P0664,Defective,397.79,2026-05-09
R008898,O0084134,P1127,Defective,506.15,2026-05-13
R008899,O0084134,P0951,Changed Mind,789.89,2026-05-12
R008900,O0084134,P1090,Defective,1102.42,2026-05-26
R008901,O0084134,P0750,Changed Mind,315.88,2026-05-15
R008902,O0084154,P0190,Late Delivery,73.45,2024-09-01
R008903,O0084172,P1028,Late Delivery,2920.68,2026-03-20
R008904,O0084172,P0210,Wrong Item,1037.59,2026-03-28
R008905,O0084172,P0402,Changed Mind,1246.27,2026-03-31
R008906,O0084177,P0060,Late Delivery,331.14,2024-07-30
R008907,O0084190,P0105,Defective,761.33,2024-12-05
R008908,O0084202,P1457,Changed Mind,107.92,2025-05-17
R008909,O0084202,P0630,Changed Mind,684.54,2025-05-24
R008910,O0084207,P0492,Wrong Item,1405.68,2024-10-09
R008911,O0084207,P0678,Wrong Item,689.12,2024-10-15
R008912,O0084224,P0609,Changed Mind,955.71,2025-06-27
R008913,O0084224,P1277,Defective,1117.13,2025-06-19
R008914,O0084236,P1481,Defective,1399.09,2024-01-19
R008915,O0084236,P0094,Wrong Item,249.36,2024-01-18
R008916,O0084253,P1081,Late Delivery,653.35,2026-01-13
R008917,O0084292,P1000,Late Delivery,479.41,2025-11-03
R008918,O0084308,P0732,Defective,94.79,2026-01-20
R008919,O0084320,P0746,Wrong Item,1448.35,2026-03-18
R008920,O0084320,P0422,Changed Mind,1015.67,2026-03-25
R008921,O0084328,P1021,Defective,712.45,2024-04-26
R008922,O0084328,P0790,Late Delivery,25.82,2024-05-08
R008923,O0084341,P0837,Late Delivery,1286.67,2025-04-25
R008924,O0084349,P1437,Defective,800.75,2026-01-30
R008925,O0084349,P1443,Wrong Item,790.32,2026-01-27
R008926,O0084349,P0040,Defective,683.47,2026-02-13
R008927,O0084355,P0980,Late Delivery,693.57,2024-09-20
R008928,O0084355,P1352,Late Delivery,633.55,2024-09-20
R008929,O0084389,P0082,Late Delivery,1001.09,2026-07-03
R008930,O0084430,P0345,Defective,917.18,2026-03-15
R008931,O0084430,P0083,Defective,564.33,2026-03-17
R008932,O0084441,P1493,Defective,2160.27,2024-12-13
R008933,O0084441,P0133,Late Delivery,1194.42,2024-12-30
R008934,O0084441,P0414,Wrong Item,733.74,2024-12-24
R008935,O0084460,P1342,Changed Mind,761.9,2026-02-27
R008936,O0084463,P1268,Changed Mind,1290.29,2026-02-05
R008937,O0084467,P1210,Defective,785.51,2025-11-12
R008938,O0084468,P1449,Late Delivery,163.76,2026-05-31
R008939,O0084468,P0307,Defective,1474.33,2026-05-22
R008940,O0084478,P1402,Late Delivery,2053.89,2024-08-05
R008941,O0084478,P0291,Changed Mind,2081.88,2024-08-09
R008942,O0084514,P1266,Wrong Item,55.16,2026-08-08
R008943,O0084514,P0240,Late Delivery,2805.93,2026-07-26
R008944,O0084514,P0578,Wrong Item,841.59,2026-07-25
R008945,O0084533,P0030,Wrong Item,477.46,2026-07-26
R008946,O0084541,P1423,Wrong Item,235.8,2026-01-26
R008947,O0084541,P0944,Changed Mind,410.63,2026-02-13
R008948,O0084558,P1062,Late Delivery,39.0,2024-12-18
R008949,O0084568,P1416,Wrong Item,853.67,2025-08-28
R008950,O0084573,P0530,Changed Mind,559.98,2024-02-03
R008951,O0084589,P0438,Changed Mind,1037.99,2026-01-08
R008952,O0084615,P0643,Late Delivery,106.1,2024-10-01
R008953,O0084619,P1056,Wrong Item,729.66,2025-04-30
R008954,O0084619,P1347,Defective,797.96,2025-04-21
R008955,O0084619,P1394,Changed Mind,795.39,2025-04-29
R008956,O0084624,P1217,Wrong Item,468.71,2024-11-11
R008957,O0084638,P0751,Defective,1090.07,2024-02-12
R008958,O0084638,P1063,Changed Mind,772.59,2024-02-14
R008959,O0084638,P0952,Wrong Item,298.53,2024-02-06
R008960,O0084710,P0626,Wrong Item,540.55,2024-05-28
R008961,O0084710,P0577,Late Delivery,271.29,2024-05-28
R008962,O0084710,P1303,Defective,1562.23,2024-05-27
R008963,O0084711,P0813,Late Delivery,1076.03,2024-05-31
R008964,O0084752,P0530,Late Delivery,442.3,2024-12-05
R008965,O0084768,P0426,Defective,476.46,2024-01-21
R008966,O0084846,P0017,Changed Mind,184.81,2025-01-31
R008967,O0084846,P0759,Late Delivery,1143.8,2025-01-26
R008968,O0084846,P0380,Late Delivery,108.34,2025-01-23
R008969,O0084849,P0869,Wrong Item,818.63,2026-05-22
R008970,O0084849,P0219,Wrong Item,483.03,2026-05-22
R008971,O0084882,P1071,Wrong Item,863.87,2024-01-12
R008972,O0084882,P0095,Defective,1163.49,2024-01-05
R008973,O0084882,P1028,Wrong Item,2660.45,2024-01-05
R008974,O0084893,P0303,Late Delivery,2072.75,2024-09-01
R008975,O0084893,P0037,Changed Mind,397.98,2024-08-22
R008976,O0084916,P1123,Changed Mind,3426.85,2024-01-25
R008977,O0084916,P0350,Late Delivery,2917.81,2024-01-14
R008978,O0084916,P1255,Changed Mind,274.84,2024-01-13
R008979,O0084931,P0543,Defective,189.6,2024-08-31
R008980,O0084946,P1325,Wrong Item,1350.45,2026-02-28
R008981,O0084972,P0435,Wrong Item,790.81,2024-09-19
R008982,O0084983,P1482,Changed Mind,271.7,2024-07-31
R008983,O0084997,P1134,Changed Mind,526.37,2025-10-12
R008984,O0084997,P0542,Defective,584.27,2025-10-14
R008985,O0084997,P1443,Changed Mind,777.63,2025-10-22
R008986,O0085005,P1346,Late Delivery,234.41,2026-07-23
R008987,O0085005,P0490,Changed Mind,1117.2,2026-07-21
R008988,O0085005,P0360,Changed Mind,986.57,2026-08-01
R008989,O0085009,P0691,Changed Mind,1896.04,2025-10-20
R008990,O0085009,P0113,Wrong Item,1079.69,2025-10-13
R008991,O0085039,P0800,Defective,1788.89,2026-03-02
R008992,O0085094,P1481,Defective,842.79,2026-08-27
R008993,O0085094,P0292,Changed Mind,1300.59,2026-09-05
R008994,O0085094,P0111,Wrong Item,1091.43,2026-09-07
R008995,O0085105,P1069,Wrong Item,2326.77,2026-07-14
R008996,O0085133,P1393,Defective,70.77,2025-07-17
R008997,O0085187,P0285,Changed Mind,80.16,2024-09-04
R008998,O0085217,P0601,Late Delivery,712.06,2025-05-05
R008999,O0085217,P0712,Late Delivery,761.61,2025-05-15
R009000,O0085261,P0774,Wrong Item,929.72,2025-08-01
R009001,O0085261,P0947,Late Delivery,161.03,2025-08-06
R009002,O0085266,P1278,Defective,520.13,2024-09-10
R009003,O0085269,P1432,Changed Mind,603.87,2025-12-24
R009004,O0085283,P1381,Changed Mind,159.71,2025-07-21
R009005,O0085327,P0874,Defective,1186.01,2026-05-03
R009006,O0085338,P0500,Changed Mind,271.87,2024-01-20
R009007,O0085338,P0832,Defective,1095.71,2024-01-26
R009008,O0085339,P0963,Defective,205.32,2026-05-04
R009009,O0085371,P1120,Changed Mind,612.32,2026-08-15
R009010,O0085376,P0347,Wrong Item,812.99,2025-05-06
R009011,O0085384,P0578,Late Delivery,846.02,2025-03-23
R009012,O0085394,P0405,Changed Mind,162.42,2026-06-07
R009013,O0085394,P0877,Defective,1039.63,2026-06-05
R009014,O0085395,P1122,Wrong Item,1145.53,2025-07-10
R009015,O0085401,P0943,Changed Mind,269.85,2025-08-17
R009016,O0085402,P0820,Changed Mind,607.48,2024-09-10
R009017,O0085402,P1234,Late Delivery,157.95,2024-09-11
R009018,O0085404,P1218,Defective,1209.6,2026-02-04
R009019,O0085404,P0844,Changed Mind,1428.25,2026-02-10
R009020,O0085410,P0285,Wrong Item,66.56,2025-08-18
R009021,O0085410,P0923,Changed Mind,2172.42,2025-08-19
R009022,O0085417,P1186,Defective,924.93,2024-02-02
R009023,O0085417,P1479,Defective,2310.54,2024-01-31
R009024,O0085434,P1270,Defective,151.6,2026-07-23
R009025,O0085434,P0548,Changed Mind,997.09,2026-07-23
R009026,O0085434,P1306,Late Delivery,119.19,2026-07-26
R009027,O0085434,P0102,Changed Mind,1681.24,2026-07-23
R009028,O0085446,P1186,Changed Mind,417.11,2024-07-17
R009029,O0085450,P1052,Defective,202.36,2026-02-18
R009030,O0085493,P0809,Defective,653.85,2025-02-25
R009031,O0085493,P0542,Wrong Item,559.74,2025-02-24
R009032,O0085493,P0901,Changed Mind,818.33,2025-02-23
R009033,O0085493,P1240,Defective,420.82,2025-02-17
R009034,O0085493,P1460,Changed Mind,1134.54,2025-02-10
R009035,O0085500,P0343,Defective,619.44,2024-03-09
R009036,O0085500,P1425,Wrong Item,218.08,2024-03-19
R009037,O0085500,P0707,Changed Mind,694.13,2024-03-16
R009038,O0085502,P0540,Wrong Item,935.98,2026-02-01
R009039,O0085502,P0624,Changed Mind,884.1,2026-01-27
R009040,O0085543,P0950,Changed Mind,849.86,2024-11-13
R009041,O0085558,P0145,Changed Mind,421.61,2025-06-23
R009042,O0085574,P1056,Wrong Item,317.8,2024-11-19
R009043,O0085574,P0607,Changed Mind,348.68,2024-11-23
R009044,O0085577,P0641,Changed Mind,2336.11,2024-09-25
R009045,O0085584,P0987,Defective,242.85,2026-07-29
R009046,O0085590,P1409,Changed Mind,4367.56,2026-09-07
R009047,O0085602,P1226,Late Delivery,83.29,2024-11-17
R009048,O0085607,P1023,Changed Mind,1268.49,2025-09-13
R009049,O0085641,P0737,Defective,574.61,2024-11-25
R009050,O0085641,P0254,Wrong Item,144.33,2024-11-14
R009051,O0085641,P0377,Wrong Item,862.07,2024-11-20
R009052,O0085699,P0061,Late Delivery,637.34,2025-05-23
R009053,O0085699,P0273,Defective,1523.06,2025-05-14
R009054,O0085774,P1094,Late Delivery,646.41,2024-03-30
R009055,O0085774,P1371,Wrong Item,1114.1,2024-04-09
R009056,O0085805,P0397,Defective,37.26,2025-06-18
R009057,O0085836,P0065,Wrong Item,52.32,2024-04-30
R009058,O0085840,P0897,Defective,938.35,2025-09-14
R009059,O0085843,P0688,Wrong Item,717.85,2025-03-15
R009060,O0085853,P0466,Wrong Item,1275.23,2024-12-10
R009061,O0085865,P1438,Changed Mind,70.64,2025-05-23
R009062,O0085865,P1040,Changed Mind,800.26,2025-06-10
R009063,O0085881,P0270,Late Delivery,1199.45,2025-06-13
R009064,O0085912,P0298,Late Delivery,1071.87,2026-03-06
R009065,O0085924,P0307,Wrong Item,669.25,2026-01-29
R009066,O0085933,P0134,Wrong Item,556.2,2024-05-06
R009067,O0085945,P0379,Changed Mind,1130.63,2026-05-15
R009068,O0085950,P0345,Wrong Item,1655.88,2025-11-12
R009069,O0085960,P1384,Defective,320.99,2025-09-23
R009070,O0086005,P1303,Wrong Item,789.08,2025-08-30
R009071,O0086018,P0790,Defective,25.8,2025-01-30
R009072,O0086024,P0078,Changed Mind,62.56,2024-07-17
R009073,O0086046,P1376,Wrong Item,1358.81,2025-01-26
R009074,O0086052,P0615,Defective,1150.64,2024-10-24
R009075,O0086052,P0883,Wrong Item,588.92,2024-10-30
R009076,O0086069,P0378,Wrong Item,294.32,2025-08-07
R009077,O0086133,P1125,Changed Mind,1894.24,2024-11-16
R009078,O0086139,P1046,Defective,818.35,2024-04-24
R009079,O0086164,P1177,Wrong Item,1189.89,2025-04-08
R009080,O0086164,P0494,Late Delivery,629.56,2025-04-10
R009081,O0086164,P1171,Late Delivery,118.5,2025-04-07
R009082,O0086171,P0743,Defective,1634.05,2026-06-16
R009083,O0086178,P1282,Defective,1328.7,2026-06-22
R009084,O0086205,P0658,Late Delivery,535.96,2026-09-10
R009085,O0086205,P1183,Late Delivery,243.95,2026-09-04
R009086,O0086219,P0850,Changed Mind,466.39,2026-05-20
R009087,O0086222,P1316,Late Delivery,824.68,2025-03-31
R009088,O0086222,P0364,Late Delivery,695.72,2025-04-06
R009089,O0086233,P1020,Late Delivery,1171.97,2024-12-23
R009090,O0086246,P0054,Wrong Item,3297.2,2025-04-14
R009091,O0086246,P0372,Defective,1833.85,2025-04-05
R009092,O0086253,P0930,Defective,121.99,2025-09-25
R009093,O0086253,P1091,Changed Mind,231.63,2025-09-21
R009094,O0086258,P0931,Wrong Item,550.06,2024-09-26
R009095,O0086290,P1366,Changed Mind,85.33,2025-08-16
R009096,O0086294,P0095,Changed Mind,451.1,2026-04-05
R009097,O0086294,P0632,Wrong Item,457.88,2026-04-14
R009098,O0086305,P0391,Changed Mind,465.75,2024-08-27
R009099,O0086310,P0184,Defective,624.79,2025-05-28
R009100,O0086310,P0874,Changed Mind,1217.78,2025-06-03
R009101,O0086310,P0686,Wrong Item,1238.56,2025-06-03
R009102,O0086335,P0328,Late Delivery,966.22,2024-03-23
R009103,O0086341,P0569,Wrong Item,1980.55,2024-05-23
R009104,O0086343,P0813,Changed Mind,918.89,2025-07-22
R009105,O0086343,P0116,Defective,649.29,2025-07-22
R009106,O0086343,P0159,Wrong Item,843.2,2025-07-21
R009107,O0086345,P0587,Defective,588.53,2024-02-14
R009108,O0086347,P1008,Defective,50.58,2026-04-24
R009109,O0086353,P0819,Changed Mind,452.57,2024-05-07
R009110,O0086353,P1411,Late Delivery,690.81,2024-05-24
R009111,O0086357,P0733,Defective,160.04,2026-01-13
R009112,O0086357,P0116,Changed Mind,616.86,2025-12-30
R009113,O0086378,P0770,Late Delivery,924.82,2025-06-30
R009114,O0086378,P0998,Changed Mind,3692.47,2025-07-01
R009115,O0086378,P0578,Changed Mind,1429.7,2025-06-24
R009116,O0086393,P0182,Late Delivery,147.16,2026-07-28
R009117,O0086399,P1313,Changed Mind,370.5,2025-11-26
R009118,O0086399,P0021,Wrong Item,2850.63,2025-11-23
R009119,O0086490,P0797,Changed Mind,3011.03,2024-09-13
R009120,O0086498,P1226,Wrong Item,84.49,2025-06-08
R009121,O0086498,P0878,Defective,400.21,2025-06-08
R009122,O0086498,P1189,Defective,143.67,2025-05-28
R009123,O0086536,P1411,Changed Mind,714.34,2026-09-05
R009124,O0086537,P0879,Defective,1376.78,2024-06-24
R009125,O0086574,P1023,Wrong Item,1231.11,2024-12-25
R009126,O0086593,P0938,Defective,1721.47,2024-11-04
R009127,O0086621,P1406,Defective,2856.53,2025-06-28
R009128,O0086713,P1037,Changed Mind,565.84,2025-05-04
R009129,O0086713,P1095,Late Delivery,472.44,2025-05-08
R009130,O0086713,P1282,Defective,1404.48,2025-04-28
R009131,O0086713,P0555,Wrong Item,1561.07,2025-05-04
R009132,O0086725,P0213,Late Delivery,798.55,2025-01-03
R009133,O0086725,P1121,Late Delivery,2726.0,2025-01-03
R009134,O0086737,P0469,Wrong Item,35.45,2024-12-30
R009135,O0086749,P1114,Late Delivery,869.2,2024-05-04
R009136,O0086749,P0148,Changed Mind,627.65,2024-04-19
R009137,O0086773,P0507,Changed Mind,2007.76,2024-04-25
R009138,O0086813,P0648,Late Delivery,305.0,2025-10-14
R009139,O0086813,P0756,Defective,1339.07,2025-10-22
R009140,O0086815,P1326,Changed Mind,604.1,2024-02-25
R009141,O0086815,P0844,Wrong Item,1199.45,2024-02-17
R009142,O0086848,P0945,Defective,357.61,2025-10-15
R009143,O0086859,P1315,Late Delivery,191.1,2024-12-07
R009144,O0086869,P0681,Wrong Item,1064.63,2025-08-03
R009145,O0086869,P0581,Late Delivery,308.41,2025-08-16
R009146,O0086869,P1039,Defective,584.06,2025-08-06
R009147,O0086878,P1209,Wrong Item,793.56,2024-12-19
R009148,O0086882,P1499,Wrong Item,901.38,2024-03-11
R009149,O0086918,P1121,Defective,1179.81,2025-05-07
R009150,O0086918,P0872,Defective,887.06,2025-05-19
R009151,O0086920,P0068,Late Delivery,466.65,2024-08-06
R009152,O0086920,P0928,Defective,1664.09,2024-08-21
R009153,O0086922,P0532,Changed Mind,806.43,2025-03-08
R009154,O0086926,P1133,Changed Mind,1934.51,2026-07-27
R009155,O0086926,P0709,Defective,1000.91,2026-07-28
R009156,O0086926,P0668,Wrong Item,59.93,2026-07-29
R009157,O0086934,P0735,Defective,3638.38,2025-01-14
R009158,O0086974,P0177,Changed Mind,1273.25,2024-07-06
R009159,O0086976,P1041,Changed Mind,151.17,2024-03-24
R009160,O0086976,P0651,Late Delivery,1219.58,2024-03-14
R009161,O0087011,P0033,Defective,1055.91,2025-02-28
R009162,O0087017,P0842,Changed Mind,280.18,2024-05-25
R009163,O0087017,P0757,Wrong Item,1030.28,2024-05-21
R009164,O0087019,P0467,Changed Mind,167.1,2026-07-31
R009165,O0087019,P0877,Wrong Item,488.6,2026-07-29
R009166,O0087019,P0269,Defective,294.02,2026-07-18
R009167,O0087021,P0083,Changed Mind,673.69,2026-02-22
R009168,O0087021,P0396,Changed Mind,1108.41,2026-03-06
R009169,O0087021,P0082,Late Delivery,983.24,2026-02-25
R009170,O0087055,P1108,Changed Mind,329.91,2025-03-12
R009171,O0087062,P0565,Wrong Item,396.96,2024-03-06
R009172,O0087083,P0648,Late Delivery,155.12,2025-02-26
R009173,O0087091,P1391,Defective,222.44,2025-10-30
R009174,O0087091,P1263,Changed Mind,1979.02,2025-11-16
R009175,O0087106,P0466,Changed Mind,1145.72,2025-07-29
R009176,O0087112,P1418,Defective,2116.22,2024-11-17
R009177,O0087146,P0608,Wrong Item,37.15,2026-06-14
R009178,O0087172,P0682,Defective,1335.98,2025-07-31
R009179,O0087172,P0268,Late Delivery,486.66,2025-07-22
R009180,O0087172,P0079,Wrong Item,2634.91,2025-07-28
R009181,O0087193,P0279,Changed Mind,1717.84,2025-12-02
R009182,O0087197,P1272,Changed Mind,240.32,2026-03-02
R009183,O0087207,P0536,Wrong Item,3084.66,2024-11-15
R009184,O0087207,P1381,Changed Mind,166.72,2024-11-08
R009185,O0087217,P0567,Wrong Item,355.82,2026-06-12
R009186,O0087217,P1029,Defective,134.86,2026-06-15
R009187,O0087261,P0213,Wrong Item,787.69,2024-10-09
R009188,O0087271,P0811,Defective,781.85,2024-03-21
R009189,O0087272,P1468,Late Delivery,711.29,2024-10-15
R009190,O0087281,P0102,Defective,1458.14,2026-09-05
R009191,O0087281,P0944,Wrong Item,403.58,2026-08-18
R009192,O0087281,P0491,Defective,1573.16,2026-08-26
R009193,O0087303,P0946,Late Delivery,54.8,2025-11-10
R009194,O0087303,P0645,Wrong Item,1120.41,2025-11-01
R009195,O0087303,P0290,Changed Mind,1650.15,2025-11-05
R009196,O0087321,P0960,Changed Mind,2654.08,2025-05-12
R009197,O0087321,P0734,Wrong Item,2229.05,2025-05-17
R009198,O0087321,P1273,Wrong Item,842.71,2025-05-09
R009199,O0087335,P0160,Changed Mind,523.01,2025-01-24
R009200,O0087335,P1088,Changed Mind,976.29,2025-01-21
R009201,O0087343,P0878,Defective,786.64,2024-07-01
R009202,O0087343,P0140,Defective,1182.08,2024-06-20
R009203,O0087346,P0833,Late Delivery,565.09,2026-03-16
R009204,O0087357,P0754,Late Delivery,1010.23,2024-04-07
R009205,O0087357,P1325,Wrong Item,2416.93,2024-03-29
R009206,O0087368,P0337,Changed Mind,561.61,2025-04-08
R009207,O0087368,P1133,Late Delivery,972.29,2025-04-02
R009208,O0087371,P0812,Defective,1012.42,2024-09-16
R009209,O0087382,P1220,Defective,827.47,2024-08-15
R009210,O0087382,P1040,Changed Mind,831.96,2024-08-01
R009211,O0087383,P0702,Changed Mind,1281.23,2025-10-09
R009212,O0087412,P0815,Wrong Item,1818.42,2026-03-16
R009213,O0087412,P0695,Defective,669.67,2026-03-20
R009214,O0087417,P0489,Defective,674.96,2026-04-25
R009215,O0087417,P1275,Defective,393.52,2026-04-26
R009216,O0087417,P1291,Changed Mind,814.26,2026-05-09
R009217,O0087429,P1475,Changed Mind,855.08,2025-10-03
R009218,O0087435,P0578,Wrong Item,739.18,2025-12-18
R009219,O0087452,P0707,Changed Mind,782.86,2026-01-18
R009220,O0087466,P0090,Defective,827.15,2026-03-27
R009221,O0087466,P0557,Changed Mind,213.21,2026-03-27
R009222,O0087553,P1081,Defective,327.44,2024-08-18
R009223,O0087553,P0848,Wrong Item,1117.19,2024-08-14
R009224,O0087566,P0628,Changed Mind,201.4,2024-10-15
R009225,O0087566,P1178,Wrong Item,539.72,2024-10-11
R009226,O0087568,P1278,Changed Mind,483.5,2026-06-26
R009227,O0087568,P1258,Late Delivery,1776.78,2026-07-03
R009228,O0087568,P0001,Defective,984.44,2026-07-04
R009229,O0087574,P1085,Changed Mind,4181.58,2025-09-17
R009230,O0087580,P0119,Late Delivery,427.15,2025-03-19
R009231,O0087592,P1415,Defective,2117.08,2026-04-24
R009232,O0087612,P0337,Defective,265.79,2026-01-28
R009233,O0087612,P0867,Changed Mind,1098.51,2026-02-11
R009234,O0087612,P0525,Defective,724.23,2026-02-03
R009235,O0087634,P0362,Defective,3735.67,2026-07-02
R009236,O0087646,P1455,Late Delivery,230.19,2024-03-11
R009237,O0087646,P1300,Wrong Item,554.66,2024-03-20
R009238,O0087651,P0766,Changed Mind,277.05,2025-07-16
R009239,O0087699,P0763,Changed Mind,821.24,2026-01-31
R009240,O0087720,P0732,Changed Mind,202.12,2026-06-23
R009241,O0087721,P0038,Wrong Item,118.94,2025-10-12
R009242,O0087754,P0330,Wrong Item,3401.59,2025-03-25
R009243,O0087754,P1385,Defective,484.75,2025-04-04
R009244,O0087780,P1483,Changed Mind,1211.52,2025-04-14
R009245,O0087780,P0168,Late Delivery,632.91,2025-04-12
R009246,O0087795,P1393,Defective,74.97,2024-06-20
R009247,O0087795,P0974,Changed Mind,386.5,2024-06-13
R009248,O0087795,P0685,Changed Mind,1362.06,2024-06-24
R009249,O0087803,P0116,Late Delivery,710.36,2026-05-16
R009250,O0087835,P0858,Late Delivery,90.65,2025-01-01
R009251,O0087835,P0799,Late Delivery,721.96,2024-12-31
R009252,O0087835,P0538,Wrong Item,716.91,2025-01-08
R009253,O0087868,P0050,Changed Mind,923.54,2024-11-12
R009254,O0087937,P1425,Late Delivery,231.54,2025-05-12
R009255,O0087937,P1343,Changed Mind,592.84,2025-05-29
R009256,O0087953,P0395,Wrong Item,3604.56,2024-03-02
R009257,O0088005,P1025,Wrong Item,31.66,2024-08-05
R009258,O0088005,P1420,Late Delivery,2113.05,2024-08-08
R009259,O0088005,P0890,Defective,166.43,2024-08-17
R009260,O0088006,P0776,Defective,51.02,2024-06-02
R009261,O0088034,P0460,Wrong Item,530.48,2025-04-14
R009262,O0088040,P0084,Defective,752.0,2025-11-01
R009263,O0088048,P1394,Defective,394.9,2024-07-02
R009264,O0088078,P0311,Wrong Item,1243.01,2026-07-31
R009265,O0088079,P1169,Late Delivery,682.06,2025-11-18
R009266,O0088120,P0539,Wrong Item,539.26,2024-12-07
R009267,O0088135,P0534,Late Delivery,827.52,2024-05-24
R009268,O0088135,P0172,Late Delivery,1202.86,2024-05-10
R009269,O0088135,P1383,Changed Mind,2672.66,2024-05-19
R009270,O0088138,P0015,Defective,935.24,2025-02-12
R009271,O0088156,P0293,Late Delivery,669.25,2026-01-31
R009272,O0088156,P1028,Late Delivery,3751.91,2026-02-15
R009273,O0088190,P1199,Changed Mind,529.74,2025-05-21
R009274,O0088190,P1168,Wrong Item,415.23,2025-05-09
R009275,O0088191,P0185,Wrong Item,1838.26,2024-09-28
R009276,O0088199,P0511,Changed Mind,976.96,2026-07-30
R009277,O0088199,P0018,Defective,208.37,2026-07-30
R009278,O0088199,P0047,Late Delivery,256.49,2026-07-30
R009279,O0088200,P0737,Wrong Item,673.85,2024-04-01
R009280,O0088260,P0193,Defective,246.97,2026-04-15
R009281,O0088260,P1326,Late Delivery,719.09,2026-04-20
R009282,O0088260,P0023,Late Delivery,1086.81,2026-04-09
R009283,O0088267,P0243,Changed Mind,845.74,2024-04-20
R009284,O0088270,P1167,Changed Mind,1234.69,2024-04-18
R009285,O0088287,P0309,Defective,1289.91,2025-06-03
R009286,O0088287,P0439,Wrong Item,364.77,2025-06-01
R009287,O0088296,P1299,Late Delivery,986.81,2025-04-18
R009288,O0088296,P0582,Wrong Item,651.96,2025-04-30
R009289,O0088300,P0214,Wrong Item,728.08,2025-08-26
R009290,O0088316,P1211,Late Delivery,48.45,2026-08-12
R009291,O0088316,P0740,Wrong Item,43.05,2026-08-14
R009292,O0088316,P0587,Defective,574.72,2026-08-16
R009293,O0088325,P0004,Late Delivery,1956.85,2026-04-07
R009294,O0088367,P0431,Wrong Item,1396.62,2026-07-29
R009295,O0088372,P1046,Late Delivery,433.12,2025-01-10
R009296,O0088372,P0325,Wrong Item,1673.68,2025-01-15
R009297,O0088387,P0979,Defective,1141.61,2025-09-06
R009298,O0088405,P0857,Wrong Item,827.8,2024-12-11
R009299,O0088439,P0077,Wrong Item,613.16,2025-01-18
R009300,O0088439,P0809,Changed Mind,1201.67,2025-01-27
R009301,O0088447,P0373,Defective,269.2,2026-08-28
R009302,O0088494,P0825,Late Delivery,2035.12,2026-07-10
R009303,O0088503,P0177,Late Delivery,1429.64,2026-05-25
R009304,O0088524,P1091,Wrong Item,249.66,2024-04-21
R009305,O0088538,P0770,Late Delivery,946.21,2026-08-25
R009306,O0088606,P0346,Defective,807.31,2025-12-27
R009307,O0088646,P1459,Late Delivery,1055.44,2024-03-13
R009308,O0088675,P0823,Late Delivery,233.16,2025-03-28
R009309,O0088675,P1357,Wrong Item,242.89,2025-04-08
R009310,O0088705,P0207,Defective,1350.17,2024-12-07
R009311,O0088715,P1455,Late Delivery,210.6,2024-01-31
R009312,O0088715,P0737,Changed Mind,667.3,2024-01-31
R009313,O0088725,P1356,Late Delivery,967.73,2025-09-14
R009314,O0088725,P0863,Late Delivery,501.74,2025-09-16
R009315,O0088726,P0538,Late Delivery,684.47,2024-03-31
R009316,O0088726,P0670,Changed Mind,1122.68,2024-04-08
R009317,O0088726,P1108,Wrong Item,295.43,2024-03-26
R009318,O0088743,P1404,Wrong Item,223.79,2024-03-29
R009319,O0088743,P0433,Changed Mind,1329.28,2024-04-01
R009320,O0088762,P1102,Late Delivery,1230.95,2024-01-11
R009321,O0088765,P1258,Late Delivery,859.99,2025-09-04
R009322,O0088769,P1325,Defective,1163.82,2024-09-21
R009323,O0088771,P0811,Defective,867.91,2025-09-03
R009324,O0088771,P1107,Wrong Item,449.58,2025-08-19
R009325,O0088792,P1412,Defective,620.27,2026-06-29
R009326,O0088800,P1171,Defective,146.06,2025-08-28
R009327,O0088801,P1147,Changed Mind,219.71,2025-03-22
R009328,O0088807,P0992,Defective,619.48,2025-12-16
R009329,O0088807,P0680,Defective,527.31,2025-12-15
R009330,O0088812,P1404,Wrong Item,287.02,2026-03-24
R009331,O0088816,P0691,Defective,970.43,2026-01-29
R009332,O0088816,P0516,Changed Mind,83.62,2026-01-19
R009333,O0088816,P0437,Late Delivery,1496.96,2026-01-21
R009334,O0088818,P0761,Defective,932.51,2026-02-27
R009335,O0088822,P0872,Late Delivery,835.44,2024-01-23
R009336,O0088826,P0527,Late Delivery,169.84,2024-08-17
R009337,O0088840,P0066,Late Delivery,243.6,2024-05-11
R009338,O0088849,P0876,Defective,1991.43,2026-07-11
R009339,O0088855,P0481,Defective,219.26,2024-04-24
R009340,O0088858,P1234,Changed Mind,146.9,2026-02-20
R009341,O0088890,P0864,Defective,432.84,2024-08-21
R009342,O0088923,P0198,Changed Mind,1182.49,2025-04-25
R009343,O0088935,P1475,Wrong Item,509.55,2024-02-28
R009344,O0088942,P0046,Changed Mind,157.43,2026-08-23
R009345,O0088942,P1484,Defective,853.26,2026-08-10
R009346,O0088947,P0521,Changed Mind,1176.04,2025-09-15
R009347,O0088947,P0138,Wrong Item,930.44,2025-10-01
R009348,O0088947,P0898,Defective,94.76,2025-09-16
R009349,O0088948,P0505,Changed Mind,3668.99,2025-07-02
R009350,O0088954,P0153,Changed Mind,1126.06,2024-04-07
R009351,O0088996,P1423,Wrong Item,508.89,2024-07-14
R009352,O0088996,P1359,Changed Mind,692.65,2024-07-13
R009353,O0089008,P0898,Defective,231.76,2024-12-27
R009354,O0089019,P1129,Defective,2472.03,2025-09-14
R009355,O0089028,P1264,Changed Mind,737.9,2025-07-03
R009356,O0089031,P1069,Late Delivery,1009.95,2024-07-12
R009357,O0089037,P1217,Wrong Item,535.2,2024-02-04
R009358,O0089037,P0498,Late Delivery,46.64,2024-01-28
R009359,O0089068,P0315,Changed Mind,927.91,2024-02-06
R009360,O0089080,P0248,Changed Mind,31.84,2026-07-16
R009361,O0089080,P1315,Late Delivery,205.67,2026-07-25
R009362,O0089080,P0540,Defective,1805.79,2026-07-20
R009363,O0089083,P1022,Defective,978.6,2025-10-10
R009364,O0089090,P0143,Wrong Item,108.25,2024-09-14
R009365,O0089090,P1209,Wrong Item,873.28,2024-09-12
R009366,O0089090,P1127,Defective,479.41,2024-09-11
R009367,O0089094,P0533,Wrong Item,791.82,2026-02-07
R009368,O0089094,P0619,Late Delivery,498.13,2026-02-20
R009369,O0089095,P1113,Wrong Item,824.19,2025-09-05
R009370,O0089122,P0288,Late Delivery,743.18,2025-04-12
R009371,O0089126,P0016,Wrong Item,1118.51,2025-05-04
R009372,O0089134,P1020,Changed Mind,1103.57,2025-06-15
R009373,O0089134,P0100,Wrong Item,730.07,2025-06-05
R009374,O0089134,P1475,Wrong Item,1441.76,2025-06-23
R009375,O0089140,P0336,Wrong Item,36.98,2024-01-11
R009376,O0089140,P0553,Changed Mind,895.03,2024-01-21
R009377,O0089140,P0631,Defective,1256.03,2024-01-24
R009378,O0089146,P0493,Late Delivery,1612.28,2025-04-11
R009379,O0089150,P1229,Changed Mind,1353.1,2024-10-19
R009380,O0089169,P0413,Changed Mind,633.95,2025-11-06
R009381,O0089179,P0594,Changed Mind,919.36,2024-02-04
R009382,O0089181,P0419,Defective,1470.22,2025-10-16
R009383,O0089181,P1001,Late Delivery,845.21,2025-10-25
R009384,O0089198,P1011,Late Delivery,3588.94,2025-02-12
R009385,O0089248,P1357,Wrong Item,248.93,2024-07-09
R009386,O0089248,P0649,Wrong Item,847.97,2024-07-01
R009387,O0089271,P0474,Late Delivery,1126.92,2024-09-12
R009388,O0089288,P1038,Defective,472.49,2024-01-12
R009389,O0089288,P1463,Defective,456.51,2024-01-11
R009390,O0089288,P0003,Changed Mind,3486.99,2024-01-28
R009391,O0089307,P0035,Defective,836.81,2024-01-31
R009392,O0089307,P1369,Changed Mind,4086.84,2024-01-28
R009393,O0089310,P0987,Late Delivery,1069.48,2025-05-07
R009394,O0089317,P0053,Late Delivery,629.2,2025-06-11
R009395,O0089317,P0660,Wrong Item,1128.8,2025-05-26
R009396,O0089320,P0374,Wrong Item,530.28,2026-04-10
R009397,O0089320,P0202,Late Delivery,1077.4,2026-04-12
R009398,O0089329,P0223,Defective,2833.2,2024-02-29
R009399,O0089329,P0397,Changed Mind,41.55,2024-03-13
R009400,O0089372,P1091,Defective,225.92,2024-01-29
R009401,O0089382,P0747,Wrong Item,2793.69,2025-01-09
R009402,O0089396,P0836,Changed Mind,1268.02,2025-10-13
R009403,O0089396,P1358,Defective,1918.17,2025-10-16
R009404,O0089452,P0776,Changed Mind,115.74,2026-01-20
R009405,O0089452,P0490,Defective,550.6,2026-01-28
R009406,O0089452,P0526,Late Delivery,744.35,2026-01-25
R009407,O0089473,P1295,Late Delivery,1683.09,2024-04-22
R009408,O0089475,P1415,Wrong Item,726.84,2024-05-17
R009409,O0089475,P0717,Defective,282.11,2024-05-11
R009410,O0089478,P0855,Wrong Item,649.86,2024-10-06
R009411,O0089505,P0217,Defective,223.16,2025-04-23
R009412,O0089548,P0111,Changed Mind,1145.96,2024-03-14
R009413,O0089567,P1198,Late Delivery,1115.77,2026-04-30
R009414,O0089570,P0400,Changed Mind,1157.17,2025-01-30
R009415,O0089582,P0703,Wrong Item,572.65,2025-10-11
R009416,O0089649,P0506,Defective,45.42,2025-03-22
R009417,O0089657,P0319,Changed Mind,570.75,2025-11-25
R009418,O0089662,P1311,Changed Mind,1142.66,2024-03-18
R009419,O0089676,P0677,Changed Mind,475.8,2025-02-05
R009420,O0089698,P0649,Defective,1593.25,2025-07-29
R009421,O0089698,P0250,Wrong Item,660.71,2025-08-06
R009422,O0089698,P0126,Defective,59.06,2025-08-12
R009423,O0089723,P0565,Late Delivery,352.89,2025-12-11
R009424,O0089723,P0614,Late Delivery,1021.57,2025-12-07
R009425,O0089728,P1347,Defective,875.69,2024-05-30
R009426,O0089762,P0347,Wrong Item,402.58,2026-03-08
R009427,O0089762,P0161,Defective,738.57,2026-03-04
R009428,O0089764,P0070,Defective,1398.28,2026-03-28
R009429,O0089764,P1244,Wrong Item,1256.96,2026-03-28
R009430,O0089778,P0130,Wrong Item,568.57,2026-05-21
R009431,O0089787,P0920,Defective,278.71,2025-04-04
R009432,O0089797,P0175,Wrong Item,491.78,2024-05-27
R009433,O0089797,P0585,Defective,2100.73,2024-05-15
R009434,O0089797,P0754,Changed Mind,913.19,2024-05-26
R009435,O0089852,P0530,Defective,1134.26,2024-01-20
R009436,O0089852,P0240,Wrong Item,1681.94,2024-01-13
R009437,O0089865,P1272,Changed Mind,250.92,2026-02-05
R009438,O0089865,P0077,Defective,1261.75,2026-02-12
R009439,O0089869,P1342,Wrong Item,714.62,2026-07-09
R009440,O0089875,P1258,Defective,1607.39,2026-05-22
R009441,O0089906,P0364,Changed Mind,254.91,2026-03-01
R009442,O0089906,P0994,Late Delivery,1242.06,2026-02-16
R009443,O0089917,P1355,Defective,1048.51,2025-03-15
R009444,O0089917,P0620,Changed Mind,917.21,2025-03-25
R009445,O0089919,P0528,Defective,489.82,2024-11-11
R009446,O0089928,P1189,Changed Mind,278.43,2025-10-29
R009447,O0089937,P0201,Defective,122.5,2026-04-02
R009448,O0089966,P1392,Late Delivery,648.72,2024-08-17
R009449,O0089975,P0980,Wrong Item,649.79,2024-04-21
R009450,O0089979,P0179,Changed Mind,78.48,2025-10-27
R009451,O0090013,P1087,Defective,872.28,2026-06-08
R009452,O0090016,P0260,Wrong Item,1295.81,2024-04-11
R009453,O0090016,P0362,Wrong Item,1278.37,2024-04-01
R009454,O0090032,P1358,Changed Mind,2664.84,2024-05-27
R009455,O0090041,P0169,Changed Mind,2411.61,2024-11-13
R009456,O0090060,P1266,Late Delivery,238.36,2026-09-08
R009457,O0090068,P0928,Changed Mind,2029.64,2024-10-14
R009458,O0090068,P0645,Late Delivery,2025.9,2024-10-19
R009459,O0090069,P0274,Wrong Item,1092.97,2025-05-29
R009460,O0090076,P0761,Defective,373.58,2026-07-11
R009461,O0090091,P1227,Late Delivery,103.64,2024-02-16
R009462,O0090091,P0444,Defective,1102.5,2024-02-03
R009463,O0090093,P1472,Wrong Item,1229.26,2025-07-16
R009464,O0090098,P0812,Late Delivery,1835.83,2025-09-15
R009465,O0090124,P0119,Wrong Item,359.7,2024-01-31
R009466,O0090141,P1008,Late Delivery,51.31,2025-07-06
R009467,O0090141,P0763,Wrong Item,832.34,2025-07-14
R009468,O0090141,P1027,Wrong Item,927.42,2025-07-05
R009469,O0090151,P0299,Late Delivery,60.44,2026-07-24
R009470,O0090153,P0617,Defective,79.91,2024-11-01
R009471,O0090153,P1082,Changed Mind,281.16,2024-11-06
R009472,O0090159,P0022,Late Delivery,781.19,2024-06-08
R009473,O0090159,P0973,Late Delivery,60.8,2024-06-26
R009474,O0090163,P1129,Changed Mind,918.4,2025-11-14
R009475,O0090178,P0963,Late Delivery,166.39,2025-03-25
R009476,O0090178,P1319,Wrong Item,629.41,2025-03-24
R009477,O0090178,P1012,Defective,131.48,2025-03-24
R009478,O0090181,P0036,Defective,1016.27,2024-10-28
R009479,O0090181,P1390,Changed Mind,937.02,2024-10-20
R009480,O0090185,P0433,Changed Mind,505.79,2025-11-13
R009481,O0090197,P0759,Late Delivery,1951.21,2026-05-27
R009482,O0090197,P1240,Wrong Item,417.19,2026-05-18
R009483,O0090197,P1281,Defective,1191.22,2026-05-16
R009484,O0090197,P0016,Wrong Item,1212.24,2026-05-14
R009485,O0090212,P0111,Late Delivery,1132.36,2025-10-03
R009486,O0090222,P0006,Defective,185.98,2024-07-24
R009487,O0090222,P1411,Late Delivery,698.28,2024-07-23
R009488,O0090243,P0434,Defective,843.73,2026-03-12
R009489,O0090289,P0362,Late Delivery,1121.38,2024-06-14
R009490,O0090290,P1067,Defective,728.78,2025-07-27
R009491,O0090296,P0933,Defective,537.84,2025-08-25
R009492,O0090296,P0592,Changed Mind,236.5,2025-08-24
R009493,O0090308,P0140,Wrong Item,2210.28,2025-04-28
R009494,O0090309,P0431,Late Delivery,1070.05,2024-09-05
R009495,O0090313,P0043,Late Delivery,784.77,2025-07-30
R009496,O0090323,P0200,Defective,1270.79,2025-04-24
R009497,O0090323,P1121,Wrong Item,1121.75,2025-04-29
R009498,O0090323,P1106,Changed Mind,225.33,2025-05-02
R009499,O0090324,P0475,Changed Mind,58.21,2024-02-11
R009500,O0090348,P1074,Changed Mind,262.49,2026-08-23
R009501,O0090355,P1180,Changed Mind,245.06,2024-10-27
R009502,O0090355,P1193,Late Delivery,653.06,2024-11-02
R009503,O0090355,P0224,Defective,225.41,2024-10-26
R009504,O0090363,P0333,Changed Mind,1194.12,2025-10-23
R009505,O0090368,P0908,Late Delivery,601.88,2024-07-10
R009506,O0090368,P0151,Defective,1012.41,2024-07-17
R009507,O0090377,P1304,Defective,657.72,2024-11-09
R009508,O0090383,P0320,Changed Mind,1349.92,2024-07-02
R009509,O0090387,P0963,Changed Mind,407.83,2024-08-16
R009510,O0090397,P1444,Defective,545.59,2025-04-21
R009511,O0090404,P0589,Changed Mind,208.4,2025-10-28
R009512,O0090404,P1081,Changed Mind,1368.15,2025-10-27
R009513,O0090427,P1404,Defective,538.91,2024-05-22
R009514,O0090433,P1202,Wrong Item,1614.75,2026-03-15
R009515,O0090433,P0111,Wrong Item,1280.7,2026-03-15
R009516,O0090450,P1167,Defective,1251.42,2025-05-13
R009517,O0090460,P0431,Changed Mind,1272.95,2026-03-22
R009518,O0090478,P0643,Defective,93.86,2025-02-14
R009519,O0090481,P1241,Changed Mind,21.25,2024-07-23
R009520,O0090481,P1288,Changed Mind,1038.66,2024-08-01
R009521,O0090504,P1373,Wrong Item,1727.79,2025-09-11
R009522,O0090546,P0036,Wrong Item,2918.69,2025-03-10
R009523,O0090558,P0698,Changed Mind,575.55,2026-01-10
R009524,O0090572,P1181,Changed Mind,979.2,2025-11-25
R009525,O0090575,P0402,Late Delivery,1249.98,2025-07-08
R009526,O0090633,P0623,Defective,343.7,2024-05-15
R009527,O0090636,P1403,Wrong Item,924.93,2026-06-28
R009528,O0090636,P0927,Changed Mind,2277.81,2026-06-28
R009529,O0090636,P0204,Defective,383.31,2026-06-16
R009530,O0090647,P1004,Wrong Item,2329.02,2024-04-28
R009531,O0090647,P1022,Late Delivery,1049.79,2024-04-28
R009532,O0090656,P0127,Changed Mind,607.35,2024-02-25
R009533,O0090677,P0326,Changed Mind,1322.86,2026-07-24
R009534,O0090677,P0150,Changed Mind,687.51,2026-07-18
R009535,O0090687,P1171,Late Delivery,154.76,2024-08-29
R009536,O0090712,P0136,Wrong Item,596.08,2026-04-20
R009537,O0090714,P0770,Defective,1112.45,2025-05-07
R009538,O0090724,P0067,Changed Mind,276.64,2026-04-21
R009539,O0090730,P0923,Wrong Item,2175.55,2024-12-15
R009540,O0090730,P0393,Changed Mind,2381.67,2024-12-17
R009541,O0090748,P0307,Late Delivery,1982.43,2026-02-02
R009542,O0090748,P0457,Defective,3900.64,2026-01-17
R009543,O0090760,P1003,Wrong Item,580.54,2026-06-25
R009544,O0090764,P1212,Defective,551.51,2026-03-07
R009545,O0090764,P0233,Changed Mind,596.38,2026-03-08
R009546,O0090768,P0577,Defective,269.61,2026-07-16
R009547,O0090790,P0792,Changed Mind,398.91,2024-04-20
R009548,O0090790,P0077,Late Delivery,577.25,2024-04-24
R009549,O0090793,P0730,Defective,100.06,2025-12-17
R009550,O0090799,P0816,Defective,325.59,2025-10-30
R009551,O0090799,P0681,Wrong Item,1048.58,2025-11-01
R009552,O0090799,P0604,Late Delivery,989.64,2025-10-19
R009553,O0090802,P0249,Defective,2604.95,2026-07-11
R009554,O0090812,P0949,Changed Mind,213.43,2026-01-02
R009555,O0090817,P1407,Changed Mind,744.86,2025-07-03
R009556,O0090817,P1165,Changed Mind,146.14,2025-07-02
R009557,O0090826,P0729,Defective,2404.91,2025-08-26
R009558,O0090840,P0313,Late Delivery,437.98,2026-03-13
R009559,O0090840,P1242,Changed Mind,753.15,2026-03-20
R009560,O0090899,P0482,Defective,150.81,2026-02-25
R009561,O0090899,P0780,Late Delivery,310.66,2026-02-08
R009562,O0090906,P0691,Defective,1876.37,2025-04-06
R009563,O0090909,P0290,Defective,638.61,2025-06-08
R009564,O0090909,P1207,Changed Mind,408.37,2025-06-15
R009565,O0090948,P0342,Changed Mind,726.88,2026-07-22
R009566,O0090948,P0003,Wrong Item,1211.01,2026-07-14
R009567,O0090953,P1028,Changed Mind,1455.37,2026-08-10
R009568,O0090968,P1080,Late Delivery,703.06,2025-02-02
R009569,O0091026,P0039,Changed Mind,930.11,2026-06-24
R009570,O0091026,P0689,Late Delivery,1094.38,2026-07-05
R009571,O0091028,P1379,Defective,1296.37,2025-04-22
R009572,O0091046,P0454,Wrong Item,1208.08,2026-02-14
R009573,O0091046,P0727,Late Delivery,123.45,2026-02-22
R009574,O0091046,P0895,Late Delivery,635.36,2026-02-19
R009575,O0091062,P0444,Late Delivery,1022.15,2025-02-08
R009576,O0091078,P0498,Defective,38.09,2026-05-10
R009577,O0091084,P0530,Changed Mind,939.05,2025-07-22
R009578,O0091101,P0840,Late Delivery,2040.31,2026-04-13
R009579,O0091113,P0330,Changed Mind,1213.37,2025-04-13
R009580,O0091116,P0917,Defective,902.09,2025-04-30
R009581,O0091118,P1255,Changed Mind,335.79,2024-06-10
R009582,O0091150,P1096,Changed Mind,878.18,2026-07-06
R009583,O0091150,P0049,Changed Mind,959.59,2026-07-14
R009584,O0091156,P1415,Wrong Item,684.23,2024-06-12
R009585,O0091156,P1172,Wrong Item,781.56,2024-06-08
R009586,O0091156,P0471,Late Delivery,2294.46,2024-06-19
R009587,O0091180,P0245,Wrong Item,1087.22,2026-08-17
R009588,O0091188,P1160,Defective,226.33,2024-08-18
R009589,O0091189,P0511,Late Delivery,1570.17,2024-04-24
R009590,O0091189,P1426,Wrong Item,166.32,2024-04-25
R009591,O0091213,P1251,Wrong Item,327.5,2025-04-23
R009592,O0091231,P0068,Wrong Item,951.61,2024-09-19
R009593,O0091231,P0538,Changed Mind,2178.02,2024-09-20
R009594,O0091234,P0415,Changed Mind,916.45,2024-03-01
R009595,O0091234,P0442,Changed Mind,852.72,2024-02-28
R009596,O0091255,P1428,Defective,136.69,2024-03-09
R009597,O0091255,P0628,Wrong Item,417.95,2024-03-14
R009598,O0091275,P1444,Wrong Item,533.94,2026-03-15
R009599,O0091275,P1391,Defective,716.88,2026-03-13
R009600,O0091275,P0615,Changed Mind,2015.32,2026-03-19
R009601,O0091287,P0749,Changed Mind,1786.08,2025-10-08
R009602,O0091300,P1405,Wrong Item,927.9,2024-06-07
R009603,O0091309,P0637,Late Delivery,197.27,2024-07-21
R009604,O0091316,P1359,Wrong Item,808.35,2024-11-17
R009605,O0091316,P0651,Late Delivery,650.73,2024-12-02
R009606,O0091344,P0093,Late Delivery,289.9,2025-09-01
R009607,O0091399,P0013,Late Delivery,1276.33,2024-09-15
R009608,O0091419,P1497,Wrong Item,624.18,2025-11-01
R009609,O0091419,P0931,Defective,525.58,2025-11-12
R009610,O0091441,P0928,Defective,630.5,2026-08-28
R009611,O0091441,P0567,Changed Mind,210.17,2026-09-13
R009612,O0091441,P1042,Late Delivery,783.19,2026-08-29
R009613,O0091456,P0102,Changed Mind,865.46,2024-10-29
R009614,O0091456,P1332,Defective,1394.12,2024-10-20
R009615,O0091456,P1369,Late Delivery,1045.64,2024-10-16
R009616,O0091456,P0142,Changed Mind,208.22,2024-10-19
R009617,O0091471,P0205,Defective,866.58,2025-03-31
R009618,O0091481,P0237,Defective,2677.04,2026-04-28
R009619,O0091512,P1146,Late Delivery,1209.65,2025-08-03
R009620,O0091522,P0423,Wrong Item,3469.29,2024-08-19
R009621,O0091522,P1454,Wrong Item,695.6,2024-08-07
R009622,O0091550,P1120,Defective,2139.04,2024-11-04
R009623,O0091554,P1315,Wrong Item,206.17,2024-05-31
R009624,O0091554,P0009,Late Delivery,839.2,2024-05-26
R009625,O0091592,P0451,Wrong Item,683.83,2026-08-18
R009626,O0091592,P0758,Wrong Item,655.34,2026-08-18
R009627,O0091601,P1364,Wrong Item,724.88,2025-05-17
R009628,O0091607,P0008,Changed Mind,29.98,2026-01-22
R009629,O0091622,P0252,Changed Mind,646.49,2026-02-11
R009630,O0091623,P0724,Late Delivery,112.38,2024-12-15
R009631,O0091623,P0901,Late Delivery,837.53,2024-12-04
R009632,O0091645,P0910,Wrong Item,1187.05,2026-09-06
R009633,O0091647,P0999,Defective,842.66,2026-08-20
R009634,O0091699,P0679,Late Delivery,1532.94,2024-02-06
R009635,O0091701,P0311,Defective,1346.42,2025-09-22
R009636,O0091714,P1220,Wrong Item,877.78,2025-12-16
R009637,O0091728,P0214,Wrong Item,719.58,2025-07-21
R009638,O0091728,P0796,Defective,352.02,2025-07-24
R009639,O0091728,P1019,Wrong Item,23.2,2025-07-23
R009640,O0091729,P0124,Defective,1160.91,2026-02-13
R009641,O0091775,P0851,Wrong Item,853.27,2024-07-31
R009642,O0091792,P0273,Late Delivery,593.72,2025-12-08
R009643,O0091792,P1171,Defective,151.83,2025-12-12
R009644,O0091836,P0823,Defective,250.81,2026-01-07
R009645,O0091836,P0787,Late Delivery,408.34,2026-01-06
R009646,O0091870,P1333,Late Delivery,728.68,2025-07-06
R009647,O0091870,P0890,Wrong Item,124.02,2025-07-12
R009648,O0091870,P0129,Late Delivery,1213.49,2025-07-12
R009649,O0091878,P0305,Defective,582.02,2025-11-23
R009650,O0091878,P0298,Late Delivery,997.89,2025-11-15
R009651,O0091881,P1464,Changed Mind,2283.04,2024-06-23
R009652,O0091913,P1188,Changed Mind,1337.32,2024-05-04
R009653,O0091938,P0682,Late Delivery,1264.25,2025-10-12
R009654,O0091938,P1391,Late Delivery,198.38,2025-10-02
R009655,O0091945,P1463,Defective,834.59,2026-02-07
R009656,O0091945,P0503,Defective,1967.16,2026-02-17
R009657,O0091949,P0051,Defective,335.99,2024-02-18
R009658,O0091971,P0076,Changed Mind,517.17,2024-12-08
R009659,O0092007,P0926,Changed Mind,2324.23,2024-12-28
R009660,O0092025,P0895,Late Delivery,650.69,2026-04-30
R009661,O0092032,P1369,Changed Mind,866.82,2024-07-25
R009662,O0092042,P1410,Wrong Item,158.66,2026-09-13
R009663,O0092051,P0364,Late Delivery,517.04,2024-04-05
R009664,O0092060,P0538,Wrong Item,784.9,2025-10-10
R009665,O0092060,P1436,Wrong Item,733.25,2025-10-14
R009666,O0092062,P1169,Late Delivery,758.52,2026-04-15
R009667,O0092066,P0230,Changed Mind,1136.86,2025-12-06
R009668,O0092071,P0961,Defective,1395.38,2025-12-02
R009669,O0092071,P1253,Defective,1362.45,2025-12-05
R009670,O0092072,P1262,Changed Mind,1080.03,2025-11-03
R009671,O0092072,P1388,Late Delivery,559.61,2025-11-20
R009672,O0092099,P0054,Wrong Item,1209.49,2024-03-07
R009673,O0092100,P0475,Late Delivery,34.97,2026-04-21
R009674,O0092100,P0203,Late Delivery,421.51,2026-04-24
R009675,O0092106,P0415,Late Delivery,1021.72,2025-06-01
R009676,O0092110,P1160,Defective,219.74,2026-01-19
R009677,O0092110,P0642,Defective,2119.98,2026-02-01
R009678,O0092110,P0385,Wrong Item,554.13,2026-01-30
R009679,O0092125,P0795,Wrong Item,1322.83,2026-05-14
R009680,O0092130,P0064,Wrong Item,1306.39,2025-04-19
R009681,O0092158,P0984,Changed Mind,2187.96,2024-12-17
R009682,O0092158,P0336,Defective,38.02,2024-12-14
R009683,O0092158,P0625,Wrong Item,367.15,2024-12-05
R009684,O0092158,P0528,Late Delivery,541.79,2024-12-17
R009685,O0092158,P0263,Late Delivery,1205.91,2024-12-09
R009686,O0092159,P1221,Defective,959.34,2024-05-31
R009687,O0092159,P0218,Late Delivery,1188.41,2024-05-30
R009688,O0092203,P0979,Defective,5129.98,2026-02-08
R009689,O0092205,P0775,Defective,849.41,2026-01-28
R009690,O0092215,P1177,Late Delivery,2157.3,2024-06-20
R009691,O0092231,P0645,Late Delivery,1094.04,2025-07-15
R009692,O0092231,P1409,Wrong Item,2032.12,2025-07-06
R009693,O0092231,P0915,Late Delivery,180.88,2025-07-06
R009694,O0092248,P0973,Defective,59.35,2024-12-13
R009695,O0092291,P1458,Late Delivery,2409.53,2024-10-07
R009696,O0092291,P1433,Defective,1369.69,2024-09-29
R009697,O0092297,P1434,Defective,1327.34,2026-09-07
R009698,O0092328,P0394,Late Delivery,924.96,2026-08-04
R009699,O0092328,P0384,Wrong Item,1045.53,2026-07-29
R009700,O0092347,P1207,Defective,459.99,2026-05-19
R009701,O0092367,P0239,Late Delivery,157.43,2024-11-11
R009702,O0092375,P0598,Late Delivery,3850.07,2025-12-19
R009703,O0092401,P0377,Late Delivery,832.2,2024-02-21
R009704,O0092402,P0502,Late Delivery,899.38,2025-06-09
R009705,O0092429,P1252,Defective,796.88,2024-11-18
R009706,O0092429,P0525,Wrong Item,760.33,2024-11-24
R009707,O0092432,P1418,Wrong Item,1156.99,2024-07-09
R009708,O0092445,P1376,Changed Mind,1340.91,2024-06-08
R009709,O0092445,P0748,Changed Mind,377.72,2024-06-19
R009710,O0092445,P0724,Wrong Item,118.42,2024-06-22
R009711,O0092457,P0739,Wrong Item,176.11,2024-09-12
R009712,O0092518,P0585,Changed Mind,936.85,2026-04-21
R009713,O0092518,P1168,Changed Mind,873.12,2026-04-09
R009714,O0092536,P1161,Changed Mind,1129.77,2026-05-03
R009715,O0092545,P1426,Late Delivery,159.33,2025-03-12
R009716,O0092545,P0369,Changed Mind,604.81,2025-03-28
R009717,O0092545,P1418,Late Delivery,1093.1,2025-03-29
R009718,O0092582,P0451,Changed Mind,270.46,2025-07-15
R009719,O0092588,P0627,Wrong Item,430.15,2026-07-21
R009720,O0092598,P0293,Late Delivery,2147.55,2024-04-27
R009721,O0092598,P0882,Changed Mind,1230.43,2024-05-08
R009722,O0092598,P0877,Changed Mind,1329.29,2024-05-02
R009723,O0092598,P0682,Defective,1346.05,2024-04-30
R009724,O0092617,P0394,Wrong Item,1087.83,2024-05-14
R009725,O0092617,P0834,Wrong Item,946.74,2024-05-02
R009726,O0092629,P0477,Late Delivery,85.25,2025-07-01
R009727,O0092635,P1498,Changed Mind,2691.15,2024-08-23
R009728,O0092690,P1296,Defective,955.72,2024-10-18
R009729,O0092699,P0354,Late Delivery,1066.24,2024-07-18
R009730,O0092700,P0966,Defective,1078.28,2025-03-29
R009731,O0092726,P1201,Changed Mind,82.12,2024-06-30
R009732,O0092726,P0147,Wrong Item,356.57,2024-07-10
R009733,O0092727,P0664,Late Delivery,849.41,2024-12-07
R009734,O0092729,P0488,Late Delivery,232.84,2026-05-16
R009735,O0092729,P0708,Changed Mind,594.61,2026-05-11
R009736,O0092729,P1139,Wrong Item,517.99,2026-05-12
R009737,O0092729,P1200,Wrong Item,78.3,2026-05-19
R009738,O0092752,P0914,Defective,1143.21,2025-05-16
R009739,O0092854,P1333,Late Delivery,664.9,2024-11-11
R009740,O0092854,P1180,Defective,235.94,2024-11-12
R009741,O0092871,P1248,Defective,171.13,2024-07-26
R009742,O0092897,P1450,Wrong Item,215.75,2026-07-12
R009743,O0092907,P1159,Defective,731.04,2025-01-26
R009744,O0092907,P1011,Late Delivery,1103.78,2025-01-31
R009745,O0092910,P0709,Late Delivery,890.59,2026-04-13
R009746,O0092964,P1027,Defective,1757.6,2025-08-11
R009747,O0092966,P0540,Late Delivery,977.92,2024-12-28
R009748,O0092979,P1433,Changed Mind,1412.15,2024-05-13
R009749,O0092981,P0250,Changed Mind,1500.82,2025-10-11
R009750,O0092983,P0659,Changed Mind,663.11,2024-03-16
R009751,O0092992,P0999,Wrong Item,809.81,2026-02-04
R009752,O0092992,P0823,Wrong Item,924.39,2026-02-05
R009753,O0093013,P1271,Late Delivery,460.78,2024-04-24
R009754,O0093013,P0311,Late Delivery,1207.47,2024-04-25
R009755,O0093025,P1260,Defective,1102.75,2025-08-08
R009756,O0093032,P0896,Wrong Item,405.47,2024-08-21
R009757,O0093054,P1145,Wrong Item,3747.74,2025-03-18
R009758,O0093089,P0345,Wrong Item,346.79,2025-08-12
R009759,O0093089,P0647,Wrong Item,479.53,2025-08-01
R009760,O0093095,P0517,Wrong Item,1056.25,2024-03-21
R009761,O0093109,P1022,Late Delivery,1082.32,2024-03-01
R009762,O0093109,P1234,Defective,145.34,2024-02-24
R009763,O0093119,P0220,Late Delivery,704.08,2025-04-05
R009764,O0093119,P1225,Wrong Item,106.88,2025-04-09
R009765,O0093128,P0266,Changed Mind,1236.93,2025-03-11
R009766,O0093169,P0705,Late Delivery,1181.95,2024-04-14
R009767,O0093173,P1495,Late Delivery,403.98,2026-08-16
R009768,O0093173,P0366,Late Delivery,279.51,2026-08-17
R009769,O0093173,P0346,Late Delivery,1646.53,2026-08-27
R009770,O0093173,P0616,Defective,1103.97,2026-08-27
R009771,O0093176,P0822,Defective,770.76,2025-08-11
R009772,O0093184,P1167,Defective,2705.89,2024-12-03
R009773,O0093193,P0627,Defective,866.67,2025-09-03
R009774,O0093204,P0974,Changed Mind,191.63,2026-01-04
R009775,O0093210,P1103,Late Delivery,439.73,2024-10-31
R009776,O0093232,P0650,Wrong Item,346.07,2025-04-11
R009777,O0093232,P1285,Late Delivery,526.55,2025-04-05
R009778,O0093247,P0816,Wrong Item,879.64,2026-08-20
R009779,O0093259,P1394,Defective,385.2,2024-04-17
R009780,O0093259,P0719,Defective,194.43,2024-04-24
R009781,O0093317,P0676,Defective,130.32,2025-02-25
R009782,O0093317,P1066,Defective,220.17,2025-03-02
R009783,O0093330,P1407,Wrong Item,785.47,2026-05-28
R009784,O0093330,P0502,Defective,750.76,2026-05-15
R009785,O0093335,P0248,Late Delivery,33.39,2026-07-23
R009786,O0093364,P1404,Wrong Item,499.76,2025-02-01
R009787,O0093389,P0912,Changed Mind,919.93,2025-05-01
R009788,O0093415,P0674,Changed Mind,705.26,2024-07-09
R009789,O0093415,P1356,Defective,998.01,2024-07-03
R009790,O0093422,P0043,Late Delivery,790.89,2025-03-06
R009791,O0093437,P1444,Wrong Item,271.78,2025-01-30
R009792,O0093447,P0760,Defective,1140.46,2024-05-04
R009793,O0093447,P0222,Wrong Item,756.29,2024-05-06
R009794,O0093448,P1240,Late Delivery,447.71,2025-10-17
R009795,O0093448,P0517,Late Delivery,2114.21,2025-10-17
R009796,O0093475,P0057,Wrong Item,931.62,2024-06-13
R009797,O0093475,P0643,Changed Mind,100.82,2024-06-15
R009798,O0093480,P0571,Defective,1287.59,2025-12-19
R009799,O0093480,P1466,Wrong Item,348.04,2025-12-14
R009800,O0093482,P1346,Changed Mind,222.66,2025-06-22
R009801,O0093482,P1096,Wrong Item,737.75,2025-06-16
R009802,O0093486,P0819,Defective,1171.68,2024-09-29
R009803,O0093491,P0723,Wrong Item,3103.0,2025-03-09
R009804,O0093491,P1370,Defective,1368.61,2025-03-08
R009805,O0093505,P1088,Changed Mind,821.33,2025-02-22
R009806,O0093518,P0940,Changed Mind,225.57,2025-02-20
R009807,O0093518,P0113,Changed Mind,2301.6,2025-02-10
R009808,O0093518,P1295,Wrong Item,822.03,2025-02-25
R009809,O0093528,P0174,Wrong Item,693.39,2026-08-12
R009810,O0093528,P0117,Late Delivery,720.51,2026-08-07
R009811,O0093538,P0044,Late Delivery,732.4,2025-03-17
R009812,O0093539,P0095,Changed Mind,471.31,2024-11-03
R009813,O0093543,P0715,Changed Mind,703.16,2026-05-17
R009814,O0093561,P1204,Wrong Item,4514.07,2024-02-29
R009815,O0093561,P0911,Wrong Item,479.73,2024-02-22
R009816,O0093561,P0826,Defective,638.83,2024-02-23
R009817,O0093594,P0113,Changed Mind,1132.99,2024-08-22
R009818,O0093613,P0712,Wrong Item,1367.28,2025-03-12
R009819,O0093614,P1126,Changed Mind,883.3,2024-07-27
R009820,O0093616,P1115,Defective,184.19,2026-08-03
R009821,O0093616,P1129,Changed Mind,961.4,2026-08-07
R009822,O0093616,P0429,Wrong Item,1704.66,2026-08-04
R009823,O0093660,P0346,Changed Mind,1431.85,2025-10-27
R009824,O0093707,P1464,Defective,2601.43,2026-08-17
R009825,O0093707,P0674,Changed Mind,1959.28,2026-08-16
R009826,O0093718,P1480,Late Delivery,878.77,2024-04-13
R009827,O0093718,P0780,Changed Mind,331.12,2024-04-01
R009828,O0093730,P1122,Changed Mind,566.66,2024-05-14
R009829,O0093758,P0513,Late Delivery,214.46,2025-02-23
R009830,O0093758,P0152,Changed Mind,1253.1,2025-03-05
R009831,O0093758,P1106,Late Delivery,217.28,2025-02-25
R009832,O0093759,P1451,Changed Mind,59.16,2026-09-08
R009833,O0093763,P1069,Changed Mind,1156.81,2026-01-14
R009834,O0093763,P0607,Changed Mind,382.81,2026-01-24
R009835,O0093768,P1448,Changed Mind,525.99,2024-03-07
R009836,O0093768,P0503,Wrong Item,2129.31,2024-02-29
R009837,O0093768,P0956,Defective,1561.6,2024-03-16
R009838,O0093774,P1014,Wrong Item,1751.93,2026-06-25
R009839,O0093785,P0113,Changed Mind,2475.91,2025-10-07
R009840,O0093794,P0652,Late Delivery,195.41,2026-02-27
R009841,O0093795,P1273,Changed Mind,466.51,2025-12-08
R009842,O0093795,P0569,Defective,1821.76,2025-12-02
R009843,O0093795,P1326,Defective,650.4,2025-12-08
R009844,O0093881,P1398,Changed Mind,620.37,2024-11-08
R009845,O0093882,P0356,Changed Mind,997.46,2026-07-09
R009846,O0093901,P1004,Defective,1145.67,2025-09-02
R009847,O0093918,P1216,Late Delivery,437.89,2024-03-10
R009848,O0093934,P0578,Defective,845.93,2025-08-28
R009849,O0093934,P1092,Late Delivery,1258.98,2025-08-12
R009850,O0093956,P1341,Wrong Item,1139.84,2024-08-19
R009851,O0093964,P0312,Late Delivery,1094.26,2025-08-14
R009852,O0093964,P0118,Wrong Item,348.45,2025-08-07
R009853,O0093969,P0287,Defective,2415.44,2024-01-28
R009854,O0093969,P0671,Changed Mind,302.85,2024-01-19
R009855,O0093975,P0729,Changed Mind,3758.23,2025-04-29
R009856,O0093975,P0807,Wrong Item,760.39,2025-04-29
R009857,O0093975,P0827,Wrong Item,822.19,2025-05-12
R009858,O0093998,P0703,Defective,561.74,2025-02-13
R009859,O0093998,P1234,Changed Mind,174.43,2025-01-29
R009860,O0093998,P1491,Defective,1642.26,2025-02-03
R009861,O0093998,P1091,Late Delivery,467.52,2025-02-08
R009862,O0093998,P1479,Late Delivery,2007.7,2025-01-29
R009863,O0094001,P0679,Late Delivery,1543.53,2025-03-03
R009864,O0094010,P0383,Changed Mind,932.87,2025-06-09
R009865,O0094010,P1323,Late Delivery,521.16,2025-05-31
R009866,O0094010,P1440,Defective,911.16,2025-06-12
R009867,O0094028,P0136,Defective,594.85,2024-06-16
R009868,O0094028,P0994,Changed Mind,1206.85,2024-06-13
R009869,O0094028,P0752,Changed Mind,1844.13,2024-06-03
R009870,O0094041,P0420,Late Delivery,983.12,2024-03-24
R009871,O0094085,P1030,Defective,406.03,2024-06-10
R009872,O0094085,P0597,Changed Mind,466.07,2024-06-15
R009873,O0094098,P0921,Defective,924.91,2024-01-14
R009874,O0094115,P0215,Changed Mind,2449.86,2025-05-25
R009875,O0094115,P0699,Changed Mind,1175.26,2025-05-31
R009876,O0094116,P0179,Changed Mind,70.98,2024-04-17
R009877,O0094129,P0505,Late Delivery,1466.07,2024-03-24
R009878,O0094132,P0512,Late Delivery,93.82,2025-01-08
R009879,O0094160,P0316,Wrong Item,1680.33,2024-06-30
R009880,O0094161,P1373,Late Delivery,505.84,2024-02-20
R009881,O0094165,P1496,Late Delivery,989.33,2026-07-22
R009882,O0094165,P0778,Wrong Item,270.83,2026-07-26
R009883,O0094165,P1112,Defective,2080.98,2026-07-18
R009884,O0094201,P1322,Wrong Item,1581.44,2024-05-28
R009885,O0094213,P0783,Wrong Item,3813.06,2025-07-24
R009886,O0094213,P1056,Wrong Item,359.98,2025-07-25
R009887,O0094213,P0314,Defective,1252.35,2025-07-13
R009888,O0094213,P0272,Changed Mind,1182.63,2025-07-16
R009889,O0094243,P0884,Changed Mind,179.6,2025-03-01
R009890,O0094269,P0118,Defective,399.8,2024-09-29
R009891,O0094276,P0917,Changed Mind,475.65,2026-05-21
R009892,O0094276,P0797,Changed Mind,3069.79,2026-05-24
R009893,O0094304,P0435,Wrong Item,1567.93,2026-06-18
R009894,O0094307,P1246,Changed Mind,959.77,2025-01-07
R009895,O0094315,P0501,Changed Mind,182.91,2026-03-28
R009896,O0094324,P0417,Wrong Item,19.45,2024-02-27
R009897,O0094346,P1420,Defective,1102.8,2025-08-09
R009898,O0094346,P0204,Defective,364.51,2025-07-29
R009899,O0094363,P0971,Changed Mind,813.39,2026-08-06
R009900,O0094365,P0557,Defective,209.74,2026-05-09
R009901,O0094371,P0565,Changed Mind,402.23,2025-12-06
R009902,O0094377,P1302,Changed Mind,1190.2,2025-08-21
R009903,O0094380,P0839,Wrong Item,289.9,2025-07-09
R009904,O0094380,P1296,Defective,818.14,2025-06-29
R009905,O0094385,P0935,Defective,740.56,2024-11-11
R009906,O0094394,P0455,Wrong Item,1946.4,2024-08-05
R009907,O0094394,P0691,Late Delivery,1939.04,2024-08-13
R009908,O0094394,P1319,Changed Mind,1203.79,2024-08-05
R009909,O0094398,P0293,Changed Mind,650.5,2025-05-18
R009910,O0094398,P1025,Changed Mind,40.66,2025-05-08
R009911,O0094398,P0771,Late Delivery,654.8,2025-05-09
R009912,O0094411,P1420,Defective,954.48,2024-01-23
R009913,O0094418,P0234,Defective,47.2,2026-06-30
R009914,O0094418,P1414,Wrong Item,1593.61,2026-06-14
R009915,O0094421,P0061,Late Delivery,706.72,2025-04-23
R009916,O0094430,P0614,Changed Mind,1001.11,2024-02-18
R009917,O0094430,P0171,Changed Mind,1094.91,2024-02-16
R009918,O0094448,P1355,Changed Mind,1926.22,2026-08-16
R009919,O0094468,P1302,Defective,1329.38,2024-06-24
R009920,O0094472,P0398,Changed Mind,789.9,2024-03-14
R009921,O0094500,P1354,Late Delivery,449.35,2026-04-04
R009922,O0094500,P1306,Defective,45.55,2026-04-02
R009923,O0094522,P1429,Late Delivery,901.12,2026-08-07
R009924,O0094531,P0932,Late Delivery,208.88,2024-02-19
R009925,O0094550,P0222,Changed Mind,765.89,2026-06-07
R009926,O0094561,P1203,Late Delivery,1213.51,2024-09-13
R009927,O0094569,P0281,Changed Mind,504.89,2026-07-06
R009928,O0094569,P0512,Late Delivery,105.2,2026-06-22
R009929,O0094580,P0427,Wrong Item,922.68,2025-03-22
R009930,O0094582,P1403,Defective,970.93,2024-11-09
R009931,O0094582,P0593,Wrong Item,517.3,2024-11-17
R009932,O0094587,P0133,Changed Mind,1167.77,2025-10-02
R009933,O0094607,P0210,Changed Mind,881.04,2024-07-14
R009934,O0094607,P1044,Defective,1767.09,2024-07-07
R009935,O0094619,P0986,Changed Mind,38.93,2024-07-23
R009936,O0094619,P0213,Changed Mind,2118.49,2024-07-27
R009937,O0094651,P0627,Changed Mind,837.81,2024-10-19
R009938,O0094651,P0199,Defective,826.67,2024-10-15
R009939,O0094668,P1002,Defective,803.0,2025-09-01
R009940,O0094678,P0850,Late Delivery,442.79,2026-01-08
R009941,O0094678,P1297,Late Delivery,1069.97,2026-01-06
R009942,O0094679,P0133,Changed Mind,1107.04,2025-05-31
R009943,O0094704,P0874,Defective,1251.35,2024-08-02
R009944,O0094716,P0673,Defective,251.73,2024-04-18
R009945,O0094716,P1391,Wrong Item,226.72,2024-04-14
R009946,O0094716,P0237,Late Delivery,961.0,2024-04-26
R009947,O0094722,P0438,Wrong Item,943.68,2024-01-17
R009948,O0094722,P0926,Late Delivery,879.11,2024-01-12
R009949,O0094726,P0580,Wrong Item,551.0,2024-10-25
R009950,O0094739,P1207,Changed Mind,443.73,2025-01-08
R009951,O0094739,P1168,Wrong Item,895.98,2025-01-04
R009952,O0094746,P0496,Late Delivery,2613.97,2024-11-06
R009953,O0094746,P0356,Late Delivery,950.67,2024-10-31
R009954,O0094775,P0504,Defective,2815.46,2024-09-16
R009955,O0094782,P0752,Wrong Item,846.9,2025-02-04
R009956,O0094791,P0400,Wrong Item,1158.82,2024-10-23
R009957,O0094795,P1060,Defective,680.34,2026-04-29
R009958,O0094807,P0164,Defective,74.95,2024-03-19
R009959,O0094820,P0212,Defective,1632.2,2026-05-17
R009960,O0094850,P0027,Defective,394.02,2024-07-13
R009961,O0094867,P0161,Late Delivery,604.21,2026-02-01
R009962,O0094874,P1436,Changed Mind,1601.72,2026-05-03
R009963,O0094903,P1384,Changed Mind,334.55,2025-08-14
R009964,O0094914,P0789,Wrong Item,1022.7,2026-08-19
R009965,O0094936,P0981,Wrong Item,259.71,2026-08-21
R009966,O0094948,P0860,Late Delivery,89.42,2025-04-01
R009967,O0094948,P1337,Changed Mind,941.93,2025-04-18
R009968,O0094974,P0474,Wrong Item,990.5,2025-08-30
R009969,O0094974,P0304,Late Delivery,1434.12,2025-08-19
R009970,O0094974,P0420,Defective,427.98,2025-08-29
R009971,O0094978,P1039,Wrong Item,940.48,2025-02-07
R009972,O0094978,P1131,Wrong Item,1148.68,2025-01-27
R009973,O0095005,P1235,Changed Mind,2568.32,2025-08-02
R009974,O0095009,P0260,Changed Mind,1284.58,2025-02-12
R009975,O0095009,P0694,Changed Mind,182.39,2025-02-05
R009976,O0095014,P1218,Wrong Item,1118.28,2026-09-09
R009977,O0095017,P0545,Defective,723.48,2025-10-12
R009978,O0095024,P1344,Late Delivery,1092.21,2026-01-15
R009979,O0095024,P0676,Defective,144.32,2026-01-05
R009980,O0095040,P1036,Wrong Item,860.51,2025-12-26
R009981,O0095040,P0914,Changed Mind,1952.12,2025-12-26
R009982,O0095040,P0276,Late Delivery,950.92,2026-01-09
R009983,O0095040,P1163,Defective,1024.78,2026-01-11
R009984,O0095040,P1428,Defective,140.21,2026-01-06
R009985,O0095045,P1399,Changed Mind,571.04,2024-11-25
R009986,O0095102,P1500,Defective,119.72,2025-10-17
R009987,O0095102,P0546,Changed Mind,1000.18,2025-10-31
R009988,O0095106,P0215,Changed Mind,1081.76,2024-01-19
R009989,O0095117,P1431,Wrong Item,907.57,2024-08-14
R009990,O0095119,P0623,Late Delivery,366.31,2025-04-18
R009991,O0095119,P0951,Defective,270.04,2025-04-11
R009992,O0095128,P0644,Changed Mind,573.31,2026-02-28
R009993,O0095128,P1386,Late Delivery,2507.51,2026-03-03
R009994,O0095177,P0286,Changed Mind,3676.9,2024-08-26
R009995,O0095177,P0843,Changed Mind,1038.31,2024-08-17
R009996,O0095181,P0647,Late Delivery,503.64,2026-05-15
R009997,O0095229,P0707,Late Delivery,861.39,2025-05-24
R009998,O0095229,P0754,Wrong Item,1059.19,2025-05-22
R009999,O0095239,P1352,Changed Mind,513.28,2025-03-30
R010000,O0095244,P1458,Wrong Item,867.71,2025-12-06
R010001,O0095266,P1405,Late Delivery,1009.35,2024-02-26
R010002,O0095266,P1259,Changed Mind,567.16,2024-02-24
R010003,O0095287,P0464,Defective,863.01,2025-06-20
R010004,O0095287,P1022,Late Delivery,2299.21,2025-06-23
R010005,O0095289,P1379,Changed Mind,1216.24,2026-07-09
R010006,O0095289,P0665,Changed Mind,362.07,2026-07-13
R010007,O0095315,P1214,Late Delivery,779.3,2025-09-28
R010008,O0095338,P0986,Defective,75.88,2024-05-24
R010009,O0095338,P1280,Late Delivery,99.31,2024-05-22
R010010,O0095341,P0529,Late Delivery,793.47,2026-04-29
R010011,O0095341,P1155,Wrong Item,304.89,2026-05-07
R010012,O0095341,P0521,Changed Mind,664.77,2026-05-09
R010013,O0095343,P0155,Late Delivery,2768.25,2026-05-18
R010014,O0095343,P0181,Defective,1255.49,2026-05-21
R010015,O0095344,P0226,Changed Mind,255.7,2025-03-29
R010016,O0095344,P0340,Changed Mind,547.6,2025-03-26
R010017,O0095350,P1051,Changed Mind,191.39,2024-08-13
R010018,O0095350,P0912,Defective,887.44,2024-08-17
R010019,O0095350,P0958,Late Delivery,148.63,2024-08-16
R010020,O0095373,P0456,Defective,530.47,2026-05-27
R010021,O0095373,P0701,Wrong Item,56.93,2026-06-07
R010022,O0095375,P0464,Defective,1093.53,2026-09-17
R010023,O0095375,P0485,Changed Mind,2258.42,2026-09-09
R010024,O0095375,P0970,Changed Mind,270.78,2026-09-08
R010025,O0095401,P0336,Changed Mind,29.45,2024-09-12
R010026,O0095401,P1128,Wrong Item,3037.87,2024-08-28
R010027,O0095407,P0202,Late Delivery,2017.71,2025-11-23
R010028,O0095428,P1482,Defective,830.97,2025-05-07
R010029,O0095436,P0447,Defective,782.62,2024-08-07
R010030,O0095464,P0285,Defective,74.81,2025-02-14
R010031,O0095464,P0313,Late Delivery,474.42,2025-02-24
R010032,O0095464,P0065,Defective,55.28,2025-02-22
R010033,O0095464,P1484,Late Delivery,842.95,2025-02-14
R010034,O0095472,P0423,Late Delivery,4280.81,2024-04-26
R010035,O0095476,P1118,Wrong Item,784.56,2025-11-01
R010036,O0095502,P0459,Changed Mind,642.27,2025-11-12
R010037,O0095504,P0508,Changed Mind,1345.77,2025-11-19
R010038,O0095514,P1108,Defective,286.56,2024-10-14
R010039,O0095542,P0303,Wrong Item,2919.34,2025-10-01
R010040,O0095542,P0612,Changed Mind,1269.18,2025-10-07
R010041,O0095542,P1106,Wrong Item,421.87,2025-09-27
R010042,O0095551,P0563,Defective,165.73,2026-05-14
R010043,O0095557,P1499,Changed Mind,505.09,2025-05-16
R010044,O0095557,P0744,Wrong Item,269.44,2025-05-31
R010045,O0095557,P1047,Defective,1012.69,2025-05-21
R010046,O0095565,P1486,Wrong Item,177.14,2025-09-09
R010047,O0095584,P1041,Defective,94.88,2026-09-14
R010048,O0095584,P0153,Changed Mind,2212.02,2026-09-10
R010049,O0095622,P0019,Changed Mind,162.88,2025-09-02
R010050,O0095627,P0075,Defective,203.29,2025-04-15
R010051,O0095645,P1338,Late Delivery,547.98,2025-04-11
R010052,O0095652,P0269,Late Delivery,256.36,2024-09-02
R010053,O0095654,P0382,Changed Mind,304.11,2025-08-20
R010054,O0095660,P0382,Changed Mind,343.65,2025-09-02
R010055,O0095668,P1029,Changed Mind,159.15,2026-08-11
R010056,O0095668,P0230,Late Delivery,1407.35,2026-08-13
R010057,O0095684,P1092,Changed Mind,651.17,2025-01-10
R010058,O0095684,P1331,Late Delivery,2484.2,2025-01-05
R010059,O0095691,P1033,Late Delivery,781.18,2026-08-09
R010060,O0095692,P0722,Wrong Item,2548.29,2026-06-25
R010061,O0095699,P1153,Changed Mind,817.19,2024-08-05
R010062,O0095714,P0723,Late Delivery,954.18,2025-05-21
R010063,O0095714,P1200,Late Delivery,79.76,2025-05-20
R010064,O0095714,P0115,Wrong Item,1250.95,2025-06-06
R010065,O0095727,P0179,Defective,77.44,2026-03-11
R010066,O0095727,P1000,Late Delivery,524.96,2026-03-26
R010067,O0095740,P1148,Changed Mind,771.75,2026-04-16
R010068,O0095748,P0957,Defective,1695.78,2026-02-28
R010069,O0095748,P1276,Changed Mind,633.15,2026-03-17
R010070,O0095748,P0570,Defective,648.54,2026-03-14
R010071,O0095758,P1260,Changed Mind,502.34,2026-04-22
R010072,O0095758,P1167,Defective,1128.02,2026-04-13
R010073,O0095760,P0315,Defective,861.03,2024-07-18
R010074,O0095760,P0922,Late Delivery,680.53,2024-07-19
R010075,O0095769,P1199,Wrong Item,520.1,2024-06-27
R010076,O0095781,P1081,Wrong Item,296.65,2025-09-05
R010077,O0095807,P0392,Changed Mind,1216.89,2026-03-29
R010078,O0095809,P1149,Late Delivery,702.36,2024-07-28
R010079,O0095809,P1007,Changed Mind,412.97,2024-08-10
R010080,O0095809,P1487,Wrong Item,760.03,2024-08-03
R010081,O0095828,P0294,Changed Mind,260.7,2025-08-01
R010082,O0095842,P0434,Defective,879.2,2025-01-03
R010083,O0095883,P1242,Wrong Item,866.26,2024-11-03
R010084,O0095885,P0074,Changed Mind,1338.63,2026-02-10
R010085,O0095885,P0930,Wrong Item,247.34,2026-02-13
R010086,O0095885,P0806,Defective,649.45,2026-02-10
R010087,O0095885,P0070,Late Delivery,1317.54,2026-02-05
R010088,O0095901,P1109,Late Delivery,706.64,2024-08-15
R010089,O0095904,P0199,Wrong Item,310.05,2026-02-24
R010090,O0095904,P1112,Defective,811.28,2026-02-26
R010091,O0095904,P1323,Wrong Item,545.19,2026-02-25
R010092,O0095918,P0283,Defective,790.74,2024-12-14
R010093,O0095928,P0338,Wrong Item,1044.29,2025-12-29
R010094,O0095928,P0574,Wrong Item,1230.27,2025-12-29
R010095,O0095928,P0629,Changed Mind,61.97,2026-01-06
R010096,O0095943,P1280,Changed Mind,109.24,2025-09-28
R010097,O0095964,P1080,Changed Mind,864.49,2025-07-25
R010098,O0095973,P0635,Late Delivery,140.7,2025-11-05
R010099,O0095973,P1480,Late Delivery,646.29,2025-10-27
R010100,O0095973,P0539,Defective,745.25,2025-11-04
R010101,O0095974,P0781,Late Delivery,1262.36,2025-08-19
R010102,O0096003,P1136,Changed Mind,91.94,2024-09-30
R010103,O0096015,P1224,Wrong Item,2620.2,2024-06-23
R010104,O0096015,P1175,Defective,2041.54,2024-06-19
R010105,O0096017,P1456,Defective,345.25,2025-07-16
R010106,O0096026,P0723,Late Delivery,1940.87,2024-08-30
R010107,O0096026,P1387,Changed Mind,847.37,2024-08-17
R010108,O0096026,P0122,Wrong Item,347.73,2024-08-29
R010109,O0096026,P0792,Defective,476.29,2024-08-19
R010110,O0096031,P1441,Wrong Item,441.83,2025-04-30
R010111,O0096031,P0168,Defective,1219.1,2025-04-24
R010112,O0096031,P0497,Changed Mind,4136.92,2025-05-07
R010113,O0096033,P1453,Defective,2077.96,2026-01-10
R010114,O0096034,P0540,Changed Mind,1067.25,2025-09-30
R010115,O0096044,P1406,Late Delivery,936.01,2026-03-07
R010116,O0096046,P1030,Defective,423.04,2025-06-07
R010117,O0096062,P0090,Late Delivery,902.21,2025-10-06
R010118,O0096068,P0104,Defective,574.11,2025-03-26
R010119,O0096079,P0231,Late Delivery,2426.66,2026-07-14
R010120,O0096081,P1308,Defective,1071.85,2026-06-14
R010121,O0096082,P0586,Late Delivery,24.72,2026-08-14
R010122,O0096082,P1113,Defective,1105.42,2026-08-07
R010123,O0096125,P1452,Defective,1407.55,2024-07-21
R010124,O0096133,P1189,Changed Mind,299.48,2024-07-17
R010125,O0096140,P0096,Wrong Item,705.89,2024-05-19
R010126,O0096167,P0674,Defective,656.42,2024-07-15
R010127,O0096167,P1362,Defective,719.58,2024-07-30
R010128,O0096180,P0511,Wrong Item,898.9,2024-05-25
R010129,O0096193,P1211,Defective,42.56,2024-10-19
R010130,O0096197,P1111,Wrong Item,2475.99,2024-06-06
R010131,O0096197,P1471,Changed Mind,924.91,2024-06-11
R010132,O0096206,P0451,Changed Mind,241.25,2025-07-25
R010133,O0096219,P1303,Wrong Item,2947.27,2024-08-10
R010134,O0096219,P0939,Defective,1799.86,2024-08-12
R010135,O0096251,P0713,Wrong Item,506.65,2024-07-01
R010136,O0096264,P0535,Late Delivery,959.49,2024-02-01
R010137,O0096291,P0760,Changed Mind,1026.13,2026-04-02
R010138,O0096291,P1205,Defective,1326.34,2026-04-05
R010139,O0096291,P0080,Defective,794.25,2026-04-05
R010140,O0096309,P0205,Changed Mind,947.29,2024-09-03
R010141,O0096309,P0616,Wrong Item,2001.56,2024-09-09
R010142,O0096324,P0134,Defective,630.99,2025-03-19
R010143,O0096332,P0928,Defective,658.0,2026-07-31
R010144,O0096337,P1104,Late Delivery,452.64,2024-03-16
R010145,O0096343,P0255,Wrong Item,745.97,2025-07-14
R010146,O0096343,P0466,Wrong Item,3876.86,2025-07-02
R010147,O0096343,P0264,Changed Mind,906.38,2025-07-01
R010148,O0096369,P0173,Wrong Item,1305.57,2026-05-24
R010149,O0096391,P0148,Wrong Item,607.0,2024-09-13
R010150,O0096391,P0032,Changed Mind,1259.45,2024-09-08
R010151,O0096397,P1159,Late Delivery,2821.79,2026-03-13
R010152,O0096430,P1004,Wrong Item,1166.19,2026-04-26
R010153,O0096440,P1425,Late Delivery,207.12,2025-08-12
R010154,O0096446,P0828,Changed Mind,1636.81,2025-10-01
R010155,O0096446,P1443,Wrong Item,653.49,2025-09-28
R010156,O0096448,P0631,Defective,644.32,2025-06-05
R010157,O0096448,P1411,Defective,1449.11,2025-06-13
R010158,O0096464,P0870,Defective,630.24,2025-07-30
R010159,O0096530,P0690,Late Delivery,1450.15,2024-06-19
R010160,O0096530,P1297,Late Delivery,916.32,2024-06-15
R010161,O0096543,P0823,Changed Mind,258.32,2026-02-08
R010162,O0096543,P1018,Late Delivery,1958.23,2026-02-06
R010163,O0096553,P0217,Defective,213.48,2024-07-11
R010164,O0096553,P0536,Wrong Item,854.04,2024-07-04
R010165,O0096553,P1250,Changed Mind,3755.98,2024-07-11
R010166,O0096563,P0622,Defective,982.38,2026-02-14
R010167,O0096563,P1268,Changed Mind,632.87,2026-02-16
R010168,O0096563,P1409,Wrong Item,1019.48,2026-02-20
R010169,O0096591,P1190,Changed Mind,973.5,2025-09-13
R010170,O0096594,P0701,Late Delivery,59.94,2026-04-12
R010171,O0096594,P0840,Wrong Item,1736.58,2026-04-14
R010172,O0096600,P0137,Changed Mind,582.66,2024-12-17
R010173,O0096601,P1258,Late Delivery,878.36,2026-08-31
R010174,O0096614,P0520,Defective,1340.37,2026-07-10
R010175,O0096614,P0308,Defective,308.56,2026-07-12
R010176,O0096614,P0950,Defective,867.51,2026-07-09
R010177,O0096614,P0320,Defective,1481.47,2026-07-04
R010178,O0096625,P0455,Defective,1131.04,2026-08-02
R010179,O0096625,P1371,Defective,1070.59,2026-08-02
R010180,O0096636,P0522,Changed Mind,1027.17,2024-03-25
R010181,O0096640,P0081,Defective,124.56,2026-03-14
R010182,O0096659,P1448,Defective,1133.48,2026-08-04
R010183,O0096664,P0081,Changed Mind,141.25,2024-11-22
R010184,O0096665,P0129,Late Delivery,4566.12,2026-09-07
R010185,O0096669,P0354,Defective,1164.34,2026-08-20
R010186,O0096669,P0781,Defective,1205.52,2026-09-01
R010187,O0096678,P0864,Changed Mind,193.28,2024-12-03
R010188,O0096682,P1131,Late Delivery,5151.7,2026-09-03
R010189,O0096685,P0994,Wrong Item,1141.44,2024-11-16
R010190,O0096701,P0560,Late Delivery,951.45,2024-09-27
R010191,O0096701,P0189,Defective,1342.65,2024-09-22
R010192,O0096701,P0713,Late Delivery,463.5,2024-09-29
R010193,O0096708,P0876,Defective,1786.45,2026-04-11
R010194,O0096708,P0057,Changed Mind,2240.8,2026-04-26
R010195,O0096708,P0493,Defective,761.67,2026-04-19
R010196,O0096710,P0131,Late Delivery,592.26,2024-09-12
R010197,O0096710,P0412,Defective,3499.91,2024-09-18
R010198,O0096779,P0037,Changed Mind,781.53,2024-12-29
R010199,O0096779,P0193,Changed Mind,251.31,2024-12-28
R010200,O0096782,P0116,Wrong Item,660.78,2025-09-23
R010201,O0096794,P0235,Defective,1152.56,2024-10-20
R010202,O0096795,P0111,Changed Mind,2439.03,2025-12-28
R010203,O0096827,P0879,Defective,1147.34,2026-02-09
R010204,O0096827,P0742,Late Delivery,771.4,2026-02-10
R010205,O0096845,P0576,Changed Mind,169.62,2026-03-09
R010206,O0096845,P0915,Changed Mind,185.6,2026-03-01
R010207,O0096851,P0123,Changed Mind,673.39,2026-06-14
R010208,O0096851,P1413,Late Delivery,736.77,2026-06-14
R010209,O0096880,P0846,Changed Mind,200.41,2025-12-29
R010210,O0096891,P0124,Changed Mind,1335.61,2024-03-06
R010211,O0096903,P0268,Late Delivery,324.44,2024-02-25
R010212,O0096914,P0289,Defective,302.28,2024-08-31
R010213,O0096914,P1409,Changed Mind,1114.85,2024-09-08
R010214,O0096952,P1027,Late Delivery,3116.81,2025-11-22
R010215,O0096957,P1324,Changed Mind,990.0,2026-03-24
R010216,O0096957,P0349,Late Delivery,1253.94,2026-03-20
R010217,O0096988,P0878,Late Delivery,389.93,2025-11-21
R010218,O0096995,P0958,Late Delivery,435.27,2026-04-25
R010219,O0097000,P0467,Late Delivery,165.41,2024-08-17
R010220,O0097009,P1382,Defective,317.02,2026-08-01
R010221,O0097014,P0802,Defective,647.06,2024-04-18
R010222,O0097020,P1037,Defective,569.3,2024-02-09
R010223,O0097020,P0605,Wrong Item,726.84,2024-02-18
R010224,O0097046,P0284,Defective,387.99,2024-12-12
R010225,O0097046,P1342,Wrong Item,2427.82,2024-12-13
R010226,O0097046,P0841,Defective,1266.35,2024-12-15
R010227,O0097056,P0799,Wrong Item,706.39,2025-08-11
R010228,O0097069,P0375,Late Delivery,857.86,2026-06-30
R010229,O0097085,P1172,Defective,750.02,2026-07-20
R010230,O0097085,P0211,Wrong Item,752.89,2026-07-09
R010231,O0097100,P0515,Changed Mind,2683.37,2024-05-30
R010232,O0097126,P0918,Late Delivery,359.07,2025-12-12
R010233,O0097143,P0941,Wrong Item,903.24,2024-03-08
R010234,O0097155,P1467,Changed Mind,471.27,2025-06-21
R010235,O0097155,P0123,Defective,609.26,2025-06-29
R010236,O0097155,P0720,Wrong Item,389.87,2025-06-20
R010237,O0097155,P1241,Changed Mind,54.99,2025-07-05
R010238,O0097178,P0284,Late Delivery,533.81,2025-08-06
R010239,O0097191,P0493,Wrong Item,754.27,2026-04-13
R010240,O0097191,P0160,Changed Mind,557.28,2026-04-15
R010241,O0097210,P0802,Defective,711.52,2024-11-09
R010242,O0097210,P0649,Wrong Item,688.8,2024-11-18
R010243,O0097233,P0713,Changed Mind,524.97,2024-07-05
R010244,O0097240,P1127,Changed Mind,451.22,2025-01-24
R010245,O0097270,P1481,Defective,823.07,2025-03-30
R010246,O0097270,P1427,Late Delivery,269.44,2025-03-22
R010247,O0097280,P0799,Changed Mind,701.69,2025-12-24
R010248,O0097280,P1439,Defective,950.11,2025-12-22
R010249,O0097298,P1388,Late Delivery,534.93,2024-10-05
R010250,O0097298,P0132,Changed Mind,2306.76,2024-09-28
R010251,O0097298,P0394,Late Delivery,928.65,2024-10-05
R010252,O0097326,P0564,Wrong Item,677.92,2024-06-01
R010253,O0097326,P0284,Wrong Item,189.42,2024-06-03
R010254,O0097327,P1484,Wrong Item,1606.82,2025-12-12
R010255,O0097341,P0130,Wrong Item,593.06,2024-08-24
R010256,O0097353,P0829,Defective,1236.98,2024-11-16
R010257,O0097357,P0022,Wrong Item,844.17,2025-08-03
R010258,O0097367,P0949,Wrong Item,242.55,2024-05-18
R010259,O0097369,P0493,Defective,753.08,2024-07-02
R010260,O0097369,P0256,Changed Mind,2140.97,2024-06-26
R010261,O0097397,P0511,Wrong Item,829.05,2024-02-18
R010262,O0097436,P0543,Wrong Item,106.21,2024-05-16
R010263,O0097436,P1337,Late Delivery,1047.28,2024-05-14
R010264,O0097436,P0320,Changed Mind,1395.25,2024-05-16
R010265,O0097456,P1493,Changed Mind,1128.68,2024-04-14
R010266,O0097456,P1104,Defective,498.17,2024-04-19
R010267,O0097490,P0173,Defective,1203.19,2024-09-16
R010268,O0097493,P0291,Wrong Item,533.35,2026-09-08
R010269,O0097589,P0029,Late Delivery,1426.96,2024-12-26
R010270,O0097612,P0728,Late Delivery,1065.4,2026-09-02
R010271,O0097633,P0739,Wrong Item,188.6,2025-04-07
R010272,O0097633,P0280,Late Delivery,3729.97,2025-03-31
R010273,O0097633,P1201,Changed Mind,77.98,2025-04-08
R010274,O0097648,P1182,Changed Mind,845.43,2024-01-27
R010275,O0097670,P1324,Changed Mind,495.44,2025-10-01
R010276,O0097681,P0604,Late Delivery,1704.08,2025-02-06
R010277,O0097693,P0649,Changed Mind,1663.02,2026-05-12
R010278,O0097693,P0666,Changed Mind,259.78,2026-05-04
R010279,O0097706,P0811,Late Delivery,697.66,2024-05-03
R010280,O0097714,P1399,Changed Mind,515.71,2025-09-27
R010281,O0097720,P0851,Defective,2368.08,2026-02-08
R010282,O0097727,P1450,Late Delivery,105.72,2024-06-29
R010283,O0097735,P1292,Changed Mind,358.49,2026-07-20
R010284,O0097735,P0731,Wrong Item,793.78,2026-07-20
R010285,O0097739,P0219,Wrong Item,432.65,2024-10-14
R010286,O0097743,P0297,Changed Mind,50.63,2024-08-27
R010287,O0097751,P0323,Defective,256.12,2025-02-18
R010288,O0097764,P0648,Changed Mind,168.06,2025-07-13
R010289,O0097793,P1483,Defective,2228.76,2025-12-10
R010290,O0097798,P0180,Late Delivery,854.09,2025-04-06
R010291,O0097809,P0539,Defective,661.86,2024-11-22
R010292,O0097809,P0914,Late Delivery,1022.6,2024-11-20
R010293,O0097817,P1410,Wrong Item,139.96,2024-05-28
R010294,O0097820,P0947,Defective,307.1,2026-01-06
R010295,O0097820,P1258,Late Delivery,872.31,2026-01-09
R010296,O0097851,P0895,Wrong Item,584.68,2024-09-17
R010297,O0097882,P0035,Late Delivery,2290.11,2024-11-28
R010298,O0097882,P1114,Late Delivery,866.22,2024-11-29
R010299,O0097921,P0355,Defective,569.3,2025-10-31
R010300,O0097964,P0829,Defective,1203.21,2026-07-01
R010301,O0097989,P0611,Late Delivery,1019.08,2026-01-27
R010302,O0097989,P1191,Late Delivery,2838.22,2026-01-27
R010303,O0098007,P1055,Defective,1438.6,2025-02-13
R010304,O0098022,P0597,Defective,475.84,2026-05-25
R010305,O0098022,P0847,Changed Mind,270.76,2026-05-19
R010306,O0098024,P0886,Wrong Item,359.16,2024-01-15
R010307,O0098027,P0697,Changed Mind,1292.41,2024-08-28
R010308,O0098080,P1455,Late Delivery,430.82,2024-12-16
R010309,O0098085,P0900,Late Delivery,492.62,2025-03-03
R010310,O0098085,P0976,Changed Mind,504.79,2025-02-22
R010311,O0098087,P0249,Wrong Item,1976.76,2025-01-03
R010312,O0098092,P1097,Changed Mind,891.24,2024-12-27
R010313,O0098092,P1018,Defective,825.52,2024-12-29
R010314,O0098092,P0449,Wrong Item,19.33,2024-12-30
R010315,O0098095,P0355,Changed Mind,709.59,2026-04-27
R010316,O0098100,P0990,Late Delivery,866.26,2025-05-29
R010317,O0098144,P1147,Wrong Item,77.92,2024-07-02
R010318,O0098165,P0181,Changed Mind,1235.33,2024-08-05
R010319,O0098169,P0453,Wrong Item,1011.8,2026-04-13
R010320,O0098173,P0740,Defective,79.91,2024-01-22
R010321,O0098173,P0065,Wrong Item,52.1,2024-01-27
R010322,O0098173,P0438,Late Delivery,843.52,2024-02-01
R010323,O0098195,P0058,Changed Mind,868.47,2026-04-08
R010324,O0098213,P0945,Wrong Item,851.21,2024-12-16
R010325,O0098216,P0944,Late Delivery,431.37,2026-04-27
R010326,O0098216,P0021,Wrong Item,730.6,2026-04-27
R010327,O0098221,P0811,Changed Mind,2196.25,2024-12-28
R010328,O0098259,P0459,Defective,625.29,2026-05-29
R010329,O0098259,P0815,Defective,1777.32,2026-06-02
R010330,O0098281,P0387,Changed Mind,2569.38,2025-10-05
R010331,O0098294,P1484,Wrong Item,787.99,2024-05-30
R010332,O0098330,P0780,Wrong Item,371.44,2025-09-27
R010333,O0098330,P1273,Changed Mind,462.58,2025-10-01
R010334,O0098330,P0690,Wrong Item,1429.99,2025-10-09
R010335,O0098331,P1116,Wrong Item,711.39,2025-10-22
R010336,O0098331,P0579,Changed Mind,1021.27,2025-10-11
R010337,O0098334,P0374,Wrong Item,534.41,2024-12-28
R010338,O0098348,P1451,Defective,79.45,2025-07-15
R010339,O0098355,P0787,Wrong Item,364.52,2024-08-12
R010340,O0098355,P0022,Defective,841.47,2024-08-25
R010341,O0098398,P1270,Defective,153.6,2026-03-17
R010342,O0098442,P1392,Late Delivery,701.35,2026-01-10
R010343,O0098442,P0673,Defective,753.13,2026-01-14
R010344,O0098442,P1092,Wrong Item,746.59,2026-01-24
R010345,O0098444,P1030,Changed Mind,404.88,2024-11-24
R010346,O0098458,P1203,Defective,1116.23,2025-09-21
R010347,O0098468,P1368,Changed Mind,965.0,2025-02-16
R010348,O0098468,P0224,Late Delivery,214.4,2025-02-06
R010349,O0098473,P0506,Late Delivery,139.98,2025-01-15
R010350,O0098473,P1225,Changed Mind,199.49,2025-01-22
R010351,O0098485,P0434,Defective,760.61,2024-04-09
R010352,O0098485,P1227,Wrong Item,226.26,2024-04-07
R010353,O0098491,P0637,Wrong Item,197.77,2026-03-08
R010354,O0098521,P0759,Late Delivery,1151.91,2026-02-25
R010355,O0098533,P0679,Late Delivery,587.63,2025-09-01
R010356,O0098533,P1186,Changed Mind,375.7,2025-09-02
R010357,O0098535,P0973,Changed Mind,131.14,2024-04-01
R010358,O0098563,P0398,Defective,832.77,2025-02-03
R010359,O0098628,P1067,Changed Mind,710.28,2024-10-29
R010360,O0098628,P1062,Defective,39.37,2024-11-06
R010361,O0098640,P1156,Defective,261.98,2026-05-13
R010362,O0098667,P0675,Wrong Item,165.87,2025-01-19
R010363,O0098699,P1036,Late Delivery,442.09,2025-12-02
R010364,O0098699,P1419,Late Delivery,990.99,2025-11-30
R010365,O0098701,P0259,Late Delivery,1218.91,2024-08-03
R010366,O0098714,P0446,Defective,1881.99,2025-05-13
R010367,O0098731,P0929,Defective,654.31,2025-07-30
R010368,O0098731,P0090,Defective,904.96,2025-07-24
R010369,O0098731,P0770,Defective,941.59,2025-07-31
R010370,O0098740,P1425,Wrong Item,228.17,2024-06-18
R010371,O0098741,P1279,Defective,2237.91,2024-08-29
R010372,O0098761,P1314,Changed Mind,1136.4,2026-08-12
R010373,O0098763,P0338,Changed Mind,277.22,2024-07-25
R010374,O0098763,P0223,Changed Mind,2710.92,2024-07-22
R010375,O0098763,P1007,Late Delivery,373.46,2024-07-18
R010376,O0098767,P0879,Changed Mind,1206.25,2025-03-17
R010377,O0098767,P1062,Late Delivery,38.21,2025-03-19
R010378,O0098767,P1385,Defective,460.75,2025-03-20
R010379,O0098776,P0764,Wrong Item,1149.1,2026-02-18
R010380,O0098784,P0516,Late Delivery,78.75,2026-03-05
R010381,O0098786,P1149,Wrong Item,1519.15,2026-07-11
R010382,O0098786,P1005,Wrong Item,2208.02,2026-07-18
R010383,O0098789,P0697,Defective,1336.3,2024-11-28
R010384,O0098789,P0962,Changed Mind,300.63,2024-11-29
R010385,O0098806,P0338,Late Delivery,274.23,2024-03-18
R010386,O0098806,P0430,Defective,299.94,2024-03-30
R010387,O0098833,P1228,Defective,1004.7,2024-09-25
R010388,O0098848,P0345,Wrong Item,410.39,2025-09-29
R010389,O0098848,P0853,Wrong Item,881.99,2025-10-14
R010390,O0098848,P0343,Late Delivery,690.64,2025-10-10
R010391,O0098856,P0280,Wrong Item,1232.49,2026-08-26
R010392,O0098878,P0501,Defective,99.09,2026-01-18
R010393,O0098892,P0039,Wrong Item,1131.53,2024-07-27
R010394,O0098892,P0278,Wrong Item,857.98,2024-07-19
R010395,O0098902,P1278,Changed Mind,956.54,2025-12-21
R010396,O0098902,P0545,Late Delivery,2766.73,2025-12-15
R010397,O0098920,P1367,Changed Mind,800.97,2026-06-09
R010398,O0098925,P0377,Wrong Item,968.49,2026-05-15
R010399,O0098925,P1330,Late Delivery,215.53,2026-05-11
R010400,O0098932,P1141,Late Delivery,678.85,2026-04-22
R010401,O0098932,P0939,Defective,805.33,2026-04-11
R010402,O0098932,P1097,Changed Mind,1722.01,2026-04-10
R010403,O0098951,P0516,Wrong Item,70.49,2025-03-20
R010404,O0098951,P0325,Late Delivery,961.95,2025-03-04
R010405,O0098956,P0711,Changed Mind,881.18,2026-03-17
R010406,O0098956,P0228,Wrong Item,2616.07,2026-03-16
R010407,O0098956,P1194,Changed Mind,988.11,2026-03-12
R010408,O0098956,P0701,Defective,65.76,2026-03-13
R010409,O0098973,P0450,Late Delivery,1027.31,2026-09-13
R010410,O0098977,P1282,Changed Mind,1406.57,2026-08-11
R010411,O0098995,P0970,Changed Mind,558.59,2025-02-17
R010412,O0099050,P0750,Late Delivery,309.11,2024-09-23
R010413,O0099067,P1077,Late Delivery,225.81,2025-02-25
R010414,O0099067,P0246,Changed Mind,458.21,2025-02-28
R010415,O0099100,P1477,Late Delivery,544.59,2026-04-22
R010416,O0099130,P0661,Changed Mind,1180.35,2025-06-11
R010417,O0099138,P0863,Wrong Item,842.2,2026-01-21
R010418,O0099170,P0174,Defective,771.38,2025-06-25
R010419,O0099183,P0952,Late Delivery,292.1,2025-08-10
R010420,O0099183,P0800,Defective,3822.51,2025-07-24
R010421,O0099199,P0540,Late Delivery,1009.83,2025-06-06
R010422,O0099216,P0462,Wrong Item,244.49,2024-09-05
R010423,O0099228,P0018,Late Delivery,475.69,2026-03-21
R010424,O0099262,P0317,Late Delivery,104.61,2024-03-27
R010425,O0099264,P1086,Defective,764.43,2025-10-10
R010426,O0099289,P1049,Changed Mind,1076.64,2025-03-16
R010427,O0099305,P0802,Defective,579.68,2025-04-01
R010428,O0099322,P1333,Late Delivery,607.91,2025-05-08
R010429,O0099334,P0013,Defective,505.94,2024-08-17
R010430,O0099339,P0235,Late Delivery,3127.46,2025-04-03
R010431,O0099341,P0555,Changed Mind,1913.49,2025-12-24
R010432,O0099341,P0792,Wrong Item,437.65,2025-12-19
R010433,O0099353,P0311,Late Delivery,1221.61,2025-10-26
R010434,O0099353,P0843,Changed Mind,2337.37,2025-10-31
R010435,O0099353,P0632,Changed Mind,545.81,2025-11-04
R010436,O0099357,P0128,Defective,1166.1,2025-06-22
R010437,O0099357,P0071,Changed Mind,107.88,2025-06-29
R010438,O0099468,P1021,Late Delivery,685.97,2024-04-10
R010439,O0099468,P0733,Late Delivery,317.6,2024-04-08
R010440,O0099468,P0583,Late Delivery,558.28,2024-03-30
R010441,O0099496,P0557,Changed Mind,188.63,2025-02-11
R010442,O0099496,P0903,Defective,885.85,2025-02-05
R010443,O0099534,P0478,Defective,929.02,2024-05-29
R010444,O0099538,P1231,Changed Mind,487.0,2025-12-10
R010445,O0099538,P1343,Changed Mind,623.29,2025-12-10
R010446,O0099544,P0418,Defective,3946.34,2025-02-10
R010447,O0099566,P0168,Late Delivery,667.49,2026-01-21
R010448,O0099574,P1142,Defective,616.03,2025-07-22
R010449,O0099574,P1461,Wrong Item,1075.32,2025-07-10
R010450,O0099574,P0543,Defective,442.21,2025-07-14
R010451,O0099599,P0814,Changed Mind,387.8,2026-07-07
R010452,O0099599,P0065,Defective,95.29,2026-07-02
R010453,O0099599,P0518,Changed Mind,523.27,2026-07-14
R010454,O0099599,P0822,Late Delivery,873.01,2026-07-02
R010455,O0099603,P1383,Late Delivery,1674.51,2026-02-15
R010456,O0099603,P1108,Defective,255.45,2026-02-05
R010457,O0099608,P1129,Defective,3146.28,2026-07-23
R010458,O0099616,P1036,Changed Mind,219.72,2025-10-18
R010459,O0099624,P1228,Changed Mind,1007.16,2024-08-18
R010460,O0099632,P0924,Wrong Item,520.13,2026-01-31
R010461,O0099634,P0020,Defective,746.96,2024-01-20
R010462,O0099634,P1221,Defective,3121.83,2024-01-22
R010463,O0099649,P1083,Wrong Item,764.62,2026-02-09
R010464,O0099652,P1199,Wrong Item,971.97,2025-04-26
R010465,O0099688,P0822,Wrong Item,234.16,2025-03-17
R010466,O0099711,P0762,Defective,728.15,2026-06-18
R010467,O0099713,P0988,Late Delivery,1218.68,2026-08-17
R010468,O0099718,P0443,Defective,892.89,2025-09-25
R010469,O0099718,P0669,Late Delivery,697.74,2025-09-23
R010470,O0099766,P0651,Defective,584.51,2025-10-12
R010471,O0099797,P1193,Late Delivery,301.03,2024-02-19
R010472,O0099797,P1454,Defective,2479.72,2024-02-21
R010473,O0099797,P0773,Defective,166.07,2024-02-27
R010474,O0099797,P0034,Changed Mind,728.75,2024-02-22
R010475,O0099830,P0571,Defective,1365.47,2024-04-26
R010476,O0099832,P0736,Changed Mind,652.72,2024-11-29
R010477,O0099832,P0598,Defective,2453.84,2024-12-13
R010478,O0099835,P1249,Late Delivery,678.2,2024-04-04
R010479,O0099835,P0126,Changed Mind,55.01,2024-04-07
R010480,O0099865,P1487,Changed Mind,1671.25,2024-12-09
R010481,O0099865,P0895,Wrong Item,604.28,2024-12-04
R010482,O0099887,P0805,Wrong Item,20.41,2024-08-28
R010483,O0099898,P1005,Changed Mind,1631.22,2026-04-03
R010484,O0099899,P0250,Defective,654.93,2026-06-20
R010485,O0099966,P0876,Defective,3431.52,2025-09-02
R010486,O0099990,P0417,Late Delivery,18.69,2025-04-21
R010487,O0100016,P0265,Changed Mind,950.61,2025-01-24
R010488,O0100016,P1408,Defective,664.95,2025-01-14
R010489,O0100018,P0787,Late Delivery,415.59,2025-07-01
R010490,O0100018,P1343,Changed Mind,1884.73,2025-06-25
R010491,O0100026,P1108,Changed Mind,528.98,2024-09-18
R010492,O0100026,P0835,Wrong Item,489.95,2024-09-11
R010493,O0100039,P0980,Wrong Item,2823.09,2026-05-28
R010494,O0100039,P0853,Changed Mind,1095.14,2026-05-26
R010495,O0100039,P1139,Changed Mind,243.67,2026-05-17
R010496,O0100039,P1073,Defective,3846.24,2026-05-27
R010497,O0100063,P0819,Defective,441.34,2026-08-21
R010498,O0100063,P0261,Wrong Item,1669.73,2026-08-17
R010499,O0100063,P1484,Defective,873.6,2026-08-23
R010500,O0100063,P1339,Defective,493.34,2026-08-25
R010501,O0100081,P1111,Late Delivery,2763.79,2025-02-19
R010502,O0100081,P0274,Late Delivery,534.49,2025-02-19
R010503,O0100102,P0663,Wrong Item,788.78,2025-12-04
R010504,O0100108,P1216,Changed Mind,980.3,2024-03-17
R010505,O0100111,P1410,Late Delivery,591.37,2024-09-24
R010506,O0100111,P1004,Defective,2437.68,2024-09-09
R010507,O0100134,P0611,Defective,550.46,2024-02-03
R010508,O0100156,P0595,Wrong Item,1638.98,2025-04-27
R010509,O0100162,P0108,Changed Mind,1134.29,2024-10-23
R010510,O0100175,P1388,Late Delivery,1011.73,2024-02-23
R010511,O0100200,P0053,Defective,564.28,2025-10-23
R010512,O0100200,P1416,Wrong Item,755.78,2025-10-27
R010513,O0100204,P0239,Late Delivery,156.2,2025-02-13
R010514,O0100210,P0410,Late Delivery,1026.49,2024-08-03
R010515,O0100225,P0770,Defective,1046.55,2024-10-14
R010516,O0100225,P0949,Defective,237.57,2024-10-08
R010517,O0100225,P0127,Wrong Item,607.35,2024-10-23
R010518,O0100225,P1217,Changed Mind,543.4,2024-10-08
R010519,O0100251,P0400,Late Delivery,1287.15,2024-08-04
R010520,O0100251,P0566,Wrong Item,1202.27,2024-07-22
R010521,O0100251,P0148,Late Delivery,1063.36,2024-07-22
R010522,O0100260,P0496,Late Delivery,1126.45,2026-01-01
R010523,O0100260,P0126,Changed Mind,60.42,2025-12-19
R010524,O0100260,P0870,Changed Mind,594.93,2025-12-23
R010525,O0100295,P0693,Wrong Item,1433.68,2025-12-24
R010526,O0100295,P0411,Wrong Item,4052.47,2026-01-02
R010527,O0100331,P0852,Late Delivery,1342.6,2026-02-01
R010528,O0100331,P0195,Wrong Item,458.31,2026-02-15
R010529,O0100340,P0316,Changed Mind,833.27,2024-05-19
R010530,O0100361,P0435,Late Delivery,827.37,2026-06-16
R010531,O0100364,P0877,Changed Mind,471.02,2024-02-07
R010532,O0100375,P1174,Defective,384.6,2024-10-30
R010533,O0100392,P0544,Defective,4220.95,2024-09-23
R010534,O0100392,P0599,Wrong Item,1645.49,2024-10-02
R010535,O0100409,P1459,Late Delivery,1945.73,2026-02-07
R010536,O0100409,P1338,Late Delivery,571.58,2026-02-14
R010537,O0100411,P1363,Late Delivery,2519.06,2024-08-13
R010538,O0100414,P0072,Changed Mind,913.44,2024-05-16
R010539,O0100414,P0710,Defective,380.01,2024-05-26
R010540,O0100445,P0148,Late Delivery,544.03,2024-12-20
R010541,O0100445,P1496,Changed Mind,1955.59,2024-12-21
R010542,O0100487,P0703,Defective,568.82,2025-02-13
R010543,O0100495,P1036,Wrong Item,217.17,2025-05-23
R010544,O0100518,P0446,Late Delivery,2013.56,2024-08-05
R010545,O0100518,P1489,Changed Mind,978.49,2024-08-06
R010546,O0100518,P1251,Defective,369.31,2024-07-28
R010547,O0100533,P0564,Late Delivery,2080.85,2025-02-20
R010548,O0100551,P0650,Wrong Item,430.38,2025-12-10
R010549,O0100551,P0640,Wrong Item,235.32,2025-11-24
R010550,O0100567,P0302,Defective,3052.72,2025-06-14
R010551,O0100614,P1353,Changed Mind,1152.02,2025-09-19
R010552,O0100617,P0785,Defective,4138.69,2025-02-22
R010553,O0100617,P0518,Defective,523.27,2025-02-22
R010554,O0100625,P0810,Defective,756.69,2025-08-21
R010555,O0100625,P1084,Late Delivery,382.11,2025-08-15
R010556,O0100630,P0594,Changed Mind,474.77,2026-07-17
R010557,O0100652,P0605,Defective,1051.99,2024-01-29
R010558,O0100652,P0818,Changed Mind,802.44,2024-02-02
R010559,O0100655,P0196,Wrong Item,301.61,2024-02-05
R010560,O0100655,P0084,Changed Mind,1499.05,2024-02-04
R010561,O0100667,P0747,Wrong Item,813.82,2025-12-18
R010562,O0100672,P0855,Changed Mind,591.57,2024-02-10
R010563,O0100683,P1305,Wrong Item,1176.0,2026-06-07
R010564,O0100690,P1489,Late Delivery,2217.78,2024-06-19
R010565,O0100696,P0129,Wrong Item,1055.39,2026-03-02
R010566,O0100706,P1003,Changed Mind,278.02,2026-03-27
R010567,O0100706,P1272,Late Delivery,209.23,2026-03-26
R010568,O0100722,P0773,Wrong Item,49.23,2026-09-03
R010569,O0100723,P1467,Wrong Item,825.08,2025-10-14
R010570,O0100747,P1094,Changed Mind,540.64,2026-09-18
R010571,O0100747,P1317,Changed Mind,2607.01,2026-09-06
R010572,O0100747,P0165,Defective,321.11,2026-09-03
R010573,O0100747,P0345,Wrong Item,400.76,2026-09-08
R010574,O0100768,P0437,Wrong Item,621.62,2025-01-05
R010575,O0100768,P0767,Changed Mind,62.44,2025-01-04
R010576,O0100791,P0647,Wrong Item,529.79,2026-06-23
R010577,O0100802,P0924,Late Delivery,490.29,2024-10-22
R010578,O0100802,P0906,Late Delivery,640.83,2024-10-29
R010579,O0100802,P1442,Late Delivery,1277.0,2024-10-24
R010580,O0100803,P1362,Defective,809.85,2026-01-22
R010581,O0100803,P0411,Changed Mind,5045.89,2026-01-22
R010582,O0100823,P1237,Defective,709.93,2026-03-18
R010583,O0100838,P1194,Wrong Item,1751.75,2025-08-10
R010584,O0100879,P0937,Late Delivery,156.45,2026-08-14
R010585,O0100896,P0243,Wrong Item,821.64,2024-10-20
R010586,O0100899,P1442,Late Delivery,1378.97,2025-07-21
R010587,O0100913,P0478,Changed Mind,433.08,2025-08-15
R010588,O0100952,P0422,Changed Mind,779.11,2024-04-05
R010589,O0100963,P0340,Wrong Item,552.76,2025-06-22
R010590,O0100963,P0667,Changed Mind,349.92,2025-06-25
R010591,O0100963,P0465,Changed Mind,1217.74,2025-06-23
R010592,O0100978,P0030,Wrong Item,469.89,2026-01-16
R010593,O0100978,P1320,Late Delivery,1157.49,2026-01-20
R010594,O0100978,P0623,Changed Mind,380.62,2026-01-25
R010595,O0100989,P1025,Late Delivery,59.75,2024-10-03
R010596,O0101018,P0911,Defective,468.73,2025-12-17
R010597,O0101018,P0872,Defective,1543.15,2025-12-27
R010598,O0101018,P0593,Defective,573.44,2025-12-19
R010599,O0101060,P0508,Changed Mind,1459.62,2025-11-06
R010600,O0101060,P0749,Changed Mind,930.9,2025-11-15
R010601,O0101060,P0680,Wrong Item,483.91,2025-11-14
R010602,O0101063,P0309,Defective,1336.97,2024-10-16
R010603,O0101099,P0357,Wrong Item,970.1,2025-08-23
R010604,O0101099,P0042,Wrong Item,1165.13,2025-08-31
R010605,O0101099,P1298,Late Delivery,1168.88,2025-08-18
R010606,O0101099,P1361,Changed Mind,291.27,2025-08-31
R010607,O0101116,P0117,Wrong Item,652.77,2025-07-13
R010608,O0101116,P0970,Wrong Item,235.43,2025-07-10
R010609,O0101137,P1208,Defective,305.53,2026-04-10
R010610,O0101137,P0944,Wrong Item,380.66,2026-04-04
R010611,O0101137,P0256,Wrong Item,2185.78,2026-03-27
R010612,O0101150,P0883,Wrong Item,679.1,2024-11-24
R010613,O0101171,P1379,Defective,4163.22,2026-09-05
R010614,O0101171,P1354,Defective,476.56,2026-09-15
R010615,O0101171,P1435,Late Delivery,843.54,2026-09-02
R010616,O0101178,P0931,Late Delivery,605.47,2025-08-18
R010617,O0101223,P0570,Changed Mind,630.14,2024-09-02
R010618,O0101224,P0921,Wrong Item,844.56,2024-08-11
R010619,O0101224,P1003,Wrong Item,671.63,2024-07-31
R010620,O0101224,P0534,Wrong Item,820.43,2024-07-26
R010621,O0101224,P0687,Late Delivery,1007.17,2024-08-02
R010622,O0101269,P0711,Wrong Item,888.7,2024-06-04
R010623,O0101275,P0284,Changed Mind,518.65,2024-06-21
R010624,O0101275,P0363,Wrong Item,1109.87,2024-06-23
R010625,O0101284,P1358,Late Delivery,1256.5,2024-03-28
R010626,O0101284,P1357,Wrong Item,489.5,2024-03-25
R010627,O0101291,P1262,Changed Mind,2187.55,2025-03-01
R010628,O0101291,P0382,Wrong Item,333.06,2025-03-06
R010629,O0101342,P0086,Changed Mind,654.28,2026-08-26
R010630,O0101342,P0693,Changed Mind,747.84,2026-08-28
R010631,O0101364,P0088,Changed Mind,949.7,2025-10-15
R010632,O0101364,P0698,Late Delivery,189.9,2025-10-12
R010633,O0101373,P1079,Changed Mind,943.09,2024-08-25
R010634,O0101373,P0508,Wrong Item,1282.71,2024-08-30
R010635,O0101378,P0087,Defective,934.95,2025-08-11
R010636,O0101378,P0151,Changed Mind,581.51,2025-08-11
R010637,O0101378,P0596,Defective,805.32,2025-08-09
R010638,O0101418,P0711,Late Delivery,924.44,2024-07-19
R010639,O0101482,P0458,Wrong Item,1804.12,2026-04-24
R010640,O0101493,P0495,Defective,739.16,2024-06-29
R010641,O0101493,P0329,Late Delivery,2720.48,2024-07-10
R010642,O0101493,P1048,Wrong Item,40.83,2024-07-06
R010643,O0101508,P0496,Wrong Item,1233.24,2024-07-26
R010644,O0101508,P0686,Changed Mind,2183.95,2024-07-15
R010645,O0101512,P1410,Late Delivery,134.76,2025-09-27
R010646,O0101512,P0220,Changed Mind,704.42,2025-09-29
R010647,O0101517,P1072,Changed Mind,1180.06,2025-12-14
R010648,O0101523,P0113,Changed Mind,1145.12,2026-06-16
R010649,O0101590,P0326,Defective,748.39,2026-07-13
R010650,O0101606,P0584,Defective,415.12,2024-06-12
R010651,O0101606,P0944,Defective,454.84,2024-06-19
R010652,O0101610,P0213,Late Delivery,777.27,2025-10-27
R010653,O0101610,P0646,Changed Mind,919.6,2025-10-28
R010654,O0101610,P0801,Late Delivery,1206.2,2025-11-01
R010655,O0101610,P0261,Wrong Item,915.05,2025-11-10
R010656,O0101627,P0602,Wrong Item,620.06,2025-01-29
R010657,O0101627,P0774,Late Delivery,464.91,2025-01-24
R010658,O0101633,P0503,Defective,3077.33,2025-09-30
R010659,O0101637,P0305,Changed Mind,651.87,2024-06-06
R010660,O0101661,P0384,Defective,1793.35,2025-07-31
R010661,O0101661,P0010,Defective,4150.8,2025-07-27
R010662,O0101661,P1102,Defective,1020.56,2025-07-31
R010663,O0101661,P0773,Late Delivery,86.33,2025-07-28
R010664,O0101678,P0442,Wrong Item,839.73,2024-06-14
R010665,O0101682,P1476,Wrong Item,511.96,2025-08-31
R010666,O0101695,P0567,Late Delivery,208.01,2024-05-03
R010667,O0101699,P1016,Wrong Item,813.27,2026-01-16
R010668,O0101699,P0003,Wrong Item,3838.86,2026-01-20
R010669,O0101702,P0872,Wrong Item,768.35,2025-12-12
R010670,O0101702,P0214,Late Delivery,751.99,2025-12-08
R010671,O0101720,P0208,Late Delivery,1087.37,2025-11-01
R010672,O0101729,P0663,Wrong Item,708.36,2024-02-21
R010673,O0101730,P1218,Changed Mind,2232.67,2024-01-11
R010674,O0101730,P0228,Late Delivery,4385.95,2024-01-19
R010675,O0101733,P0110,Defective,996.13,2026-01-20
R010676,O0101733,P1216,Changed Mind,919.75,2026-01-27
R010677,O0101736,P0783,Wrong Item,1200.2,2024-11-30
R010678,O0101736,P1454,Wrong Item,730.49,2024-11-21
R010679,O0101746,P1261,Defective,692.37,2025-12-01
R010680,O0101746,P0287,Wrong Item,1215.65,2025-12-09
R010681,O0101746,P1373,Wrong Item,578.17,2025-12-12
R010682,O0101752,P0383,Late Delivery,212.88,2025-04-01
R010683,O0101774,P1408,Late Delivery,594.06,2025-05-26
R010684,O0101775,P0868,Wrong Item,572.09,2026-08-14
R010685,O0101775,P0648,Late Delivery,437.43,2026-08-06
R010686,O0101785,P0538,Wrong Item,736.54,2024-10-19
R010687,O0101785,P0638,Wrong Item,1180.94,2024-10-19
R010688,O0101847,P1459,Wrong Item,2095.31,2024-02-07
R010689,O0101868,P0594,Late Delivery,471.2,2026-04-21
R010690,O0101868,P0590,Late Delivery,1274.14,2026-04-22
R010691,O0101879,P0400,Wrong Item,2391.25,2025-09-29
R010692,O0101919,P0345,Changed Mind,346.19,2025-05-11
R010693,O0101921,P0641,Late Delivery,2402.31,2024-07-13
R010694,O0101927,P0577,Late Delivery,254.84,2025-03-28
R010695,O0101933,P0429,Late Delivery,1827.26,2025-12-10
R010696,O0101933,P1105,Changed Mind,348.61,2025-12-06
R010697,O0101933,P0876,Defective,1673.9,2025-12-07
R010698,O0101933,P0550,Late Delivery,958.04,2025-12-13
R010699,O0101955,P0848,Changed Mind,2075.1,2024-09-19
R010700,O0101967,P0319,Defective,1112.37,2024-01-31
R010701,O0101971,P1412,Changed Mind,1894.92,2024-12-18
R010702,O0101998,P0497,Late Delivery,2116.72,2026-06-28
R010703,O0101999,P1484,Wrong Item,836.33,2025-04-24
R010704,O0102002,P0865,Changed Mind,2322.67,2024-11-27
R010705,O0102038,P0802,Wrong Item,635.89,2024-06-09
R010706,O0102071,P0014,Defective,1287.89,2026-04-18
R010707,O0102129,P1103,Wrong Item,861.05,2024-02-11
R010708,O0102181,P0092,Defective,495.76,2026-06-04
R010709,O0102190,P0269,Defective,278.62,2025-06-19
R010710,O0102190,P0959,Defective,1746.17,2025-06-19
R010711,O0102233,P1114,Wrong Item,877.36,2024-03-01
R010712,O0102233,P0787,Defective,207.59,2024-02-29
R010713,O0102233,P1138,Late Delivery,489.67,2024-02-15
R010714,O0102240,P0405,Late Delivery,272.31,2025-10-06
R010715,O0102295,P1433,Changed Mind,1035.64,2025-07-16
R010716,O0102295,P0975,Late Delivery,477.97,2025-07-06
R010717,O0102301,P1326,Changed Mind,749.88,2024-07-28
R010718,O0102301,P0463,Late Delivery,1967.65,2024-07-29
R010719,O0102306,P0501,Changed Mind,116.09,2026-05-21
R010720,O0102309,P0752,Late Delivery,870.75,2024-11-13
R010721,O0102309,P1015,Defective,513.78,2024-11-20
R010722,O0102331,P0518,Defective,496.74,2025-12-11
R010723,O0102346,P1041,Late Delivery,121.85,2025-01-24
R010724,O0102356,P0734,Changed Mind,1001.47,2024-04-18
R010725,O0102357,P1280,Defective,95.4,2025-10-25
R010726,O0102372,P1204,Late Delivery,1194.68,2026-08-06
R010727,O0102410,P1326,Wrong Item,756.54,2026-05-05
R010728,O0102410,P0980,Changed Mind,1411.85,2026-04-17
R010729,O0102428,P1119,Defective,689.73,2026-03-27
R010730,O0102437,P1385,Wrong Item,407.42,2024-11-17
R010731,O0102437,P1074,Late Delivery,682.13,2024-11-19
R010732,O0102458,P0756,Late Delivery,1468.66,2024-01-28
R010733,O0102461,P1004,Late Delivery,1276.39,2025-12-16
R010734,O0102473,P0224,Wrong Item,649.17,2025-11-08
R010735,O0102473,P0420,Late Delivery,862.59,2025-11-01
R010736,O0102485,P1044,Wrong Item,937.39,2026-03-08
R010737,O0102487,P0568,Defective,461.58,2026-08-30
R010738,O0102487,P0496,Changed Mind,3173.44,2026-09-10
R010739,O0102506,P0398,Late Delivery,867.23,2026-01-12
R010740,O0102515,P1413,Late Delivery,745.91,2025-05-15
R010741,O0102515,P0851,Defective,832.28,2025-05-05
R010742,O0102515,P0949,Wrong Item,252.27,2025-05-09
R010743,O0102515,P0864,Late Delivery,425.17,2025-05-14
R010744,O0102521,P0958,Defective,160.24,2026-08-19
R010745,O0102523,P0147,Changed Mind,889.47,2026-08-14
R010746,O0102523,P1326,Late Delivery,737.4,2026-08-20
R010747,O0102532,P0730,Wrong Item,100.24,2024-12-21
R010748,O0102543,P0712,Defective,789.94,2026-08-21
R010749,O0102545,P0246,Late Delivery,1203.03,2026-02-17
R010750,O0102560,P1225,Defective,205.14,2026-08-26
R010751,O0102560,P0870,Wrong Item,602.05,2026-08-25
R010752,O0102567,P0502,Defective,862.1,2026-03-30
R010753,O0102579,P1356,Changed Mind,1086.94,2026-03-26
R010754,O0102579,P0861,Wrong Item,552.71,2026-04-02
R010755,O0102579,P0580,Defective,2403.48,2026-03-29
R010756,O0102656,P0545,Late Delivery,2584.15,2024-06-24
R010757,O0102656,P0117,Defective,679.05,2024-06-25
R010758,O0102656,P1359,Defective,1411.01,2024-06-16
R010759,O0102692,P0759,Late Delivery,1999.37,2025-11-30
R010760,O0102709,P1054,Changed Mind,163.6,2024-09-17
R010761,O0102714,P1112,Defective,1463.88,2024-06-25
R010762,O0102714,P1084,Late Delivery,1578.16,2024-06-27
R010763,O0102726,P0392,Changed Mind,2360.12,2024-02-24
R010764,O0102726,P0912,Late Delivery,2928.32,2024-02-14
R010765,O0102734,P1375,Changed Mind,311.93,2024-07-15
R010766,O0102734,P0741,Wrong Item,1355.29,2024-06-30
R010767,O0102734,P0325,Late Delivery,878.04,2024-07-04
R010768,O0102788,P0408,Changed Mind,3520.1,2024-04-15
R010769,O0102788,P1109,Changed Mind,616.2,2024-04-22
R010770,O0102788,P1274,Wrong Item,1897.16,2024-04-29
R010771,O0102788,P0804,Defective,1207.62,2024-04-20
R010772,O0102788,P1143,Wrong Item,1018.98,2024-04-16
R010773,O0102790,P0875,Late Delivery,808.51,2025-06-26
R010774,O0102790,P1312,Wrong Item,1124.53,2025-06-15
R010775,O0102796,P1314,Defective,332.16,2026-04-25
R010776,O0102796,P0779,Changed Mind,1359.2,2026-04-27
R010777,O0102803,P0471,Late Delivery,947.73,2026-07-10
R010778,O0102844,P0734,Late Delivery,928.33,2025-02-01
R010779,O0102848,P1251,Defective,854.1,2024-08-29
R010780,O0102862,P0857,Wrong Item,997.22,2024-05-25
R010781,O0102881,P1281,Wrong Item,519.77,2024-08-30
R010782,O0102881,P0840,Late Delivery,3061.83,2024-08-16
R010783,O0102919,P0919,Late Delivery,1059.02,2025-04-01
R010784,O0102934,P1139,Wrong Item,231.37,2024-09-18
R010785,O0102946,P0633,Changed Mind,93.59,2024-04-09
R010786,O0102946,P1273,Late Delivery,436.0,2024-04-07
R010787,O0102957,P1481,Defective,921.18,2024-11-10
R010788,O0102976,P0188,Late Delivery,834.98,2025-04-16
R010789,O0102976,P1492,Late Delivery,883.83,2025-04-07
R010790,O0102976,P0465,Wrong Item,1067.23,2025-04-21
R010791,O0102976,P1493,Wrong Item,1103.37,2025-04-17
R010792,O0103000,P1394,Changed Mind,318.48,2026-03-20
R010793,O0103000,P1351,Changed Mind,239.63,2026-03-23
R010794,O0103011,P1346,Defective,222.96,2024-09-04
R010795,O0103011,P0502,Wrong Item,1738.81,2024-09-09
R010796,O0103019,P0147,Wrong Item,465.85,2025-11-27
R010797,O0103037,P0312,Wrong Item,1363.3,2025-05-10
R010798,O0103051,P0653,Changed Mind,618.43,2025-09-12
R010799,O0103090,P0724,Wrong Item,117.98,2024-04-20
R010800,O0103102,P0596,Late Delivery,823.64,2026-03-05
R010801,O0103109,P1035,Late Delivery,440.1,2025-05-12
R010802,O0103109,P1200,Defective,177.64,2025-05-11
R010803,O0103109,P1379,Wrong Item,1319.14,2025-05-25
R010804,O0103119,P0949,Late Delivery,231.53,2024-07-27
R010805,O0103155,P0135,Changed Mind,651.61,2024-09-03
R010806,O0103155,P0726,Defective,109.11,2024-08-29
R010807,O0103155,P0401,Late Delivery,1402.1,2024-08-30
R010808,O0103161,P0704,Late Delivery,555.72,2026-05-02
R010809,O0103181,P0050,Defective,886.08,2024-09-10
R010810,O0103182,P0946,Defective,178.05,2024-04-06
R010811,O0103182,P1313,Defective,380.79,2024-03-30
R010812,O0103182,P0076,Late Delivery,519.63,2024-04-07
R010813,O0103182,P0912,Wrong Item,2752.75,2024-04-07
R010814,O0103185,P0809,Late Delivery,627.44,2026-06-24
R010815,O0103185,P0763,Late Delivery,1689.68,2026-06-15
R010816,O0103195,P0560,Changed Mind,1986.06,2024-09-29
R010817,O0103209,P0230,Defective,1233.96,2025-07-15
R010818,O0103218,P0196,Changed Mind,276.66,2024-05-06
R010819,O0103218,P0892,Wrong Item,504.16,2024-05-15
R010820,O0103232,P1287,Wrong Item,37.17,2024-05-15
R010821,O0103251,P0090,Late Delivery,979.92,2026-04-20
R010822,O0103251,P0366,Late Delivery,308.43,2026-04-22
R010823,O0103254,P0762,Changed Mind,779.56,2024-02-17
R010824,O0103254,P0813,Defective,981.14,2024-02-18
R010825,O0103257,P0744,Late Delivery,316.22,2025-10-08
R010826,O0103257,P1353,Changed Mind,2337.93,2025-10-03
R010827,O0103259,P0320,Changed Mind,1325.17,2025-10-05
R010828,O0103259,P0818,Late Delivery,760.53,2025-10-22
R010829,O0103271,P0798,Late Delivery,657.9,2024-03-22
R010830,O0103272,P1330,Defective,244.5,2024-07-18
R010831,O0103272,P0895,Wrong Item,653.26,2024-07-17
R010832,O0103291,P1383,Late Delivery,772.98,2024-10-08
R010833,O0103310,P0089,Defective,1650.54,2025-11-07
R010834,O0103310,P0085,Defective,1024.79,2025-11-02
R010835,O0103317,P1074,Changed Mind,688.56,2026-04-03
R010836,O0103317,P0348,Late Delivery,465.34,2026-04-02
R010837,O0103323,P1456,Changed Mind,325.64,2024-04-02
R010838,O0103323,P0925,Wrong Item,733.46,2024-03-31
R010839,O0103327,P0945,Wrong Item,451.76,2024-07-29
R010840,O0103347,P0711,Late Delivery,412.42,2026-02-17
R010841,O0103348,P0315,Defective,1613.11,2025-10-28
R010842,O0103348,P0658,Changed Mind,548.26,2025-10-18
R010843,O0103348,P0826,Defective,553.6,2025-10-31
R010844,O0103352,P0424,Changed Mind,388.15,2025-09-07
R010845,O0103352,P0743,Late Delivery,698.25,2025-08-27
R010846,O0103355,P1347,Wrong Item,819.08,2024-01-22
R010847,O0103361,P0199,Defective,297.92,2026-02-06
R010848,O0103361,P0264,Late Delivery,1706.67,2026-02-04
R010849,O0103361,P0795,Wrong Item,1234.51,2026-02-17
R010850,O0103366,P0596,Wrong Item,797.37,2026-08-23
R010851,O0103385,P0332,Wrong Item,2522.98,2026-02-10
R010852,O0103394,P0878,Wrong Item,377.09,2026-05-16
R010853,O0103398,P1212,Wrong Item,550.03,2026-06-22
R010854,O0103398,P1309,Defective,2638.97,2026-06-24
R010855,O0103401,P0135,Changed Mind,325.88,2024-01-20
R010856,O0103401,P1177,Defective,1228.59,2024-01-20
R010857,O0103410,P0271,Defective,2241.78,2025-02-21
R010858,O0103413,P0238,Wrong Item,774.26,2025-10-13
R010859,O0103429,P0606,Wrong Item,3378.73,2024-06-06
R010860,O0103429,P0010,Defective,1089.82,2024-06-07
R010861,O0103430,P1020,Changed Mind,1173.21,2024-09-17
R010862,O0103430,P0939,Late Delivery,864.11,2024-09-09
R010863,O0103446,P1450,Late Delivery,115.96,2026-04-17
R010864,O0103451,P1183,Late Delivery,260.72,2024-06-02
R010865,O0103466,P1497,Changed Mind,721.59,2024-11-06
R010866,O0103466,P0012,Wrong Item,289.61,2024-11-13
R010867,O0103466,P1373,Wrong Item,1286.39,2024-11-10
R010868,O0103466,P0969,Wrong Item,952.11,2024-11-13
R010869,O0103484,P0588,Defective,323.9,2025-09-26
R010870,O0103484,P0800,Defective,2072.5,2025-09-23
R010871,O0103484,P0752,Defective,876.02,2025-09-19
R010872,O0103484,P0843,Wrong Item,1059.57,2025-09-25
R010873,O0103484,P0134,Changed Mind,607.62,2025-09-29
R010874,O0103490,P0449,Wrong Item,18.99,2026-07-07
R010875,O0103499,P0702,Defective,1361.02,2024-09-15
R010876,O0103513,P0317,Late Delivery,116.25,2025-02-22
R010877,O0103513,P1441,Defective,1138.75,2025-02-20
R010878,O0103513,P0154,Wrong Item,182.69,2025-02-18
R010879,O0103516,P1450,Defective,109.51,2025-10-03
R010880,O0103531,P0758,Late Delivery,656.34,2025-11-19
R010881,O0103541,P0449,Wrong Item,20.5,2025-04-20
R010882,O0103558,P0788,Wrong Item,799.83,2024-10-02
R010883,O0103602,P0632,Changed Mind,876.5,2025-05-20
R010884,O0103627,P1261,Defective,644.93,2024-01-22
R010885,O0103642,P0966,Defective,1111.36,2024-07-10
R010886,O0103650,P0884,Changed Mind,203.72,2026-01-18
R010887,O0103650,P0521,Late Delivery,476.61,2026-01-16
R010888,O0103658,P0532,Late Delivery,451.78,2025-01-15
R010889,O0103658,P1278,Wrong Item,1663.62,2025-01-18
R010890,O0103659,P0527,Late Delivery,550.2,2025-12-10
R010891,O0103670,P0678,Changed Mind,1358.26,2024-12-21
R010892,O0103670,P1079,Late Delivery,474.25,2024-12-20
R010893,O0103670,P1483,Wrong Item,1029.0,2024-12-21
R010894,O0103708,P0332,Wrong Item,1085.01,2026-06-06
R010895,O0103708,P1381,Late Delivery,314.37,2026-06-11
R010896,O0103712,P0744,Changed Mind,310.43,2024-04-30
R010897,O0103712,P0233,Changed Mind,1033.89,2024-04-29
R010898,O0103740,P0905,Late Delivery,1093.25,2026-06-12
R010899,O0103750,P0895,Changed Mind,650.69,2025-04-01
R010900,O0103783,P1154,Late Delivery,1330.81,2024-08-26
R010901,O0103812,P0764,Changed Mind,668.83,2025-07-02
R010902,O0103826,P0780,Defective,337.1,2026-02-20
R010903,O0103826,P0241,Late Delivery,1029.96,2026-02-13
R010904,O0103831,P0642,Wrong Item,1940.08,2026-04-02
R010905,O0103874,P1311,Wrong Item,1031.67,2026-05-12
R010906,O0103874,P1264,Changed Mind,248.0,2026-05-17
R010907,O0103882,P1145,Defective,2422.78,2024-02-18
R010908,O0103882,P0561,Defective,1223.29,2024-02-27
R010909,O0103882,P0214,Defective,681.08,2024-02-21
R010910,O0103884,P0383,Wrong Item,395.54,2025-03-14
R010911,O0103884,P1342,Late Delivery,1474.2,2025-03-01
R010912,O0103936,P1148,Defective,841.5,2024-10-24
R010913,O0103936,P0367,Changed Mind,1254.89,2024-11-01
R010914,O0103941,P0930,Late Delivery,104.17,2026-03-28
R010915,O0103947,P0322,Wrong Item,1014.64,2024-06-11
R010916,O0103964,P0556,Wrong Item,785.68,2025-01-22
R010917,O0103968,P1425,Changed Mind,464.23,2024-03-22
R010918,O0103968,P1335,Changed Mind,156.04,2024-03-24
R010919,O0103976,P1478,Changed Mind,882.56,2025-10-22
R010920,O0103986,P0629,Late Delivery,65.52,2026-03-14
R010921,O0104050,P1494,Late Delivery,3354.92,2025-10-22
R010922,O0104098,P0559,Changed Mind,1233.68,2026-04-08
R010923,O0104098,P0724,Defective,115.32,2026-04-05
R010924,O0104143,P1071,Wrong Item,462.5,2025-11-08
R010925,O0104146,P0620,Defective,978.85,2024-09-16
R010926,O0104146,P1002,Defective,650.03,2024-09-13
R010927,O0104146,P1238,Defective,2200.23,2024-09-12
R010928,O0104163,P0924,Wrong Item,599.63,2026-09-06
R010929,O0104163,P1026,Defective,452.37,2026-09-06
R010930,O0104176,P1313,Late Delivery,1113.97,2025-08-03
R010931,O0104177,P0357,Wrong Item,980.58,2025-08-11
R010932,O0104191,P0469,Wrong Item,38.44,2024-09-04
R010933,O0104191,P1092,Changed Mind,684.49,2024-09-09
R010934,O0104204,P1066,Late Delivery,217.28,2025-04-29
R010935,O0104204,P0469,Wrong Item,37.86,2025-04-30
R010936,O0104207,P0789,Wrong Item,1072.03,2025-03-23
R010937,O0104207,P0716,Defective,724.5,2025-03-25
R010938,O0104207,P0424,Changed Mind,376.35,2025-03-26
R010939,O0104214,P0612,Changed Mind,1230.34,2024-06-07
R010940,O0104214,P0952,Late Delivery,282.54,2024-06-09
R010941,O0104236,P0358,Changed Mind,1138.95,2024-02-29
R010942,O0104255,P0755,Defective,390.53,2025-04-05
R010943,O0104267,P0048,Defective,4008.99,2025-06-09
R010944,O0104269,P1058,Late Delivery,2336.23,2026-05-09
R010945,O0104269,P1323,Changed Mind,1986.12,2026-05-13
R010946,O0104281,P0081,Defective,294.7,2024-03-03
R010947,O0104281,P1390,Changed Mind,518.94,2024-03-09
R010948,O0104284,P1335,Defective,177.09,2024-09-08
R010949,O0104284,P1067,Changed Mind,807.69,2024-09-09
R010950,O0104284,P1343,Defective,607.05,2024-09-19
R010951,O0104296,P0922,Late Delivery,1513.23,2026-04-07
R010952,O0104296,P0215,Changed Mind,1063.47,2026-04-02
R010953,O0104299,P0505,Changed Mind,1293.07,2024-09-15
R010954,O0104301,P1022,Changed Mind,1956.97,2025-02-02
R010955,O0104351,P0178,Defective,770.69,2024-04-27
R010956,O0104351,P1118,Changed Mind,2805.47,2024-05-04
R010957,O0104351,P1215,Changed Mind,937.55,2024-05-01
R010958,O0104354,P0179,Wrong Item,86.88,2025-02-18
R010959,O0104354,P0694,Defective,99.85,2025-02-14
R010960,O0104373,P0536,Late Delivery,982.46,2024-10-04
R010961,O0104373,P0757,Wrong Item,1932.49,2024-10-01
R010962,O0104375,P1385,Wrong Item,474.76,2024-06-06
R010963,O0104382,P1178,Changed Mind,575.09,2025-12-30
R010964,O0104398,P0099,Defective,145.13,2024-06-18
R010965,O0104424,P0734,Defective,1045.83,2024-07-16
R010966,O0104424,P0501,Changed Mind,101.57,2024-07-05
R010967,O0104428,P1282,Defective,1486.07,2025-02-25
R010968,O0104428,P1209,Late Delivery,1632.87,2025-02-16
R010969,O0104429,P0900,Changed Mind,423.35,2026-04-29
R010970,O0104431,P0482,Wrong Item,410.38,2026-09-02
R010971,O0104438,P0582,Wrong Item,612.46,2024-08-19
R010972,O0104494,P1042,Wrong Item,2166.82,2026-03-02
R010973,O0104571,P0945,Defective,820.58,2026-06-25
R010974,O0104584,P1293,Changed Mind,842.2,2026-02-22
R010975,O0104621,P0238,Late Delivery,1780.07,2025-01-23
R010976,O0104621,P1250,Defective,1021.32,2025-01-25
R010977,O0104630,P0425,Wrong Item,729.05,2025-07-04
R010978,O0104630,P1302,Late Delivery,2281.82,2025-07-04
R010979,O0104639,P1188,Defective,661.66,2025-07-05
R010980,O0104641,P1478,Late Delivery,1896.88,2026-06-06
R010981,O0104641,P1189,Wrong Item,138.53,2026-06-13
R010982,O0104651,P0419,Late Delivery,836.79,2025-11-22
R010983,O0104677,P0616,Changed Mind,2016.99,2024-08-17
R010984,O0104681,P0825,Changed Mind,1015.64,2025-01-14
R010985,O0104684,P0698,Defective,197.65,2026-05-25
R010986,O0104732,P0681,Changed Mind,1065.98,2025-09-11
R010987,O0104735,P1271,Wrong Item,1320.65,2024-05-03
R010988,O0104735,P1076,Changed Mind,495.9,2024-05-13
R010989,O0104735,P0271,Wrong Item,4321.24,2024-05-03
R010990,O0104762,P0880,Wrong Item,1069.33,2024-04-30
R010991,O0104762,P1314,Defective,343.77,2024-04-14
R010992,O0104762,P1434,Wrong Item,1410.74,2024-04-14
R010993,O0104766,P0303,Late Delivery,945.0,2024-02-17
R010994,O0104770,P1129,Late Delivery,1027.05,2025-08-30
R010995,O0104776,P0985,Late Delivery,1076.63,2026-05-04
R010996,O0104778,P0588,Defective,192.82,2024-12-03
R010997,O0104778,P1159,Late Delivery,618.23,2024-11-29
R010998,O0104778,P0901,Defective,814.39,2024-12-03
R010999,O0104816,P1151,Changed Mind,481.35,2026-04-26
R011000,O0104817,P1115,Defective,384.48,2026-06-17
R011001,O0104831,P1457,Defective,114.47,2024-12-05
R011002,O0104831,P0848,Defective,1868.37,2024-11-20
R011003,O0104831,P1315,Wrong Item,189.97,2024-12-01
R011004,O0104834,P0016,Defective,3438.61,2025-11-27
R011005,O0104834,P1264,Defective,231.49,2025-11-25
R011006,O0104834,P1300,Late Delivery,1049.08,2025-12-01
R011007,O0104840,P0289,Changed Mind,284.82,2024-06-17
R011008,O0104840,P0722,Defective,1274.81,2024-06-22
R011009,O0104851,P0449,Defective,20.45,2024-04-29
R011010,O0104868,P0442,Defective,894.79,2024-03-23
R011011,O0104876,P1399,Defective,971.57,2024-08-14
R011012,O0104876,P0685,Defective,1302.13,2024-08-19
R011013,O0104883,P0161,Late Delivery,711.68,2024-07-02
R011014,O0104898,P1078,Late Delivery,1992.18,2025-04-17
R011015,O0104898,P0052,Changed Mind,1108.45,2025-04-25
R011016,O0104955,P0136,Changed Mind,2722.73,2024-10-30
R011017,O0104970,P0194,Late Delivery,369.56,2024-09-26
R011018,O0104973,P0215,Wrong Item,1257.5,2026-05-29
R011019,O0104973,P0191,Wrong Item,614.4,2026-06-04
R011020,O0104973,P1057,Wrong Item,79.28,2026-05-29
R011021,O0104973,P0824,Defective,47.15,2026-06-06
R011022,O0104991,P1365,Late Delivery,1118.69,2024-05-14
R011023,O0104991,P0200,Defective,2870.93,2024-05-20
R011024,O0105001,P0391,Changed Mind,864.58,2026-06-29
R011025,O0105001,P0244,Wrong Item,680.8,2026-06-25
R011026,O0105010,P0025,Changed Mind,398.49,2024-02-04
R011027,O0105010,P1256,Wrong Item,801.99,2024-01-23
R011028,O0105014,P0268,Changed Mind,126.24,2024-03-18
R011029,O0105014,P1062,Wrong Item,65.69,2024-03-14
R011030,O0105016,P0619,Changed Mind,553.81,2025-02-22
R011031,O0105016,P0958,Wrong Item,289.32,2025-02-22
R011032,O0105028,P1199,Late Delivery,506.01,2024-08-11
R011033,O0105054,P0585,Late Delivery,1866.4,2024-02-22
R011034,O0105054,P1271,Wrong Item,464.26,2024-02-06
R011035,O0105054,P0446,Late Delivery,1060.86,2024-02-04
R011036,O0105055,P0349,Changed Mind,1173.66,2025-10-29
R011037,O0105066,P1020,Changed Mind,1072.16,2024-08-11
R011038,O0105083,P0591,Defective,4882.87,2025-07-21
R011039,O0105083,P0618,Defective,428.6,2025-07-16
R011040,O0105083,P1439,Defective,1771.84,2025-07-15
R011041,O0105083,P1323,Changed Mind,578.69,2025-07-11
R011042,O0105083,P1198,Changed Mind,2954.57,2025-07-22
R011043,O0105087,P0112,Changed Mind,185.26,2025-12-25
R011044,O0105099,P1478,Changed Mind,1032.72,2024-06-07
R011045,O0105107,P1118,Late Delivery,879.62,2025-07-21
R011046,O0105122,P1338,Changed Mind,553.03,2026-02-27
R011047,O0105122,P1287,Wrong Item,119.32,2026-03-06
R011048,O0105132,P0358,Defective,996.65,2025-04-24
R011049,O0105132,P0793,Wrong Item,579.55,2025-05-01
R011050,O0105169,P0159,Wrong Item,1729.79,2026-04-05
R011051,O0105178,P0596,Late Delivery,900.49,2025-05-17
R011052,O0105193,P0555,Late Delivery,884.8,2026-05-08
R011053,O0105198,P0051,Defective,297.49,2024-06-30
R011054,O0105218,P0067,Changed Mind,256.85,2025-10-05
R011055,O0105218,P1074,Changed Mind,482.57,2025-10-07
R011056,O0105231,P0774,Late Delivery,1000.14,2025-07-10
R011057,O0105232,P0525,Changed Mind,694.22,2025-10-14
R011058,O0105233,P1116,Changed Mind,2116.99,2026-04-26
R011059,O0105270,P0097,Wrong Item,1065.79,2025-07-08
R011060,O0105289,P1212,Late Delivery,520.77,2026-09-07
R011061,O0105313,P1218,Defective,3440.19,2026-03-18
R011062,O0105325,P0967,Wrong Item,252.42,2024-10-22
R011063,O0105325,P0589,Defective,131.98,2024-10-22
R011064,O0105338,P0675,Changed Mind,185.72,2026-05-11
R011065,O0105338,P0595,Changed Mind,2731.9,2026-05-22
R011066,O0105340,P1094,Wrong Item,704.21,2024-10-31
R011067,O0105340,P1418,Wrong Item,3279.29,2024-10-31
R011068,O0105340,P0016,Changed Mind,1055.55,2024-10-22
R011069,O0105343,P0069,Defective,219.38,2024-02-13
R011070,O0105343,P0135,Wrong Item,1361.06,2024-02-22
R011071,O0105356,P0928,Defective,1285.73,2025-01-21
R011072,O0105356,P0709,Wrong Item,1061.12,2025-02-05
R011073,O0105358,P0465,Wrong Item,1125.56,2025-06-25
R011074,O0105362,P1206,Defective,656.21,2026-07-04
R011075,O0105366,P1249,Late Delivery,733.81,2024-07-25
R011076,O0105380,P0728,Late Delivery,983.17,2026-02-15
R011077,O0105388,P0794,Defective,893.95,2026-06-21
R011078,O0105400,P1016,Changed Mind,1595.2,2026-06-04
R011079,O0105400,P0955,Changed Mind,91.89,2026-05-27
R011080,O0105402,P1227,Late Delivery,120.96,2024-03-09
R011081,O0105402,P1220,Late Delivery,927.9,2024-03-12
R011082,O0105420,P0086,Defective,623.73,2025-03-29
R011083,O0105426,P0193,Defective,474.77,2025-10-07
R011084,O0105449,P1132,Defective,1431.91,2024-09-06
R011085,O0105450,P0291,Late Delivery,543.52,2024-03-28
R011086,O0105450,P1331,Defective,3548.77,2024-03-22
R011087,O0105450,P0809,Wrong Item,562.54,2024-04-03
R011088,O0105454,P0001,Wrong Item,1857.5,2025-07-27
R011089,O0105464,P1231,Defective,576.8,2026-04-22
R011090,O0105464,P0334,Late Delivery,1767.25,2026-04-24
R011091,O0105466,P0671,Changed Mind,161.99,2024-12-01
R011092,O0105466,P1180,Changed Mind,239.57,2024-11-28
R011093,O0105474,P1327,Wrong Item,1151.32,2025-06-12
R011094,O0105474,P0753,Changed Mind,3989.67,2025-06-20
R011095,O0105474,P0741,Changed Mind,2371.72,2025-06-17
R011096,O0105496,P0873,Late Delivery,1178.17,2024-03-14
R011097,O0105502,P0358,Defective,2356.08,2024-02-24
R011098,O0105502,P0962,Defective,301.08,2024-02-13
R011099,O0105502,P1100,Wrong Item,1039.48,2024-02-25
R011100,O0105516,P1203,Late Delivery,2516.23,2024-01-15
R011101,O0105516,P1151,Wrong Item,1049.67,2024-01-15
R011102,O0105516,P1104,Late Delivery,545.69,2024-01-18
R011103,O0105516,P0051,Defective,303.65,2024-01-11
R011104,O0105522,P0943,Late Delivery,305.79,2025-12-25
R011105,O0105528,P1157,Defective,318.92,2024-11-02
R011106,O0105528,P1114,Defective,1728.93,2024-11-17
R011107,O0105534,P0387,Changed Mind,957.82,2026-02-02
R011108,O0105534,P1012,Changed Mind,130.57,2026-02-06
R011109,O0105588,P0831,Defective,228.04,2026-07-19
R011110,O0105607,P1177,Wrong Item,2396.04,2024-04-08
R011111,O0105607,P1091,Changed Mind,254.02,2024-04-04
R011112,O0105610,P0587,Wrong Item,582.19,2026-03-08
R011113,O0105610,P0997,Changed Mind,1059.55,2026-03-01
R011114,O0105623,P1351,Wrong Item,713.23,2024-11-08
R011115,O0105623,P1440,Late Delivery,847.69,2024-11-24
R011116,O0105624,P1076,Changed Mind,269.87,2026-06-04
R011117,O0105641,P0921,Late Delivery,793.56,2025-10-07
R011118,O0105647,P0847,Changed Mind,329.28,2025-05-14
R011119,O0105651,P1119,Wrong Item,646.9,2026-05-31
R011120,O0105651,P0029,Defective,796.53,2026-05-31
R011121,O0105663,P0575,Changed Mind,1032.31,2025-06-18
R011122,O0105663,P0280,Wrong Item,2356.01,2025-06-13
R011123,O0105685,P1314,Wrong Item,321.64,2026-01-03
R011124,O0105685,P1385,Late Delivery,486.58,2026-01-07
R011125,O0105705,P0061,Late Delivery,1343.31,2026-06-03
R011126,O0105705,P0426,Changed Mind,252.02,2026-06-08
R011127,O0105708,P0019,Wrong Item,157.47,2025-10-06
R011128,O0105714,P0612,Changed Mind,1087.81,2025-03-02
R011129,O0105737,P0488,Changed Mind,458.49,2026-04-23
R011130,O0105737,P0403,Defective,16.93,2026-04-25
R011131,O0105737,P0107,Wrong Item,2626.11,2026-04-19
R011132,O0105737,P1142,Changed Mind,767.94,2026-04-11
R011133,O0105737,P1152,Late Delivery,1124.4,2026-04-28
R011134,O0105741,P0300,Changed Mind,802.03,2025-03-13
R011135,O0105758,P0356,Late Delivery,1030.66,2026-05-10
R011136,O0105765,P0190,Wrong Item,76.28,2024-02-22
R011137,O0105766,P0293,Defective,570.63,2026-08-21
R011138,O0105776,P0995,Wrong Item,1344.95,2025-12-22
R011139,O0105776,P0612,Changed Mind,1206.1,2025-12-20
R011140,O0105808,P0265,Wrong Item,2019.64,2026-07-26
R011141,O0105808,P1039,Wrong Item,573.61,2026-07-25
R011142,O0105816,P0084,Defective,1659.97,2026-03-24
R011143,O0105818,P0952,Changed Mind,343.77,2026-07-15
R011144,O0105823,P1076,Changed Mind,256.16,2024-05-24
R011145,O0105823,P0505,Changed Mind,2599.93,2024-05-20
R011146,O0105827,P1373,Changed Mind,1063.36,2024-06-02
R011147,O0105839,P0506,Wrong Item,47.84,2025-11-10
R011148,O0105840,P0468,Late Delivery,285.31,2024-08-10
R011149,O0105840,P0084,Changed Mind,1521.18,2024-07-27
R011150,O0105887,P1020,Wrong Item,1028.47,2025-01-11
R011151,O0105887,P0954,Wrong Item,347.43,2025-01-17
R011152,O0105890,P0932,Wrong Item,193.8,2026-01-14
R011153,O0105890,P1185,Defective,201.21,2026-01-11
R011154,O0105890,P1400,Defective,2059.42,2026-01-16
R011155,O0105890,P0980,Wrong Item,742.38,2026-01-12
R011156,O0105890,P0503,Defective,1163.27,2026-01-10
R011157,O0105907,P1164,Late Delivery,451.79,2025-06-20
R011158,O0105907,P0351,Late Delivery,160.03,2025-06-18
R011159,O0105929,P0013,Late Delivery,505.94,2026-04-25
R011160,O0105929,P0704,Wrong Item,580.42,2026-04-30
R011161,O0105932,P0725,Defective,471.9,2026-07-26
R011162,O0105945,P0475,Defective,60.2,2026-05-29
R011163,O0105961,P1412,Wrong Item,573.1,2025-06-26
R011164,O0105961,P0780,Wrong Item,362.1,2025-06-29
R011165,O0105961,P1278,Wrong Item,566.57,2025-06-20
R011166,O0105989,P0331,Late Delivery,305.72,2025-08-10
R011167,O0105993,P0554,Wrong Item,1388.87,2024-06-19
R011168,O0106005,P0051,Defective,303.23,2026-07-22
R011169,O0106007,P0917,Changed Mind,903.99,2024-10-30
R011170,O0106007,P1099,Defective,1079.42,2024-10-30
R011171,O0106007,P0430,Defective,487.52,2024-10-21
R011172,O0106008,P0698,Defective,209.07,2025-10-10
R011173,O0106055,P0177,Late Delivery,4142.87,2025-05-27
R011174,O0106057,P0692,Late Delivery,121.93,2025-01-05
R011175,O0106057,P0582,Wrong Item,583.83,2025-01-04
R011176,O0106066,P1001,Changed Mind,870.15,2024-11-11
R011177,O0106066,P1274,Late Delivery,745.45,2024-11-10
R011178,O0106075,P0790,Defective,28.08,2025-10-04
R011179,O0106075,P1060,Wrong Item,639.79,2025-10-08
R011180,O0106075,P0060,Wrong Item,675.88,2025-10-03
R011181,O0106075,P1280,Changed Mind,235.59,2025-09-27
R011182,O0106077,P1221,Changed Mind,930.41,2025-06-29
R011183,O0106083,P1092,Late Delivery,755.51,2025-07-17
R011184,O0106116,P1079,Defective,447.51,2025-06-04
R011185,O0106116,P0327,Defective,1369.08,2025-06-03
R011186,O0106119,P1203,Late Delivery,1175.4,2025-01-29
R011187,O0106136,P0694,Late Delivery,100.87,2025-01-20
R011188,O0106136,P1157,Changed Mind,353.83,2025-01-07
R011189,O0106171,P0466,Defective,1247.63,2025-10-05
R011190,O0106171,P0953,Wrong Item,209.52,2025-10-15
R011191,O0106206,P0370,Changed Mind,2328.4,2025-03-28
R011192,O0106207,P1016,Changed Mind,676.16,2025-08-09
R011193,O0106209,P0595,Changed Mind,632.92,2025-10-05
R011194,O0106242,P1212,Wrong Item,486.54,2026-02-22
R011195,O0106242,P1182,Late Delivery,911.78,2026-02-22
R011196,O0106262,P0902,Changed Mind,2100.13,2025-06-23
R011197,O0106265,P0528,Changed Mind,1020.49,2026-01-20
R011198,O0106280,P0934,Changed Mind,218.4,2024-03-19
R011199,O0106360,P0626,Changed Mind,581.98,2025-12-27
R011200,O0106387,P1044,Wrong Item,880.78,2026-02-16
R011201,O0106388,P1195,Late Delivery,179.09,2026-04-29
R011202,O0106388,P1264,Changed Mind,210.76,2026-05-08
R011203,O0106388,P0294,Defective,468.91,2026-05-12
R011204,O0106397,P0021,Defective,803.58,2024-05-26
R011205,O0106409,P0567,Defective,181.59,2026-08-23
R011206,O0106409,P0670,Late Delivery,1093.15,2026-08-18
R011207,O0106411,P0444,Defective,994.94,2025-11-02
R011208,O0106425,P1400,Wrong Item,557.37,2025-10-10
R011209,O0106502,P0897,Wrong Item,1936.01,2026-08-27
R011210,O0106502,P0994,Late Delivery,1168.63,2026-08-28
R011211,O0106502,P0620,Changed Mind,1006.04,2026-09-12
R011212,O0106504,P1344,Changed Mind,1089.54,2024-09-13
R011213,O0106530,P0252,Defective,588.28,2026-06-16
R011214,O0106530,P1049,Wrong Item,885.02,2026-06-21
R011215,O0106544,P1201,Wrong Item,80.48,2024-11-23
R011216,O0106547,P0826,Defective,661.71,2026-07-23
R011217,O0106547,P1361,Defective,696.56,2026-07-18
R011218,O0106548,P1392,Defective,658.69,2026-07-30
R011219,O0106548,P0833,Wrong Item,537.19,2026-08-13
R011220,O0106558,P0646,Changed Mind,1166.51,2024-05-02
R011221,O0106578,P1363,Late Delivery,899.32,2026-06-02
R011222,O0106580,P0319,Changed Mind,502.87,2026-07-31
R011223,O0106583,P0127,Wrong Item,1114.73,2024-05-02
R011224,O0106583,P0285,Defective,77.46,2024-04-21
R011225,O0106592,P0886,Changed Mind,399.51,2024-04-07
R011226,O0106599,P0555,Changed Mind,908.33,2025-04-28
R011227,O0106599,P0434,Defective,1767.48,2025-05-03
R011228,O0106599,P0627,Wrong Item,450.55,2025-04-29
R011229,O0106599,P1167,Changed Mind,1324.06,2025-04-26
R011230,O0106627,P1288,Defective,1033.17,2025-05-18
R011231,O0106630,P0859,Defective,1390.7,2024-10-24
R011232,O0106664,P1070,Wrong Item,775.43,2026-07-29
R011233,O0106676,P0971,Late Delivery,942.67,2024-06-05
R011234,O0106676,P1248,Wrong Item,160.08,2024-06-06
R011235,O0106709,P0421,Defective,125.0,2026-01-22
R011236,O0106710,P1461,Late Delivery,3282.73,2025-02-25
R011237,O0106741,P1160,Changed Mind,497.82,2025-04-20
R011238,O0106751,P0035,Defective,930.29,2025-02-18
R011239,O0106754,P0763,Wrong Item,3484.61,2025-04-06
R011240,O0106764,P0305,Changed Mind,1136.03,2024-10-07
R011241,O0106808,P1395,Late Delivery,317.58,2025-07-21
R011242,O0106811,P0627,Wrong Item,380.89,2025-08-13
R011243,O0106817,P0389,Changed Mind,860.17,2026-03-04
R011244,O0106817,P0249,Wrong Item,979.37,2026-03-04
R011245,O0106831,P1190,Wrong Item,640.27,2024-05-24
R011246,O0106831,P0783,Changed Mind,1094.36,2024-05-11
R011247,O0106859,P0736,Defective,695.13,2024-02-25
R011248,O0106859,P0053,Changed Mind,540.07,2024-03-08
R011249,O0106859,P0205,Changed Mind,947.29,2024-02-23
R011250,O0106862,P0961,Changed Mind,1169.82,2024-12-18
R011251,O0106862,P0363,Changed Mind,3054.35,2024-12-30
R011252,O0106862,P0114,Changed Mind,243.94,2025-01-01
R011253,O0106868,P0244,Wrong Item,747.56,2024-10-23
R011254,O0106892,P0466,Defective,1126.5,2026-04-07
R011255,O0106892,P0924,Defective,516.87,2026-04-07
R011256,O0106904,P1188,Defective,677.11,2024-06-24
R011257,O0106907,P1347,Wrong Item,788.34,2024-02-19
R011258,O0106984,P0094,Late Delivery,221.57,2024-01-18
R011259,O0106987,P0681,Changed Mind,1043.77,2024-10-03
R011260,O0106990,P0085,Defective,3301.52,2025-07-13
R011261,O0106990,P0824,Changed Mind,54.15,2025-07-07
R011262,O0106990,P0766,Late Delivery,133.89,2025-07-02
R011263,O0106995,P1052,Late Delivery,199.14,2025-07-14
R011264,O0107017,P0757,Wrong Item,906.14,2025-12-26
R011265,O0107025,P0370,Changed Mind,1369.55,2024-01-15
R011266,O0107025,P1216,Changed Mind,407.67,2024-01-16
R011267,O0107028,P0101,Late Delivery,248.76,2024-12-18
R011268,O0107028,P1192,Late Delivery,838.51,2024-12-23
R011269,O0107028,P1167,Changed Mind,1092.85,2025-01-02
R011270,O0107028,P0375,Changed Mind,829.22,2024-12-20
R011271,O0107034,P1321,Wrong Item,876.14,2025-03-23
R011272,O0107086,P1094,Changed Mind,1269.39,2025-12-17
R011273,O0107116,P0414,Defective,696.33,2025-11-12
R011274,O0107123,P0200,Defective,1359.6,2026-07-15
R011275,O0107134,P0364,Defective,1035.4,2026-06-11
R011276,O0107183,P1254,Wrong Item,746.45,2024-04-26
R011277,O0107262,P1375,Late Delivery,744.31,2024-07-03
R011278,O0107289,P1040,Wrong Item,812.34,2025-09-12
R011279,O0107289,P0883,Changed Mind,604.4,2025-09-29
R011280,O0107301,P0657,Defective,717.99,2025-04-21
R011281,O0107301,P0681,Wrong Item,1097.46,2025-04-08
R011282,O0107301,P1170,Changed Mind,816.58,2025-04-13
R011283,O0107301,P1046,Wrong Item,534.45,2025-04-08
R011284,O0107329,P0295,Defective,342.82,2024-08-14
R011285,O0107342,P0564,Changed Mind,648.94,2025-10-10
R011286,O0107346,P1007,Changed Mind,458.95,2025-09-17
R011287,O0107378,P1405,Defective,1624.65,2024-01-24
R011288,O0107378,P0933,Changed Mind,627.55,2024-02-07
R011289,O0107378,P1153,Wrong Item,2788.62,2024-01-28
R011290,O0107396,P0700,Late Delivery,879.45,2026-03-21
R011291,O0107396,P0400,Wrong Item,1359.65,2026-03-26
R011292,O0107432,P0137,Late Delivery,1099.29,2025-06-19
R011293,O0107442,P0374,Changed Mind,263.21,2025-05-22
R011294,O0107442,P0821,Wrong Item,671.45,2025-05-19
R011295,O0107442,P0152,Defective,1090.01,2025-05-12
R011296,O0107445,P0088,Late Delivery,944.44,2024-12-04
R011297,O0107445,P0506,Wrong Item,47.56,2024-12-02
R011298,O0107451,P0323,Late Delivery,866.55,2025-09-27
R011299,O0107455,P0338,Defective,558.18,2024-08-06
R011300,O0107475,P0117,Late Delivery,689.09,2025-05-25
R011301,O0107491,P0686,Late Delivery,1038.65,2025-12-04
R011302,O0107491,P0227,Wrong Item,751.49,2025-11-18
R011303,O0107512,P0740,Defective,37.13,2025-06-05
R011304,O0107513,P1237,Wrong Item,684.67,2026-08-19
R011305,O0107513,P0072,Changed Mind,813.88,2026-08-07
R011306,O0107513,P1064,Wrong Item,1295.07,2026-08-14
R011307,O0107539,P0584,Changed Mind,379.5,2025-06-26
R011308,O0107551,P0731,Defective,767.6,2025-07-31
R011309,O0107567,P0086,Defective,1280.02,2026-05-13
R011310,O0107577,P0103,Late Delivery,1370.33,2025-09-12
R011311,O0107577,P1382,Wrong Item,901.32,2025-09-13
R011312,O0107648,P1375,Wrong Item,684.31,2024-06-11
R011313,O0107649,P0977,Changed Mind,481.49,2024-05-24
R011314,O0107649,P0882,Late Delivery,3185.65,2024-05-23
R011315,O0107676,P0043,Defective,675.22,2026-08-03
R011316,O0107676,P0884,Defective,204.0,2026-07-24
R011317,O0107676,P0668,Defective,96.6,2026-08-07
R011318,O0107701,P0143,Defective,99.96,2024-10-29
R011319,O0107704,P1136,Changed Mind,77.26,2025-01-02
R011320,O0107704,P0773,Defective,55.92,2024-12-28
R011321,O0107706,P1060,Defective,756.52,2025-07-05
R011322,O0107706,P0696,Late Delivery,501.96,2025-06-25
R011323,O0107744,P0431,Late Delivery,1254.53,2025-01-17
R011324,O0107773,P1301,Changed Mind,584.65,2024-08-29
R011325,O0107786,P0481,Defective,421.85,2025-02-07
R011326,O0107790,P0298,Late Delivery,1068.29,2025-11-11
R011327,O0107801,P0149,Changed Mind,1850.79,2025-07-06
R011328,O0107801,P1266,Late Delivery,98.68,2025-07-12
R011329,O0107801,P0095,Late Delivery,443.6,2025-07-19
R011330,O0107801,P1236,Wrong Item,135.94,2025-07-16
R011331,O0107809,P0103,Changed Mind,1378.0,2025-08-09
R011332,O0107832,P0792,Late Delivery,477.68,2025-03-01
R011333,O0107902,P0999,Wrong Item,873.13,2024-05-14
R011334,O0107974,P1184,Late Delivery,1281.2,2025-11-28
R011335,O0107974,P0044,Late Delivery,1842.28,2025-12-03
R011336,O0107974,P0167,Late Delivery,554.95,2025-11-19
R011337,O0107974,P1027,Changed Mind,2039.02,2025-12-03
R011338,O0107980,P0205,Wrong Item,824.24,2024-08-08
R011339,O0107980,P0309,Defective,1368.04,2024-07-29
R011340,O0107980,P0217,Wrong Item,221.7,2024-08-05
R011341,O0107981,P1216,Wrong Item,838.41,2024-09-21
R011342,O0107981,P0497,Defective,1191.38,2024-09-13
R011343,O0107984,P1146,Defective,1181.03,2025-12-24
R011344,O0107984,P0469,Changed Mind,36.25,2025-12-25
R011345,O0107984,P1065,Wrong Item,740.02,2026-01-04
R011346,O0107984,P1392,Wrong Item,719.98,2026-01-02
R011347,O0107990,P0909,Defective,559.65,2025-10-16
R011348,O0107990,P0062,Defective,1304.9,2025-10-07
R011349,O0107994,P1222,Defective,1020.48,2026-02-23
R011350,O0107996,P0261,Late Delivery,449.76,2024-12-21
R011351,O0108036,P1026,Late Delivery,508.69,2026-06-12
R011352,O0108043,P0700,Defective,2475.87,2025-08-07
R011353,O0108070,P1009,Defective,681.54,2024-07-24
R011354,O0108070,P0607,Late Delivery,1323.26,2024-07-15
R011355,O0108070,P1006,Defective,686.72,2024-07-24
R011356,O0108081,P0950,Changed Mind,859.11,2025-01-04
R011357,O0108084,P0148,Changed Mind,518.12,2024-12-15
R011358,O0108084,P0915,Changed Mind,551.26,2024-12-03
R011359,O0108084,P0584,Wrong Item,341.8,2024-12-13
R011360,O0108084,P0268,Wrong Item,151.85,2024-12-07
R011361,O0108090,P1277,Late Delivery,1112.07,2025-04-24
R011362,O0108090,P1493,Wrong Item,2100.64,2025-04-17
R011363,O0108090,P0978,Wrong Item,1755.72,2025-04-22
R011364,O0108110,P0013,Late Delivery,1283.01,2024-04-16
R011365,O0108110,P1317,Changed Mind,1179.75,2024-04-18
R011366,O0108110,P0522,Late Delivery,2007.65,2024-04-10
R011367,O0108149,P0452,Late Delivery,837.81,2025-10-03
R011368,O0108149,P0775,Defective,793.98,2025-10-04
R011369,O0108157,P0654,Late Delivery,920.47,2026-01-16
R011370,O0108221,P1324,Late Delivery,452.55,2026-09-15
R011371,O0108226,P1126,Defective,2163.64,2025-07-27
R011372,O0108244,P0756,Wrong Item,2322.36,2025-01-04
R011373,O0108244,P1364,Defective,743.67,2025-01-07
R011374,O0108247,P1472,Late Delivery,1159.65,2024-07-31
R011375,O0108247,P0880,Wrong Item,1154.05,2024-08-02
R011376,O0108248,P0491,Late Delivery,1532.25,2024-03-10
R011377,O0108248,P0249,Changed Mind,950.55,2024-03-20
R011378,O0108258,P1158,Changed Mind,1216.28,2025-10-25
R011379,O0108258,P1257,Changed Mind,23.89,2025-10-25
R011380,O0108277,P0399,Wrong Item,158.14,2024-02-09
R011381,O0108277,P0135,Late Delivery,594.69,2024-02-06
R011382,O0108292,P1045,Defective,242.88,2025-12-03
R011383,O0108298,P0094,Late Delivery,239.11,2025-09-06
R011384,O0108318,P1026,Late Delivery,450.18,2025-05-27
R011385,O0108318,P1436,Late Delivery,2372.93,2025-06-07
R011386,O0108329,P1350,Defective,1372.54,2026-07-23
R011387,O0108348,P1500,Late Delivery,265.67,2026-02-27
R011388,O0108358,P0907,Late Delivery,26.93,2025-11-08
R011389,O0108358,P1189,Wrong Item,131.8,2025-11-07
R011390,O0108359,P0233,Late Delivery,526.66,2025-03-04
R011391,O0108363,P1084,Defective,1156.16,2025-06-10
R011392,O0108363,P0033,Wrong Item,1091.28,2025-06-14
R011393,O0108363,P0655,Late Delivery,1155.21,2025-06-08
R011394,O0108380,P0734,Defective,1942.03,2024-07-03
R011395,O0108403,P0664,Wrong Item,409.71,2026-08-05
R011396,O0108415,P0390,Defective,664.08,2024-01-26
R011397,O0108415,P1114,Wrong Item,828.23,2024-01-21
R011398,O0108417,P0935,Late Delivery,728.84,2026-01-16
R011399,O0108417,P0382,Defective,608.44,2026-01-30
R011400,O0108431,P0183,Changed Mind,2258.02,2024-07-07
R011401,O0108431,P1257,Defective,73.85,2024-07-11
R011402,O0108442,P1124,Defective,938.43,2025-12-17
R011403,O0108442,P0533,Wrong Item,789.63,2025-12-14
R011404,O0108442,P0025,Wrong Item,399.55,2025-12-20
R011405,O0108473,P1120,Wrong Item,682.66,2025-11-14
R011406,O0108480,P0109,Changed Mind,2117.96,2026-02-12
R011407,O0108528,P1357,Defective,231.0,2025-05-17
R011408,O0108528,P0134,Defective,1195.33,2025-05-10
R011409,O0108528,P0851,Wrong Item,912.79,2025-05-16
R011410,O0108580,P0831,Changed Mind,499.25,2024-08-09
R011411,O0108580,P1256,Wrong Item,789.61,2024-08-02
R011412,O0108601,P0113,Defective,3431.94,2024-06-17
R011413,O0108601,P0783,Late Delivery,2267.49,2024-06-08
R011414,O0108619,P1173,Wrong Item,671.53,2024-08-23
R011415,O0108645,P1005,Defective,730.46,2025-08-18
R011416,O0108671,P0498,Late Delivery,43.49,2026-06-28
R011417,O0108676,P0819,Changed Mind,461.63,2024-08-24
R011418,O0108681,P0814,Wrong Item,433.67,2026-02-06
R011419,O0108681,P0243,Late Delivery,773.43,2026-02-02
R011420,O0108730,P1313,Wrong Item,347.0,2024-08-01
R011421,O0108737,P1479,Late Delivery,1098.72,2024-10-15
R011422,O0108770,P1442,Changed Mind,5107.42,2025-06-28
R011423,O0108776,P0480,Changed Mind,861.41,2025-10-11
R011424,O0108776,P0961,Late Delivery,1258.76,2025-09-30
R011425,O0108776,P1226,Defective,162.19,2025-10-01
R011426,O0108786,P0470,Changed Mind,968.56,2026-05-18
R011427,O0108795,P0640,Late Delivery,51.34,2024-07-05
R011428,O0108795,P1309,Late Delivery,974.69,2024-07-04
R011429,O0108821,P0834,Late Delivery,1012.43,2024-10-03
R011430,O0108828,P0431,Late Delivery,2557.02,2025-02-10
R011431,O0108839,P0498,Wrong Item,43.0,2024-06-07
R011432,O0108853,P1053,Defective,1782.39,2026-03-31
R011433,O0108864,P0272,Wrong Item,1190.47,2026-01-30
R011434,O0108878,P0222,Changed Mind,2011.48,2025-07-25
R011435,O0108885,P0454,Defective,978.23,2026-05-23
R011436,O0108889,P0745,Changed Mind,705.99,2025-06-05
R011437,O0108922,P1151,Changed Mind,487.65,2026-06-14
R011438,O0108922,P1157,Late Delivery,324.26,2026-06-22
R011439,O0108930,P0633,Defective,89.03,2024-03-12
R011440,O0108941,P0278,Wrong Item,1885.37,2026-06-11
R011441,O0108941,P0776,Wrong Item,62.97,2026-06-13
R011442,O0108941,P0464,Changed Mind,1818.32,2026-06-04
R011443,O0108951,P0861,Changed Mind,544.53,2024-02-14
R011444,O0108971,P0773,Wrong Item,140.08,2025-01-08
R011445,O0108976,P0184,Late Delivery,1355.52,2025-05-09
R011446,O0108976,P0411,Changed Mind,1371.98,2025-05-12
R011447,O0108982,P1380,Wrong Item,1064.16,2024-05-28
R011448,O0108991,P0287,Changed Mind,3984.55,2025-07-11
R011449,O0108998,P1380,Wrong Item,949.33,2024-03-25
R011450,O0108998,P0572,Changed Mind,3602.94,2024-03-12
R011451,O0109047,P0368,Late Delivery,907.23,2025-02-01
R011452,O0109051,P1459,Changed Mind,1020.09,2024-06-01
R011453,O0109054,P0298,Late Delivery,2145.58,2024-12-02
R011454,O0109055,P0865,Wrong Item,1126.31,2024-03-25
R011455,O0109055,P1150,Wrong Item,1836.77,2024-04-06
R011456,O0109064,P1009,Defective,752.68,2025-07-12
R011457,O0109071,P0078,Wrong Item,57.1,2024-12-21
R011458,O0109088,P1097,Wrong Item,919.35,2026-06-14
R011459,O0109110,P1480,Late Delivery,575.49,2025-11-07
R011460,O0109110,P0056,Defective,464.53,2025-10-28
R011461,O0109121,P1160,Changed Mind,234.47,2025-06-14
R011462,O0109138,P0826,Changed Mind,1357.43,2026-06-06
R011463,O0109138,P1065,Defective,385.19,2026-06-02
R011464,O0109175,P1375,Defective,360.01,2026-05-16
R011465,O0109194,P1190,Late Delivery,480.39,2024-06-21
R011466,O0109194,P1490,Wrong Item,662.83,2024-06-14
R011467,O0109201,P0649,Defective,697.45,2025-03-17
R011468,O0109214,P1109,Defective,673.67,2025-04-19
R011469,O0109214,P0306,Wrong Item,1438.57,2025-04-10
R011470,O0109216,P0988,Wrong Item,1093.54,2026-08-12
R011471,O0109259,P1255,Changed Mind,606.52,2024-10-15
R011472,O0109259,P0207,Defective,1457.44,2024-10-31
R011473,O0109274,P1288,Late Delivery,2097.91,2025-07-22
R011474,O0109305,P0263,Changed Mind,375.77,2024-08-20
R011475,O0109305,P1420,Wrong Item,926.37,2024-08-05
R011476,O0109305,P0808,Defective,198.51,2024-08-12
R011477,O0109330,P0061,Defective,1329.34,2024-08-15
R011478,O0109330,P0057,Wrong Item,927.61,2024-08-13
R011479,O0109331,P0034,Changed Mind,1486.52,2025-03-07
R011480,O0109338,P0819,Wrong Item,1223.52,2025-11-04
R011481,O0109344,P0235,Defective,2580.56,2024-10-28
R011482,O0109350,P0256,Changed Mind,982.84,2024-04-11
R011483,O0109360,P1139,Changed Mind,243.75,2026-04-28
R011484,O0109387,P0016,Changed Mind,4600.2,2025-05-08
R011485,O0109412,P0006,Late Delivery,362.2,2025-04-11
R011486,O0109412,P0788,Late Delivery,872.72,2025-04-11
R011487,O0109412,P0668,Late Delivery,122.79,2025-04-04
R011488,O0109447,P1451,Defective,66.56,2026-06-07
R011489,O0109447,P1366,Wrong Item,307.7,2026-06-07
R011490,O0109449,P1062,Defective,76.99,2026-01-30
R011491,O0109449,P0721,Changed Mind,3383.9,2026-01-22
R011492,O0109463,P1368,Wrong Item,1994.74,2025-06-24
R011493,O0109484,P1467,Changed Mind,1043.02,2026-07-15
R011494,O0109493,P1373,Wrong Item,590.79,2025-02-15
R011495,O0109493,P0920,Defective,769.98,2025-02-19
R011496,O0109499,P0364,Defective,714.66,2026-01-01
R011497,O0109500,P1323,Defective,631.26,2025-10-12
R011498,O0109503,P0178,Late Delivery,777.41,2026-08-14
R011499,O0109512,P0620,Defective,940.44,2024-02-19
R011500,O0109520,P0081,Late Delivery,151.0,2025-12-27
R011501,O0109520,P0998,Defective,2086.44,2025-12-20
R011502,O0109526,P0748,Late Delivery,426.15,2026-02-22
R011503,O0109526,P0704,Changed Mind,577.81,2026-02-23
R011504,O0109526,P0293,Late Delivery,712.35,2026-02-17
R011505,O0109530,P0069,Late Delivery,416.7,2024-10-19
R011506,O0109546,P1161,Changed Mind,1308.64,2026-05-13
R011507,O0109549,P1398,Late Delivery,555.37,2026-05-08
R011508,O0109556,P1187,Late Delivery,3024.39,2026-01-19
R011509,O0109560,P0117,Late Delivery,721.41,2025-09-28
R011510,O0109563,P1155,Wrong Item,333.9,2024-05-28
R011511,O0109563,P0255,Defective,770.13,2024-05-30
R011512,O0109567,P0258,Wrong Item,440.89,2026-02-14
R011513,O0109577,P1040,Defective,838.34,2026-04-28
R011514,O0109577,P0356,Wrong Item,937.63,2026-05-02
R011515,O0109577,P0561,Defective,627.82,2026-04-30
R011516,O0109611,P0996,Late Delivery,1103.47,2025-06-24
R011517,O0109612,P0933,Wrong Item,729.24,2026-06-12
R011518,O0109612,P0798,Late Delivery,719.72,2026-06-21
R011519,O0109649,P1025,Late Delivery,66.12,2025-02-08
R011520,O0109649,P1428,Changed Mind,307.86,2025-02-22
R011521,O0109725,P1090,Wrong Item,493.5,2026-06-25
R011522,O0109725,P1207,Defective,802.07,2026-07-08
R011523,O0109727,P0271,Changed Mind,1078.07,2025-08-03
R011524,O0109727,P0466,Defective,1178.88,2025-07-31
R011525,O0109731,P0983,Wrong Item,1110.49,2025-02-11
R011526,O0109731,P1379,Wrong Item,1373.66,2025-01-31
R011527,O0109765,P1474,Defective,477.92,2024-06-17
R011528,O0109782,P0437,Defective,487.9,2024-11-30
R011529,O0109782,P0486,Changed Mind,1212.85,2024-11-29
R011530,O0109782,P1262,Late Delivery,1040.67,2024-12-14
R011531,O0109794,P1273,Defective,475.12,2026-02-06
R011532,O0109794,P0364,Changed Mind,749.25,2026-02-08
R011533,O0109794,P1175,Defective,1199.21,2026-02-08
R011534,O0109825,P0115,Changed Mind,1172.61,2026-08-26
R011535,O0109829,P0998,Defective,1238.38,2026-07-09
R011536,O0109857,P1363,Wrong Item,903.54,2026-04-05
R011537,O0109863,P0404,Wrong Item,444.99,2024-11-27
R011538,O0109863,P0267,Changed Mind,1660.16,2024-12-01
R011539,O0109874,P0343,Changed Mind,628.69,2025-08-13
R011540,O0109885,P1144,Defective,527.95,2025-10-28
R011541,O0109931,P0462,Changed Mind,281.63,2026-06-26
R011542,O0109950,P0014,Late Delivery,1291.25,2025-08-29
R011543,O0109950,P0694,Defective,184.22,2025-08-19
R011544,O0109950,P0440,Wrong Item,915.06,2025-08-24
R011545,O0109957,P0436,Changed Mind,2162.58,2024-01-12
R011546,O0109970,P0357,Late Delivery,881.83,2025-08-17
R011547,O0110005,P0360,Wrong Item,1778.06,2025-04-24
R011548,O0110043,P0128,Late Delivery,533.39,2025-02-24
R011549,O0110043,P0646,Wrong Item,2050.36,2025-02-18
R011550,O0110052,P0437,Wrong Item,551.93,2025-01-10
R011551,O0110054,P0897,Defective,1055.39,2024-06-15
R011552,O0110083,P1187,Wrong Item,1886.01,2024-01-26
R011553,O0110085,P0868,Changed Mind,529.76,2025-08-14
R011554,O0110086,P1455,Late Delivery,220.2,2024-03-06
R011555,O0110098,P0702,Wrong Item,2781.18,2025-05-30
R011556,O0110103,P1052,Late Delivery,94.27,2025-10-26
R011557,O0110103,P1490,Wrong Item,377.09,2025-10-17
R011558,O0110113,P1221,Changed Mind,878.07,2025-11-11
R011559,O0110133,P0670,Wrong Item,1117.15,2024-07-18
R011560,O0110135,P1240,Late Delivery,435.0,2025-12-07
R011561,O0110147,P1272,Late Delivery,222.83,2024-10-20
R011562,O0110147,P0102,Changed Mind,822.33,2024-10-27
R011563,O0110147,P0505,Late Delivery,3584.98,2024-11-02
R011564,O0110163,P1196,Wrong Item,415.61,2024-05-25
R011565,O0110189,P0182,Late Delivery,173.52,2025-01-24
R011566,O0110189,P0306,Defective,532.06,2025-02-08
R011567,O0110193,P1301,Changed Mind,567.28,2024-05-16
R011568,O0110193,P0928,Defective,608.53,2024-05-11
R011569,O0110193,P0391,Wrong Item,479.09,2024-05-07
R011570,O0110198,P1079,Changed Mind,387.5,2024-03-06
R011571,O0110198,P0006,Wrong Item,348.56,2024-03-09
R011572,O0110214,P0439,Changed Mind,347.46,2025-05-01
R011573,O0110214,P0870,Changed Mind,550.0,2025-05-17
R011574,O0110219,P1059,Wrong Item,182.69,2026-08-22
R011575,O0110219,P0746,Wrong Item,1305.11,2026-08-28
R011576,O0110220,P1388,Late Delivery,522.44,2026-03-17
R011577,O0110245,P0437,Defective,1150.56,2024-08-11
R011578,O0110263,P1486,Late Delivery,165.05,2024-09-15
R011579,O0110263,P0454,Changed Mind,2503.8,2024-09-12
R011580,O0110263,P1392,Changed Mind,799.9,2024-09-28
R011581,O0110263,P0233,Defective,529.44,2024-09-16
R011582,O0110264,P0792,Defective,445.1,2025-04-15
R011583,O0110264,P0532,Late Delivery,387.54,2025-04-19
R011584,O0110273,P1080,Changed Mind,1725.4,2024-05-27
R011585,O0110273,P0252,Late Delivery,635.4,2024-05-31
R011586,O0110273,P0170,Changed Mind,922.39,2024-05-26
R011587,O0110275,P1236,Late Delivery,250.43,2024-08-20
R011588,O0110293,P0411,Wrong Item,1286.11,2024-05-31
R011589,O0110293,P0993,Changed Mind,911.45,2024-06-07
R011590,O0110293,P0091,Changed Mind,2013.19,2024-06-02
R011591,O0110302,P0087,Late Delivery,963.97,2024-09-28
R011592,O0110302,P0340,Wrong Item,652.53,2024-09-29
R011593,O0110309,P0259,Late Delivery,1328.39,2025-10-04
R011594,O0110309,P0211,Defective,1486.25,2025-10-17
R011595,O0110323,P1425,Late Delivery,192.93,2026-05-01
R011596,O0110348,P1496,Defective,1095.83,2024-11-24
R011597,O0110348,P0403,Late Delivery,18.11,2024-11-16
R011598,O0110357,P0047,Late Delivery,281.26,2026-04-30
R011599,O0110358,P0680,Wrong Item,1030.68,2025-05-25
R011600,O0110358,P0768,Wrong Item,434.02,2025-06-01
R011601,O0110381,P0301,Wrong Item,879.18,2026-02-27
R011602,O0110405,P0459,Late Delivery,1761.42,2026-08-06
R011603,O0110459,P0967,Changed Mind,251.73,2025-07-17
R011604,O0110459,P1265,Defective,4212.52,2025-07-23
R011605,O0110465,P0054,Defective,2200.6,2025-10-28
R011606,O0110465,P0412,Defective,1256.06,2025-10-21
R011607,O0110465,P1143,Changed Mind,3465.0,2025-10-24
R011608,O0110475,P0956,Defective,2485.96,2025-06-28
R011609,O0110475,P1452,Wrong Item,718.81,2025-06-21
R011610,O0110475,P0600,Changed Mind,1271.38,2025-07-05
R011611,O0110475,P0573,Wrong Item,1211.58,2025-07-06
R011612,O0110482,P0755,Wrong Item,438.26,2025-06-12
R011613,O0110482,P1412,Late Delivery,1403.96,2025-06-13
R011614,O0110490,P0494,Changed Mind,716.39,2024-05-04
R011615,O0110490,P0564,Wrong Item,2071.97,2024-05-04
R011616,O0110490,P0250,Late Delivery,722.0,2024-05-03
R011617,O0110539,P0816,Late Delivery,842.88,2025-01-07
R011618,O0110539,P0822,Changed Mind,504.28,2024-12-22
R011619,O0110555,P1208,Wrong Item,325.19,2025-06-22
R011620,O0110563,P0696,Wrong Item,637.01,2026-05-31
R011621,O0110606,P1363,Defective,991.91,2026-06-19
R011622,O0110608,P0584,Defective,816.08,2026-09-02
R011623,O0110622,P1224,Changed Mind,1211.37,2026-08-05
R011624,O0110622,P1335,Late Delivery,187.92,2026-08-10
R011625,O0110628,P0795,Defective,1173.33,2024-10-20
R011626,O0110628,P0643,Wrong Item,224.02,2024-10-15
R011627,O0110657,P0422,Late Delivery,1011.46,2025-06-29
R011628,O0110658,P0007,Late Delivery,1031.22,2024-05-05
R011629,O0110658,P0372,Wrong Item,1905.43,2024-05-09
R011630,O0110668,P0951,Late Delivery,528.21,2026-02-25
R011631,O0110682,P0118,Changed Mind,418.15,2025-01-12
R011632,O0110684,P0870,Defective,2022.15,2026-08-01
R011633,O0110691,P0724,Wrong Item,109.15,2024-05-08
R011634,O0110745,P1047,Defective,897.78,2024-06-23
R011635,O0110745,P0696,Late Delivery,2548.04,2024-06-20
R011636,O0110763,P0438,Changed Mind,926.82,2025-07-22
R011637,O0110764,P0503,Wrong Item,1005.15,2026-02-21
R011638,O0110764,P1037,Late Delivery,532.42,2026-02-27
R011639,O0110790,P1126,Changed Mind,782.69,2024-09-15
R011640,O0110805,P0337,Defective,304.68,2026-03-06
R011641,O0110840,P0380,Changed Mind,121.97,2026-01-28
R011642,O0110875,P1331,Changed Mind,1689.98,2024-03-12
R011643,O0110877,P1082,Changed Mind,351.97,2025-09-19
R011644,O0110877,P1445,Wrong Item,600.82,2025-09-16
R011645,O0110887,P0748,Late Delivery,400.94,2026-06-16
R011646,O0110887,P0556,Late Delivery,745.24,2026-06-19
R011647,O0110890,P0086,Late Delivery,595.81,2024-06-15
R011648,O0110890,P0254,Defective,75.42,2024-06-21
R011649,O0110894,P0239,Changed Mind,149.15,2024-04-14
R011650,O0110894,P0961,Late Delivery,3776.73,2024-04-24
R011651,O0110895,P1086,Wrong Item,850.59,2025-01-15
R011652,O0110903,P0203,Changed Mind,436.62,2026-01-03
R011653,O0110905,P0644,Defective,610.35,2026-08-31
R011654,O0110905,P0099,Defective,81.63,2026-08-21
R011655,O0110925,P1019,Changed Mind,42.71,2024-10-30
R011656,O0110925,P0866,Changed Mind,1051.34,2024-11-05
R011657,O0110959,P0394,Defective,1246.5,2026-03-01
R011658,O0110981,P0959,Wrong Item,1030.24,2025-02-20
R011659,O0110981,P0835,Defective,494.9,2025-02-20
R011660,O0110995,P0019,Defective,278.55,2026-05-21
R011661,O0110995,P0012,Changed Mind,274.27,2026-05-23
R011662,O0110995,P1350,Late Delivery,1227.7,2026-05-28
R011663,O0110995,P1302,Late Delivery,1321.51,2026-05-29
R011664,O0111033,P0931,Changed Mind,625.24,2026-04-17
R011665,O0111036,P0859,Defective,350.24,2024-03-20
R011666,O0111036,P1108,Late Delivery,320.21,2024-03-23
R011667,O0111042,P0853,Late Delivery,982.48,2024-03-20
R011668,O0111067,P1041,Late Delivery,137.5,2026-04-12
R011669,O0111067,P1379,Wrong Item,1335.76,2026-04-24
R011670,O0111067,P1320,Wrong Item,698.9,2026-04-24
R011671,O0111096,P0641,Wrong Item,1201.55,2026-04-05
R011672,O0111106,P0518,Changed Mind,432.95,2024-04-10
R011673,O0111106,P0235,Defective,2419.88,2024-04-16
R011674,O0111109,P0424,Wrong Item,428.98,2026-01-12
R011675,O0111109,P0057,Changed Mind,2261.92,2025-12-29
R011676,O0111109,P0704,Late Delivery,1164.46,2025-12-29
R011677,O0111114,P0676,Changed Mind,185.45,2026-04-11
R011678,O0111136,P0939,Changed Mind,805.8,2024-03-25
R011679,O0111136,P1450,Late Delivery,335.07,2024-03-15
R011680,O0111140,P1480,Defective,291.28,2025-01-05
R011681,O0111152,P0852,Late Delivery,509.99,2024-08-08
R011682,O0111152,P0151,Wrong Item,1152.11,2024-07-28
R011683,O0111153,P0581,Changed Mind,259.43,2024-03-23
R011684,O0111155,P0197,Changed Mind,613.08,2025-10-02
R011685,O0111155,P0401,Defective,1101.35,2025-10-08
R011686,O0111165,P0372,Changed Mind,948.91,2026-04-25
R011687,O0111165,P0797,Changed Mind,920.89,2026-04-28
R011688,O0111169,P0315,Changed Mind,1781.57,2024-09-25
R011689,O0111180,P0335,Defective,2071.24,2025-12-14
R011690,O0111181,P0598,Wrong Item,962.27,2026-02-03
R011691,O0111231,P1453,Defective,858.82,2025-05-08
R011692,O0111231,P0268,Defective,300.95,2025-04-25
R011693,O0111236,P0352,Changed Mind,127.82,2024-12-11
R011694,O0111236,P0076,Late Delivery,496.77,2024-11-28
R011695,O0111254,P0712,Defective,800.47,2026-04-19
R011696,O0111254,P1415,Defective,721.51,2026-04-13
R011697,O0111263,P1100,Late Delivery,396.31,2024-08-29
R011698,O0111265,P0407,Changed Mind,662.75,2025-04-08
R011699,O0111267,P0007,Late Delivery,326.31,2024-01-17
R011700,O0111267,P0451,Changed Mind,242.82,2024-01-07
R011701,O0111268,P0308,Late Delivery,281.75,2025-06-21
R011702,O0111274,P0234,Late Delivery,44.69,2024-03-30
R011703,O0111274,P1204,Wrong Item,2149.37,2024-03-27
R011704,O0111289,P0754,Defective,1100.23,2025-10-29
R011705,O0111290,P1205,Defective,1385.43,2024-05-27
R011706,O0111290,P1413,Changed Mind,1516.66,2024-06-02
R011707,O0111306,P1401,Wrong Item,2537.85,2024-04-08
R011708,O0111322,P1069,Changed Mind,1069.98,2024-05-23
R011709,O0111332,P0594,Defective,525.77,2026-06-30
R011710,O0111357,P0865,Wrong Item,1075.57,2025-05-25
R011711,O0111357,P0728,Changed Mind,1280.84,2025-05-29
R011712,O0111357,P0427,Changed Mind,974.08,2025-05-24
R011713,O0111357,P0519,Defective,89.55,2025-05-19
R011714,O0111359,P0269,Wrong Item,567.35,2025-09-29
R011715,O0111361,P1154,Defective,471.45,2026-01-12
R011716,O0111365,P0805,Defective,59.34,2026-05-19
R011717,O0111369,P0727,Changed Mind,226.24,2026-09-11
R011718,O0111369,P1230,Late Delivery,252.1,2026-09-06
R011719,O0111377,P0598,Defective,2311.27,2025-07-18
R011720,O0111377,P0151,Defective,569.35,2025-07-24
R011721,O0111377,P0526,Defective,877.74,2025-07-24
R011722,O0111390,P0264,Defective,884.65,2024-01-22
R011723,O0111400,P1191,Wrong Item,1274.68,2024-02-05
R011724,O0111400,P1080,Late Delivery,767.72,2024-02-03
R011725,O0111400,P0102,Wrong Item,2709.93,2024-02-01
R011726,O0111405,P0471,Changed Mind,4146.09,2025-12-03
R011727,O0111419,P0047,Wrong Item,547.07,2026-04-11
R011728,O0111419,P1205,Defective,728.23,2026-04-08
R011729,O0111433,P0677,Late Delivery,429.69,2026-04-26
R011730,O0111441,P1045,Wrong Item,259.85,2025-10-20
R011731,O0111441,P0083,Changed Mind,1376.75,2025-10-06
R011732,O0111461,P1321,Changed Mind,1000.94,2024-02-25
R011733,O0111461,P0600,Changed Mind,474.82,2024-02-21
R011734,O0111471,P0160,Changed Mind,526.66,2026-01-16
R011735,O0111492,P1061,Late Delivery,579.06,2024-07-15
R011736,O0111492,P0552,Changed Mind,711.56,2024-07-16
R011737,O0111492,P0888,Wrong Item,1549.03,2024-06-29
R011738,O0111520,P1066,Changed Mind,877.92,2024-10-23
R011739,O0111520,P0932,Wrong Item,612.03,2024-10-25
R011740,O0111522,P1493,Defective,1944.38,2025-04-02
R011741,O0111537,P0259,Defective,1251.52,2026-02-01
R011742,O0111548,P0256,Late Delivery,1013.76,2024-02-27
R011743,O0111555,P0611,Late Delivery,593.87,2026-04-25
R011744,O0111556,P0935,Defective,2146.04,2024-04-03
R011745,O0111565,P0480,Defective,990.73,2025-01-02
R011746,O0111570,P0692,Defective,144.36,2025-12-12
R011747,O0111570,P0855,Late Delivery,574.48,2025-12-10
R011748,O0111578,P0613,Defective,343.24,2025-09-16
R011749,O0111578,P1037,Late Delivery,644.4,2025-09-13
R011750,O0111599,P0318,Defective,478.07,2024-10-31
R011751,O0111609,P1063,Late Delivery,836.59,2024-10-02
R011752,O0111614,P1234,Wrong Item,143.53,2025-12-03
R011753,O0111615,P0368,Changed Mind,886.27,2025-03-13
R011754,O0111615,P0101,Changed Mind,75.12,2025-03-16
R011755,O0111640,P0962,Wrong Item,791.66,2026-01-09
R011756,O0111648,P0879,Changed Mind,1040.33,2025-11-08
R011757,O0111648,P0246,Wrong Item,919.64,2025-11-05
R011758,O0111648,P0796,Defective,389.73,2025-11-05
R011759,O0111648,P1315,Changed Mind,232.61,2025-11-19
R011760,O0111648,P0758,Wrong Item,639.71,2025-11-20
R011761,O0111655,P0604,Changed Mind,610.06,2024-04-10
R011762,O0111685,P0328,Changed Mind,1727.01,2026-03-31
R011763,O0111685,P1391,Defective,208.15,2026-04-04
R011764,O0111702,P0208,Late Delivery,1029.57,2024-06-08
R011765,O0111702,P0774,Wrong Item,535.99,2024-06-08
R011766,O0111713,P0611,Late Delivery,1578.33,2025-02-03
R011767,O0111744,P0840,Defective,920.61,2025-05-17
R011768,O0111755,P0538,Wrong Item,770.49,2024-03-30
R011769,O0111755,P0492,Late Delivery,2784.84,2024-03-19
R011770,O0111755,P0242,Late Delivery,1286.75,2024-04-01
R011771,O0111770,P0062,Late Delivery,673.07,2024-02-26
R011772,O0111770,P0399,Wrong Item,96.11,2024-03-04
R011773,O0111770,P0732,Changed Mind,101.08,2024-02-25
R011774,O0111789,P1131,Wrong Item,1123.41,2026-06-25
R011775,O0111823,P1439,Defective,743.34,2025-10-26
R011776,O0111839,P0980,Late Delivery,714.77,2025-05-28
R011777,O0111876,P1162,Defective,192.27,2024-03-04
R011778,O0111890,P1224,Late Delivery,1301.21,2024-08-07
R011779,O0111891,P0022,Changed Mind,775.03,2025-03-26
R011780,O0111891,P0269,Late Delivery,314.11,2025-03-26
R011781,O0111891,P0387,Late Delivery,993.55,2025-03-22
R011782,O0111894,P0203,Changed Mind,1179.4,2024-10-19
R011783,O0111923,P0496,Wrong Item,1350.95,2026-07-03
R011784,O0111940,P0344,Wrong Item,1008.56,2025-03-21
R011785,O0111940,P1129,Wrong Item,2070.88,2025-03-09
R011786,O0111948,P0010,Changed Mind,1074.46,2025-10-22
R011787,O0111948,P1186,Wrong Item,948.75,2025-10-11
R011788,O0111958,P0915,Late Delivery,182.85,2024-06-20
R011789,O0111958,P0430,Changed Mind,277.56,2024-06-16
R011790,O0112012,P1044,Changed Mind,824.07,2025-10-04
R011791,O0112012,P0551,Late Delivery,162.76,2025-10-09
R011792,O0112026,P1484,Wrong Item,705.88,2025-09-17
R011793,O0112027,P0225,Late Delivery,188.71,2025-09-04
R011794,O0112041,P1030,Late Delivery,394.02,2024-01-31
R011795,O0112049,P0665,Defective,110.49,2024-04-16
R011796,O0112049,P0627,Defective,880.8,2024-04-17
R011797,O0112049,P0709,Defective,1019.87,2024-04-18
R011798,O0112057,P0792,Late Delivery,836.61,2026-06-16
R011799,O0112057,P1220,Late Delivery,916.54,2026-06-13
R011800,O0112073,P0395,Late Delivery,2047.55,2025-04-06
R011801,O0112074,P1358,Wrong Item,1278.1,2025-09-19
R011802,O0112085,P0186,Wrong Item,1111.95,2025-07-30
R011803,O0112088,P1490,Defective,354.6,2025-08-22
R011804,O0112097,P1040,Wrong Item,872.85,2025-07-27
R011805,O0112104,P1380,Defective,972.25,2026-04-27
R011806,O0112110,P0502,Changed Mind,948.41,2026-03-25
R011807,O0112145,P0319,Defective,618.56,2025-02-15
R011808,O0112145,P0936,Defective,107.05,2025-02-09
R011809,O0112167,P0130,Defective,1100.6,2025-09-13
R011810,O0112177,P0752,Defective,916.7,2024-06-04
R011811,O0112195,P0582,Wrong Item,566.26,2024-03-03
R011812,O0112196,P0035,Defective,820.52,2026-03-12
R011813,O0112210,P1431,Late Delivery,413.09,2024-11-06
R011814,O0112235,P0799,Changed Mind,703.42,2026-05-05
R011815,O0112240,P1262,Late Delivery,963.55,2025-03-28
R011816,O0112305,P0394,Changed Mind,3486.05,2024-01-23
R011817,O0112305,P0033,Defective,1089.77,2024-01-30
R011818,O0112333,P0322,Wrong Item,1099.17,2024-02-23
R011819,O0112345,P1355,Defective,1110.16,2026-06-14
R011820,O0112345,P0952,Changed Mind,269.65,2026-06-23
R011821,O0112350,P1147,Changed Mind,82.16,2026-08-06
R011822,O0112350,P1372,Late Delivery,1051.39,2026-07-21
R011823,O0112371,P0155,Wrong Item,1234.74,2026-03-18
R011824,O0112388,P0302,Defective,1097.4,2025-01-04
R011825,O0112388,P0859,Changed Mind,672.54,2024-12-19
R011826,O0112388,P0535,Late Delivery,849.69,2024-12-26
R011827,O0112388,P1343,Defective,661.17,2024-12-24
R011828,O0112393,P0627,Wrong Item,425.97,2024-06-22
R011829,O0112393,P0163,Changed Mind,365.52,2024-07-08
R011830,O0112393,P0513,Late Delivery,134.19,2024-06-28
R011831,O0112395,P0753,Wrong Item,2787.07,2024-09-12
R011832,O0112427,P0976,Late Delivery,499.46,2026-02-15
R011833,O0112428,P0574,Wrong Item,4077.91,2025-05-04
R011834,O0112428,P0474,Defective,1049.92,2025-05-03
R011835,O0112428,P1061,Late Delivery,1088.75,2025-05-05
R011836,O0112459,P1073,Wrong Item,1733.08,2025-06-02
R011837,O0112459,P0007,Wrong Item,589.45,2025-06-12
R011838,O0112459,P0879,Late Delivery,1257.53,2025-06-04
R011839,O0112459,P0439,Defective,315.12,2025-05-28
R011840,O0112473,P0049,Changed Mind,891.91,2025-05-22
R011841,O0112474,P1199,Changed Mind,740.89,2025-11-17
R011842,O0112488,P0682,Late Delivery,3077.77,2026-05-01
R011843,O0112488,P0143,Late Delivery,95.48,2026-05-16
R011844,O0112488,P0338,Late Delivery,310.03,2026-05-12
R011845,O0112523,P1047,Late Delivery,956.53,2025-04-26
R011846,O0112523,P0017,Changed Mind,185.69,2025-04-24
R011847,O0112550,P0998,Changed Mind,1303.7,2025-06-21
R011848,O0112550,P0415,Defective,1039.37,2025-06-22
R011849,O0112550,P1087,Changed Mind,217.68,2025-06-25
R011850,O0112575,P0862,Changed Mind,810.15,2024-03-19
R011851,O0112575,P0338,Late Delivery,355.76,2024-03-10
R011852,O0112576,P0155,Defective,3649.53,2025-01-26
R011853,O0112594,P0050,Changed Mind,1389.86,2024-09-05
R011854,O0112596,P0282,Late Delivery,242.08,2025-05-04
R011855,O0112597,P1401,Changed Mind,944.19,2024-07-18
R011856,O0112597,P0898,Defective,119.23,2024-07-28
R011857,O0112598,P0560,Late Delivery,1003.96,2026-05-21
R011858,O0112598,P1340,Defective,86.99,2026-05-24
R011859,O0112598,P0839,Late Delivery,247.86,2026-05-29
R011860,O0112598,P0680,Defective,527.31,2026-05-30
R011861,O0112602,P0999,Defective,817.13,2024-09-27
R011862,O0112618,P0463,Wrong Item,933.63,2024-06-14
R011863,O0112636,P0650,Changed Mind,381.57,2025-11-20
R011864,O0112636,P0818,Wrong Item,747.92,2025-11-22
R011865,O0112636,P0252,Late Delivery,544.84,2025-11-21
R011866,O0112672,P1433,Late Delivery,1288.67,2025-01-22
R011867,O0112685,P0855,Wrong Item,1166.89,2024-09-14
R011868,O0112693,P0073,Changed Mind,1166.52,2025-07-07
R011869,O0112693,P0290,Defective,620.82,2025-07-10
R011870,O0112711,P1061,Late Delivery,630.57,2025-10-18
R011871,O0112718,P1191,Late Delivery,1159.56,2026-08-01
R011872,O0112718,P0180,Changed Mind,922.29,2026-08-01
R011873,O0112718,P0771,Changed Mind,606.16,2026-07-31
R011874,O0112725,P0029,Late Delivery,1525.32,2025-04-14
R011875,O0112741,P0633,Late Delivery,89.93,2024-09-27
R011876,O0112760,P0189,Changed Mind,1117.59,2024-12-14
R011877,O0112773,P0525,Wrong Item,3244.76,2025-04-05
R011878,O0112777,P0619,Changed Mind,501.78,2025-01-23
R011879,O0112798,P0152,Late Delivery,1179.06,2024-02-09
R011880,O0112798,P0913,Changed Mind,493.18,2024-02-10
R011881,O0112798,P0702,Late Delivery,2437.95,2024-02-02
R011882,O0112844,P0224,Wrong Item,248.72,2024-04-17
R011883,O0112853,P0445,Changed Mind,431.11,2025-02-25
R011884,O0112853,P1019,Defective,20.51,2025-02-14
R011885,O0112864,P0415,Changed Mind,1010.36,2026-03-20
R011886,O0112864,P1219,Defective,190.0,2026-03-23
R011887,O0112868,P1165,Changed Mind,306.31,2024-03-07
R011888,O0112868,P0116,Changed Mind,550.05,2024-03-15
R011889,O0112876,P0121,Defective,1244.33,2024-03-29
R011890,O0112882,P1348,Wrong Item,3709.93,2026-04-05
R011891,O0112882,P0767,Late Delivery,57.51,2026-04-04
R011892,O0112882,P1401,Late Delivery,821.53,2026-03-26
R011893,O0112900,P0808,Changed Mind,223.52,2026-04-22
R011894,O0112900,P0490,Defective,504.86,2026-04-19
R011895,O0112910,P0182,Changed Mind,158.72,2026-03-02
R011896,O0112910,P0552,Defective,232.68,2026-02-28
R011897,O0112910,P1280,Late Delivery,462.91,2026-03-03
R011898,O0112928,P1276,Late Delivery,574.14,2026-04-21
R011899,O0112928,P0489,Changed Mind,279.06,2026-04-03
R011900,O0112928,P0410,Wrong Item,1080.61,2026-04-09
R011901,O0112928,P1130,Defective,533.81,2026-04-07
R011902,O0112967,P1389,Changed Mind,59.26,2024-12-18
R011903,O0112967,P1432,Changed Mind,545.96,2025-01-02
R011904,O0112979,P0967,Late Delivery,827.96,2024-03-29
R011905,O0113007,P0739,Late Delivery,172.77,2024-09-26
R011906,O0113097,P1295,Wrong Item,822.12,2025-09-12
R011907,O0113144,P1376,Wrong Item,2284.8,2025-02-28
R011908,O0113146,P0256,Changed Mind,1947.53,2025-06-28
R011909,O0113147,P0271,Defective,2391.89,2026-09-12
R011910,O0113174,P0253,Defective,613.13,2026-05-20
R011911,O0113204,P1302,Defective,1142.27,2025-05-03
R011912,O0113270,P0682,Changed Mind,2565.6,2024-05-12
R011913,O0113270,P0165,Wrong Item,444.2,2024-05-05
R011914,O0113287,P1071,Defective,428.73,2026-07-04
R011915,O0113296,P0796,Defective,1251.51,2026-03-16
R011916,O0113320,P0879,Changed Mind,1306.5,2025-10-09
R011917,O0113320,P1372,Wrong Item,970.48,2025-10-24
R011918,O0113323,P1101,Wrong Item,593.61,2025-07-20
R011919,O0113337,P1410,Wrong Item,263.21,2025-03-28
R011920,O0113358,P0618,Late Delivery,533.15,2024-04-01
R011921,O0113366,P0377,Wrong Item,820.92,2025-06-26
R011922,O0113366,P0510,Late Delivery,803.6,2025-07-11
R011923,O0113367,P1187,Late Delivery,834.23,2026-05-17
R011924,O0113367,P0541,Late Delivery,2214.3,2026-05-14
R011925,O0113382,P1323,Wrong Item,484.55,2026-08-09
R011926,O0113384,P0690,Defective,2492.81,2026-03-14
R011927,O0113384,P1210,Defective,780.12,2026-03-17
R011928,O0113388,P1032,Defective,1038.89,2025-07-11
R011929,O0113395,P1235,Late Delivery,1295.92,2024-08-16
R011930,O0113406,P0881,Defective,534.45,2024-02-03
R011931,O0113406,P1098,Wrong Item,1687.57,2024-02-12
R011932,O0113415,P0128,Defective,583.57,2024-06-04
R011933,O0113420,P0715,Defective,344.68,2024-12-27
R011934,O0113430,P0984,Late Delivery,1128.5,2024-02-22
R011935,O0113447,P0838,Wrong Item,138.76,2026-03-27
R011936,O0113468,P0614,Wrong Item,1091.15,2025-04-04
R011937,O0113471,P0756,Defective,693.61,2025-04-04
R011938,O0113537,P0952,Late Delivery,343.77,2025-11-23
R011939,O0113537,P0145,Changed Mind,362.58,2025-11-29
R011940,O0113548,P1137,Wrong Item,1109.86,2024-09-22
R011941,O0113569,P0793,Changed Mind,1080.68,2026-01-21
R011942,O0113588,P1247,Defective,1153.89,2024-08-05
R011943,O0113590,P1492,Late Delivery,534.65,2025-10-08
R011944,O0113590,P1403,Changed Mind,1106.67,2025-10-08
R011945,O0113629,P0242,Wrong Item,1345.08,2025-07-15
R011946,O0113629,P0504,Defective,1324.81,2025-07-04
R011947,O0113640,P0967,Changed Mind,552.29,2024-09-26
R011948,O0113640,P0198,Changed Mind,3937.96,2024-09-17
R011949,O0113641,P0638,Defective,1020.54,2024-01-19
R011950,O0113662,P1013,Wrong Item,1286.56,2024-06-06
R011951,O0113674,P1158,Defective,2011.68,2026-04-29
R011952,O0113690,P0012,Late Delivery,248.73,2025-10-05
R011953,O0113700,P1098,Wrong Item,593.65,2025-10-29
R011954,O0113700,P0169,Changed Mind,819.4,2025-10-27
R011955,O0113712,P0367,Changed Mind,1129.94,2024-12-01
R011956,O0113715,P0594,Late Delivery,992.55,2026-06-07
R011957,O0113784,P0362,Defective,1240.01,2025-05-07
R011958,O0113805,P0757,Changed Mind,2246.82,2026-06-04
R011959,O0113828,P1408,Changed Mind,1896.27,2024-12-22
R011960,O0113830,P0366,Changed Mind,875.01,2025-01-13
R011961,O0113832,P0505,Changed Mind,1371.8,2024-08-18
R011962,O0113834,P0864,Wrong Item,209.52,2026-04-15
R011963,O0113856,P0269,Late Delivery,548.44,2024-10-15
R011964,O0113882,P0438,Defective,1020.57,2026-03-19
R011965,O0113882,P0760,Wrong Item,4181.46,2026-03-25
R011966,O0113889,P1194,Defective,3915.36,2024-12-19
R011967,O0113889,P0804,Defective,1250.12,2024-12-20
R011968,O0113903,P1459,Late Delivery,2118.56,2024-11-11
R011969,O0113934,P0088,Wrong Item,811.46,2025-04-04
R011970,O0113934,P1278,Late Delivery,569.76,2025-03-31
R011971,O0113939,P0825,Wrong Item,2076.87,2024-03-08
R011972,O0113952,P0747,Late Delivery,823.63,2025-02-25
R011973,O0113952,P1049,Wrong Item,886.0,2025-02-23
R011974,O0113952,P0532,Wrong Item,423.14,2025-03-05
R011975,O0113955,P0174,Wrong Item,775.08,2026-04-02
R011976,O0113955,P0361,Defective,1056.85,2026-04-05
R011977,O0113961,P0930,Late Delivery,127.2,2026-08-07
R011978,O0113963,P0292,Changed Mind,4728.45,2024-12-14
R011979,O0113978,P0027,Defective,818.15,2026-01-27
R011980,O0113985,P0455,Late Delivery,1797.73,2024-04-05
R011981,O0113985,P0955,Late Delivery,91.19,2024-03-24
R011982,O0113989,P0389,Changed Mind,871.69,2025-03-10
R011983,O0113989,P0589,Defective,57.95,2025-03-10
R011984,O0113989,P0776,Changed Mind,50.71,2025-03-06
R011985,O0113989,P0787,Late Delivery,180.23,2025-03-14
R011986,O0113989,P1260,Defective,447.99,2025-03-17
R011987,O0114013,P1463,Wrong Item,357.13,2024-07-01
R011988,O0114023,P0380,Changed Mind,121.9,2025-06-07
R011989,O0114024,P0146,Wrong Item,759.15,2024-08-07
R011990,O0114024,P0053,Changed Mind,1005.01,2024-08-02
R011991,O0114035,P1471,Late Delivery,1000.97,2025-04-27
R011992,O0114040,P0617,Late Delivery,48.35,2026-04-26
R011993,O0114047,P0579,Wrong Item,3775.02,2025-05-04
R011994,O0114073,P0175,Wrong Item,487.46,2026-06-28
R011995,O0114079,P1009,Late Delivery,674.4,2024-10-08
R011996,O0114079,P1322,Defective,505.92,2024-10-05
R011997,O0114097,P1160,Changed Mind,437.83,2026-08-23
R011998,O0114099,P0088,Late Delivery,932.92,2026-07-05
R011999,O0114099,P0601,Wrong Item,312.2,2026-07-03
R012000,O0114103,P0187,Wrong Item,181.45,2024-10-28
R012001,O0114106,P0998,Wrong Item,2426.97,2026-01-12
R012002,O0114107,P0518,Changed Mind,437.56,2025-07-11
R012003,O0114107,P0754,Wrong Item,1087.58,2025-07-14
R012004,O0114131,P0960,Changed Mind,1367.92,2025-02-13
R012005,O0114151,P1405,Defective,844.12,2025-04-15
R012006,O0114151,P1185,Wrong Item,176.03,2025-04-11
R012007,O0114169,P0205,Changed Mind,2622.76,2024-07-06
R012008,O0114170,P0473,Defective,1906.83,2025-07-28
R012009,O0114182,P0422,Wrong Item,878.12,2025-11-14
R012010,O0114189,P1275,Changed Mind,320.13,2025-05-26
R012011,O0114227,P1413,Wrong Item,772.85,2026-07-13
R012012,O0114227,P0843,Changed Mind,1113.72,2026-07-14
R012013,O0114238,P0038,Changed Mind,136.89,2024-07-02
R012014,O0114238,P0088,Late Delivery,1033.7,2024-06-17
R012015,O0114238,P0866,Wrong Item,2987.11,2024-07-04
R012016,O0114244,P0424,Changed Mind,817.39,2024-09-25
R012017,O0114254,P1415,Defective,676.84,2025-07-27
R012018,O0114272,P1132,Wrong Item,524.15,2025-07-22
R012019,O0114280,P1175,Defective,3006.18,2025-12-15
R012020,O0114280,P0784,Changed Mind,882.08,2025-12-12
R012021,O0114280,P1069,Defective,1042.68,2025-12-26
R012022,O0114283,P1036,Wrong Item,736.97,2024-12-05
R012023,O0114295,P1396,Wrong Item,251.58,2025-08-16
R012024,O0114295,P0826,Defective,1136.16,2025-08-11
R012025,O0114329,P0787,Wrong Item,227.66,2025-03-04
R012026,O0114329,P1389,Defective,50.68,2025-02-26
R012027,O0114330,P0883,Defective,581.58,2025-04-14
R012028,O0114397,P0088,Late Delivery,1072.96,2026-05-03
R012029,O0114411,P1343,Wrong Item,678.43,2025-08-23
R012030,O0114419,P0598,Defective,2093.62,2024-12-11
R012031,O0114440,P0463,Wrong Item,1011.95,2024-02-07
R012032,O0114440,P1087,Wrong Item,190.66,2024-02-23
R012033,O0114453,P1459,Defective,1072.7,2025-10-02
R012034,O0114453,P1175,Wrong Item,998.1,2025-09-27
R012035,O0114453,P0687,Changed Mind,985.38,2025-10-04
R012036,O0114453,P0313,Wrong Item,496.67,2025-09-25
R012037,O0114467,P0655,Changed Mind,1254.52,2024-01-26
R012038,O0114467,P0904,Late Delivery,990.49,2024-01-24
R012039,O0114469,P0071,Changed Mind,55.24,2026-02-05
R012040,O0114469,P1018,Defective,914.29,2026-01-20
R012041,O0114476,P1402,Changed Mind,663.25,2024-04-06
R012042,O0114539,P0293,Late Delivery,2715.13,2025-02-01
R012043,O0114565,P0225,Late Delivery,364.93,2025-06-18
R012044,O0114579,P0540,Changed Mind,949.0,2025-05-26
R012045,O0114594,P0927,Wrong Item,1004.2,2025-01-27
R012046,O0114611,P0714,Wrong Item,2443.33,2024-03-08
R012047,O0114611,P0498,Defective,38.72,2024-02-29
R012048,O0114611,P1492,Defective,944.52,2024-02-25
R012049,O0114612,P0416,Late Delivery,82.22,2025-10-26
R012050,O0114626,P1355,Defective,1835.64,2024-09-12
R012051,O0114627,P1368,Wrong Item,833.49,2024-02-24
R012052,O0114627,P0145,Changed Mind,702.49,2024-02-20
R012053,O0114627,P0187,Changed Mind,213.42,2024-02-07
R012054,O0114628,P1035,Changed Mind,468.36,2025-03-06
R012055,O0114628,P0748,Late Delivery,366.2,2025-03-02
R012056,O0114629,P0647,Defective,861.52,2025-12-07
R012057,O0114629,P0815,Wrong Item,1036.34,2025-12-08
R012058,O0114629,P0697,Changed Mind,459.96,2025-12-07
R012059,O0114629,P0597,Defective,495.45,2025-12-14
R012060,O0114639,P1346,Late Delivery,188.2,2024-07-17
R012061,O0114681,P1014,Late Delivery,862.95,2025-05-07
R012062,O0114681,P0309,Wrong Item,1283.94,2025-05-04
R012063,O0114684,P0393,Wrong Item,2017.15,2026-06-10
R012064,O0114703,P0456,Changed Mind,267.32,2025-11-07
R012065,O0114712,P0872,Late Delivery,926.91,2024-06-21
R012066,O0114712,P1113,Wrong Item,973.37,2024-07-05
R012067,O0114712,P0459,Defective,1193.39,2024-07-03
R012068,O0114733,P0646,Late Delivery,1199.74,2024-09-09
R012069,O0114737,P0044,Changed Mind,800.01,2026-03-23
R012070,O0114737,P0116,Defective,699.6,2026-03-15
R012071,O0114758,P0325,Defective,807.18,2026-02-06
R012072,O0114758,P1326,Late Delivery,1351.33,2026-02-10
R012073,O0114796,P0162,Changed Mind,404.67,2024-11-21
R012074,O0114798,P1389,Wrong Item,56.82,2025-03-08
R012075,O0114798,P0562,Late Delivery,192.91,2025-03-01
R012076,O0114799,P0481,Late Delivery,460.23,2024-12-29
R012077,O0114799,P0571,Defective,2961.34,2024-12-23
R012078,O0114807,P1397,Changed Mind,1367.92,2026-07-29
R012079,O0114807,P0949,Wrong Item,211.99,2026-08-10
R012080,O0114809,P0933,Late Delivery,544.01,2024-10-05
R012081,O0114809,P0587,Late Delivery,547.36,2024-10-03
R012082,O0114813,P0041,Defective,1373.41,2025-09-11
R012083,O0114813,P0716,Changed Mind,617.3,2025-09-02
R012084,O0114844,P0082,Wrong Item,980.76,2026-05-07
R012085,O0114849,P0281,Changed Mind,604.21,2026-03-09
R012086,O0114859,P0792,Defective,824.67,2024-03-10
R012087,O0114867,P1394,Late Delivery,394.61,2024-08-27
R012088,O0114868,P1008,Defective,48.66,2026-01-13
R012089,O0114871,P1488,Late Delivery,336.04,2024-11-19
R012090,O0114871,P1262,Wrong Item,1124.84,2024-11-17
R012091,O0114871,P1325,Late Delivery,1230.64,2024-11-17
R012092,O0114878,P0844,Late Delivery,1285.03,2024-01-19
R012093,O0114974,P1091,Late Delivery,495.53,2026-06-14
R012094,O0114974,P0710,Defective,361.71,2026-06-09
R012095,O0114974,P1488,Wrong Item,930.63,2026-06-10
R012096,O0114974,P0837,Wrong Item,1355.39,2026-06-15
R012097,O0114982,P0822,Defective,270.88,2024-07-25
R012098,O0114982,P0964,Late Delivery,316.76,2024-07-31
R012099,O0114990,P0277,Wrong Item,172.97,2024-08-27
R012100,O0114990,P0203,Late Delivery,390.25,2024-09-07
R012101,O0114997,P0030,Late Delivery,910.56,2025-10-14
R012102,O0114997,P0876,Late Delivery,1018.82,2025-10-30
R012103,O0114998,P0268,Late Delivery,417.21,2025-09-29
R012104,O0114998,P0999,Defective,733.42,2025-10-09
R012105,O0114998,P1336,Defective,115.15,2025-09-27
R012106,O0115027,P0440,Wrong Item,824.02,2025-09-01
R012107,O0115041,P0286,Changed Mind,1218.61,2026-09-04
R012108,O0115052,P1309,Late Delivery,892.43,2025-07-23
R012109,O0115052,P1016,Changed Mind,824.48,2025-07-13
R012110,O0115122,P1175,Defective,2398.42,2025-06-10
R012111,O0115122,P0594,Wrong Item,525.77,2025-06-25
R012112,O0115125,P0126,Changed Mind,60.57,2024-02-10
R012113,O0115127,P0255,Wrong Item,849.22,2024-09-23
R012114,O0115164,P0291,Defective,541.42,2025-05-26
R012115,O0115180,P0694,Late Delivery,80.76,2025-09-03
R012116,O0115180,P1115,Changed Mind,173.05,2025-08-31
R012117,O0115211,P1091,Defective,225.44,2026-03-14
R012118,O0115215,P1322,Late Delivery,1085.02,2026-09-04
R012119,O0115231,P1010,Defective,57.4,2026-02-03
R012120,O0115238,P0138,Defective,1196.35,2025-11-15
R012121,O0115251,P0140,Changed Mind,1255.13,2025-05-21
R012122,O0115251,P0431,Changed Mind,3489.07,2025-05-11
R012123,O0115253,P0355,Wrong Item,1829.25,2024-07-20
R012124,O0115257,P0233,Late Delivery,606.83,2024-07-29
R012125,O0115257,P0482,Late Delivery,133.7,2024-07-25
R012126,O0115261,P0580,Changed Mind,687.81,2024-09-16
R012127,O0115288,P1408,Defective,1130.14,2025-07-27
R012128,O0115305,P1221,Changed Mind,842.37,2024-04-11
R012129,O0115305,P0409,Late Delivery,2499.75,2024-04-13
R012130,O0115305,P0501,Late Delivery,123.38,2024-03-31
R012131,O0115310,P1327,Late Delivery,3388.57,2024-03-30
R012132,O0115335,P1331,Late Delivery,965.96,2024-10-14
R012133,O0115335,P0174,Wrong Item,762.86,2024-10-16
R012134,O0115347,P0576,Defective,94.37,2024-05-19
R012135,O0115347,P0355,Late Delivery,659.92,2024-05-11
R012136,O0115347,P0075,Wrong Item,439.77,2024-05-07
R012137,O0115401,P0422,Wrong Item,1731.84,2026-07-20
R012138,O0115401,P1236,Changed Mind,227.9,2026-07-12
R012139,O0115401,P1375,Late Delivery,368.8,2026-07-07
R012140,O0115401,P1397,Changed Mind,1277.58,2026-07-21
R012141,O0115401,P0101,Defective,189.89,2026-07-11
R012142,O0115457,P1251,Late Delivery,351.25,2026-04-30
R012143,O0115457,P0320,Late Delivery,1265.92,2026-05-02
R012144,O0115457,P1441,Wrong Item,564.09,2026-05-07
R012145,O0115457,P1280,Wrong Item,108.52,2026-05-04
R012146,O0115461,P0607,Wrong Item,347.21,2024-11-18
R012147,O0115491,P1117,Defective,660.28,2026-05-19
R012148,O0115492,P1403,Wrong Item,1193.2,2026-06-15
R012149,O0115492,P0998,Defective,1303.7,2026-06-04
R012150,O0115494,P0824,Defective,17.92,2025-09-10
R012151,O0115494,P0004,Wrong Item,1838.49,2025-09-13
R012152,O0115494,P0918,Late Delivery,367.7,2025-09-22
R012153,O0115502,P1468,Late Delivery,652.25,2026-05-02
R012154,O0115502,P1398,Late Delivery,538.64,2026-05-01
R012155,O0115523,P1493,Changed Mind,2021.35,2026-01-04
R012156,O0115523,P0089,Defective,839.56,2026-01-22
R012157,O0115527,P0994,Changed Mind,1253.09,2024-08-22
R012158,O0115539,P0243,Changed Mind,783.07,2024-03-25
R012159,O0115552,P0428,Changed Mind,981.08,2026-07-06
R012160,O0115557,P0406,Late Delivery,129.36,2024-10-03
R012161,O0115559,P0568,Changed Mind,1832.56,2024-07-11
R012162,O0115563,P0582,Wrong Item,560.43,2025-08-12
R012163,O0115563,P1248,Changed Mind,187.01,2025-08-17
R012164,O0115564,P0261,Wrong Item,405.13,2024-07-14
R012165,O0115633,P1498,Wrong Item,824.09,2024-01-16
R012166,O0115643,P1076,Wrong Item,561.91,2026-02-06
R012167,O0115653,P0784,Changed Mind,1056.49,2026-03-29
R012168,O0115657,P1411,Changed Mind,1556.26,2025-09-29
R012169,O0115662,P0018,Changed Mind,203.54,2026-01-17
R012170,O0115673,P0889,Wrong Item,1826.45,2025-07-25
R012171,O0115690,P0047,Defective,537.17,2025-06-22
R012172,O0115690,P0769,Wrong Item,1007.88,2025-06-19
R012173,O0115698,P0696,Changed Mind,587.51,2024-05-03
R012174,O0115698,P1151,Late Delivery,420.23,2024-04-20
R012175,O0115703,P0215,Defective,1104.93,2025-03-09
R012176,O0115703,P0286,Changed Mind,1297.16,2025-02-26
R012177,O0115719,P0092,Changed Mind,649.63,2026-06-30
R012178,O0115746,P0992,Wrong Item,600.56,2025-12-05
R012179,O0115750,P1144,Late Delivery,486.95,2026-06-10
R012180,O0115761,P0860,Wrong Item,44.81,2025-08-22
R012181,O0115766,P0031,Changed Mind,642.63,2025-03-20
R012182,O0115778,P0960,Defective,1313.42,2025-01-17
R012183,O0115805,P1235,Changed Mind,2640.64,2025-04-06
R012184,O0115805,P0987,Changed Mind,264.82,2025-04-04
R012185,O0115805,P0575,Changed Mind,2354.2,2025-04-22
R012186,O0115901,P1371,Wrong Item,2207.88,2026-03-31
R012187,O0115901,P1279,Wrong Item,1071.2,2026-03-28
R012188,O0115956,P0859,Wrong Item,642.45,2024-09-10
R012189,O0115959,P1188,Changed Mind,725.89,2026-08-09
R012190,O0115959,P0193,Defective,240.25,2026-08-03
R012191,O0115963,P0545,Defective,752.74,2026-06-05
R012192,O0115963,P0492,Late Delivery,1466.75,2026-06-02
R012193,O0115982,P0121,Wrong Item,2484.87,2025-02-26
R012194,O0115989,P0478,Late Delivery,506.09,2026-04-10
R012195,O0115989,P0467,Changed Mind,340.83,2026-04-08
R012196,O0115989,P0483,Defective,444.59,2026-03-28
R012197,O0116000,P1317,Defective,1411.43,2025-11-14
R012198,O0116044,P0666,Wrong Item,239.0,2025-12-18
R012199,O0116044,P0987,Changed Mind,241.02,2025-12-09
R012200,O0116044,P0562,Wrong Item,161.02,2025-12-22
R012201,O0116044,P1231,Late Delivery,1507.01,2025-12-10
R012202,O0116052,P1230,Changed Mind,702.55,2024-12-05
R012203,O0116068,P0788,Changed Mind,838.12,2024-01-15
R012204,O0116072,P0666,Wrong Item,119.21,2026-05-31
R012205,O0116122,P1495,Late Delivery,135.34,2024-01-26
R012206,O0116137,P0452,Wrong Item,802.92,2025-05-28
R012207,O0116142,P1043,Late Delivery,1182.31,2026-02-15
R012208,O0116162,P0952,Changed Mind,326.03,2024-06-08
R012209,O0116162,P0476,Defective,415.83,2024-06-13
R012210,O0116178,P0195,Defective,451.69,2026-01-27
R012211,O0116197,P0925,Changed Mind,465.86,2026-05-22
R012212,O0116214,P1379,Changed Mind,3992.47,2024-09-04
R012213,O0116218,P0690,Wrong Item,2410.73,2024-09-28
R012214,O0116220,P0858,Changed Mind,169.18,2025-06-22
R012215,O0116220,P0107,Changed Mind,1192.44,2025-06-21
R012216,O0116232,P1370,Wrong Item,1388.49,2025-11-23
R012217,O0116246,P0854,Changed Mind,1162.89,2025-09-03
R012218,O0116246,P1414,Changed Mind,1057.84,2025-08-26
R012219,O0116248,P1182,Late Delivery,821.45,2025-11-25
R012220,O0116248,P0181,Defective,1077.6,2025-11-13
R012221,O0116248,P0093,Late Delivery,816.81,2025-11-24
R012222,O0116250,P0994,Late Delivery,2285.13,2024-10-23
R012223,O0116250,P1218,Wrong Item,1173.75,2024-10-26
R012224,O0116250,P0536,Late Delivery,921.18,2024-10-27
R012225,O0116256,P0503,Late Delivery,1177.38,2025-08-10
R012226,O0116256,P0993,Wrong Item,1060.05,2025-08-09
R012227,O0116256,P0703,Late Delivery,537.53,2025-08-20
R012228,O0116258,P0676,Defective,185.45,2024-02-17
R012229,O0116268,P1343,Changed Mind,728.18,2024-02-20
R012230,O0116268,P0030,Defective,471.02,2024-02-17
R012231,O0116278,P0255,Defective,738.57,2025-10-12
R012232,O0116284,P0561,Late Delivery,657.59,2025-02-25
R012233,O0116284,P0617,Late Delivery,21.6,2025-02-21
R012234,O0116305,P0399,Changed Mind,103.72,2024-03-07
R012235,O0116305,P0611,Defective,538.76,2024-03-04
R012236,O0116305,P0162,Defective,377.63,2024-03-20
R012237,O0116324,P1474,Wrong Item,870.72,2024-08-25
R012238,O0116324,P1404,Late Delivery,256.65,2024-08-17
R012239,O0116328,P0304,Changed Mind,732.52,2024-02-25
R012240,O0116341,P0826,Late Delivery,617.91,2024-03-02
R012241,O0116341,P0718,Defective,234.07,2024-03-04
R012242,O0116341,P0957,Defective,1555.7,2024-03-08
R012243,O0116353,P1060,Defective,612.02,2024-11-07
R012244,O0116353,P1094,Wrong Item,732.48,2024-11-13
R012245,O0116365,P0353,Changed Mind,66.6,2024-12-16
R012246,O0116365,P1354,Defective,426.76,2024-12-17
R012247,O0116375,P1146,Defective,1245.72,2025-01-26
R012248,O0116386,P0312,Defective,1115.22,2026-01-09
R012249,O0116399,P0884,Defective,229.08,2024-09-18
R012250,O0116399,P0462,Wrong Item,264.65,2024-09-14
R012251,O0116418,P0832,Late Delivery,555.11,2024-06-20
R012252,O0116451,P1255,Wrong Item,579.17,2025-12-31
R012253,O0116451,P0961,Wrong Item,5362.94,2025-12-21
R012254,O0116470,P1121,Changed Mind,3595.05,2025-01-21
R012255,O0116489,P0998,Late Delivery,1116.1,2026-07-29
R012256,O0116521,P1310,Wrong Item,176.07,2025-08-21
R012257,O0116521,P0083,Changed Mind,1378.2,2025-08-23
R012258,O0116534,P1245,Changed Mind,655.93,2025-11-12
R012259,O0116560,P0892,Defective,493.98,2024-01-15
R012260,O0116560,P1269,Late Delivery,670.16,2024-01-24
R012261,O0116597,P0377,Changed Mind,2145.25,2024-05-28
R012262,O0116605,P0007,Late Delivery,298.33,2025-07-05
R012263,O0116605,P1232,Defective,185.8,2025-06-28
R012264,O0116617,P0470,Wrong Item,937.53,2024-01-27
R012265,O0116624,P0296,Wrong Item,497.74,2024-11-26
R012266,O0116639,P1406,Defective,903.77,2024-11-09
R012267,O0116643,P0426,Changed Mind,793.32,2025-08-11
R012268,O0116643,P0451,Defective,405.64,2025-08-12
R012269,O0116643,P0067,Late Delivery,526.91,2025-07-30
R012270,O0116712,P0684,Changed Mind,2317.62,2026-08-08
R012271,O0116726,P0364,Wrong Item,444.03,2024-11-27
R012272,O0116726,P1048,Changed Mind,102.0,2024-11-30
R012273,O0116730,P0361,Late Delivery,1012.18,2025-09-23
R012274,O0116730,P0199,Late Delivery,553.05,2025-09-29
R012275,O0116730,P0310,Wrong Item,553.32,2025-10-04
R012276,O0116732,P1034,Wrong Item,1060.32,2024-12-07
R012277,O0116732,P0078,Wrong Item,64.51,2024-12-13
R012278,O0116732,P0687,Changed Mind,908.47,2024-12-14
R012279,O0116758,P0657,Defective,687.96,2026-03-01
R012280,O0116758,P0768,Late Delivery,440.04,2026-02-25
R012281,O0116771,P0618,Late Delivery,452.11,2026-03-28
R012282,O0116780,P0750,Late Delivery,293.01,2025-07-10
R012283,O0116780,P0568,Changed Mind,561.51,2025-07-11
R012284,O0116780,P0970,Late Delivery,275.91,2025-07-20
R012285,O0116783,P0633,Defective,280.73,2024-09-17
R012286,O0116783,P0806,Late Delivery,626.39,2024-09-27
R012287,O0116796,P0846,Wrong Item,190.93,2024-03-23
R012288,O0116799,P1035,Defective,463.04,2024-04-04
R012289,O0116799,P1179,Defective,763.27,2024-04-02
R012290,O0116850,P0650,Changed Mind,359.8,2026-07-31
R012291,O0116850,P0906,Late Delivery,556.18,2026-07-29
R012292,O0116850,P0457,Late Delivery,1078.4,2026-08-03
R012293,O0116883,P0515,Changed Mind,1411.26,2025-09-10
R012294,O0116883,P1299,Changed Mind,1117.56,2025-09-16
R012295,O0116894,P0337,Late Delivery,291.04,2024-07-08
R012296,O0116894,P0941,Defective,1704.77,2024-07-12
R012297,O0116922,P0327,Late Delivery,1291.42,2024-06-27
R012298,O0116922,P0012,Defective,305.14,2024-07-10
R012299,O0116922,P0288,Late Delivery,1537.57,2024-07-11
R012300,O0116977,P0511,Late Delivery,821.23,2024-04-22
R012301,O0116997,P1427,Changed Mind,255.51,2025-08-15
R012302,O0117012,P0855,Late Delivery,558.68,2026-05-23
R012303,O0117013,P0942,Late Delivery,897.56,2024-03-17
R012304,O0117020,P1099,Late Delivery,2983.76,2025-10-15
R012305,O0117020,P0588,Defective,190.41,2025-10-22
R012306,O0117071,P0976,Changed Mind,1007.38,2024-06-28
R012307,O0117071,P0739,Defective,170.69,2024-06-28
R012308,O0117077,P0541,Wrong Item,2169.18,2025-03-21
R012309,O0117077,P1387,Late Delivery,1711.39,2025-03-29
R012310,O0117077,P0478,Defective,960.35,2025-03-15
R012311,O0117077,P1295,Late Delivery,721.55,2025-03-28
R012312,O0117079,P0444,Defective,1098.92,2025-05-16
R012313,O0117100,P1406,Changed Mind,761.46,2026-08-28
R012314,O0117103,P1244,Wrong Item,2344.43,2026-03-06
R012315,O0117103,P0950,Late Delivery,900.65,2026-02-26
R012316,O0117103,P1279,Late Delivery,1121.87,2026-03-06
R012317,O0117103,P0400,Late Delivery,1316.51,2026-03-06
R012318,O0117163,P1492,Late Delivery,459.27,2026-01-30
R012319,O0117163,P1263,Wrong Item,1083.71,2026-01-29
R012320,O0117178,P1274,Changed Mind,715.27,2025-08-11
R012321,O0117181,P1464,Late Delivery,1396.09,2026-06-14
R012322,O0117181,P0126,Defective,104.57,2026-06-02
R012323,O0117181,P0320,Changed Mind,2682.35,2026-06-10
R012324,O0117201,P1316,Wrong Item,993.37,2024-01-19
R012325,O0117214,P0755,Wrong Item,408.98,2025-10-06
R012326,O0117214,P0761,Defective,424.02,2025-09-27
R012327,O0117214,P0069,Defective,218.93,2025-09-26
R012328,O0117214,P1104,Late Delivery,494.85,2025-10-08
R012329,O0117219,P0735,Changed Mind,1021.93,2026-05-26
R012330,O0117219,P0149,Wrong Item,1884.46,2026-05-25
R012331,O0117222,P1492,Defective,2008.15,2025-09-27
R012332,O0117222,P1140,Late Delivery,245.44,2025-10-01
R012333,O0117245,P0781,Changed Mind,1313.2,2025-03-18
R012334,O0117269,P0246,Late Delivery,379.9,2026-08-17
R012335,O0117276,P1408,Changed Mind,593.51,2026-05-25
R012336,O0117276,P1034,Defective,1082.29,2026-05-29
R012337,O0117287,P0721,Late Delivery,3132.15,2025-09-16
R012338,O0117287,P1004,Defective,1192.13,2025-09-22
R012339,O0117356,P0357,Changed Mind,868.89,2025-09-06
R012340,O0117385,P0258,Changed Mind,921.76,2024-12-30
R012341,O0117402,P0295,Changed Mind,138.64,2026-05-02
R012342,O0117402,P0216,Defective,433.11,2026-04-27
R012343,O0117435,P0481,Defective,243.27,2026-03-30
R012344,O0117435,P0966,Changed Mind,1178.41,2026-04-10
R012345,O0117435,P0045,Defective,1277.56,2026-04-12
R012346,O0117438,P1079,Defective,429.47,2026-01-18
R012347,O0117463,P0327,Defective,1248.53,2024-10-27
R012348,O0117466,P0761,Defective,423.54,2024-05-17
R012349,O0117466,P1061,Wrong Item,2308.74,2024-05-05
R012350,O0117488,P1170,Wrong Item,753.67,2026-01-27
R012351,O0117506,P0175,Defective,464.48,2026-01-04
R012352,O0117507,P0292,Late Delivery,1059.29,2026-07-31
R012353,O0117507,P0068,Late Delivery,523.35,2026-08-03
R012354,O0117539,P0680,Wrong Item,989.34,2024-02-11
R012355,O0117560,P0518,Defective,989.92,2025-05-05
R012356,O0117688,P0159,Changed Mind,938.26,2024-12-30
R012357,O0117693,P0523,Late Delivery,732.65,2025-06-04
R012358,O0117727,P1046,Late Delivery,424.94,2025-10-12
R012359,O0117727,P0646,Wrong Item,4620.44,2025-09-28
R012360,O0117727,P1017,Changed Mind,808.82,2025-10-11
R012361,O0117729,P1460,Changed Mind,950.04,2024-11-19
R012362,O0117729,P0852,Changed Mind,625.52,2024-11-13
R012363,O0117751,P1012,Late Delivery,126.78,2026-07-08
R012364,O0117756,P0993,Late Delivery,1018.9,2025-08-06
R012365,O0117796,P0070,Changed Mind,647.0,2025-11-12
R012366,O0117796,P0075,Changed Mind,217.05,2025-11-12
R012367,O0117796,P1128,Late Delivery,808.21,2025-11-20
R012368,O0117798,P0949,Late Delivery,253.18,2024-03-06
R012369,O0117812,P0990,Changed Mind,826.85,2025-09-26
R012370,O0117813,P0831,Changed Mind,220.03,2024-12-15
R012371,O0117816,P1182,Changed Mind,1592.0,2025-09-24
R012372,O0117816,P0817,Changed Mind,1495.16,2025-09-27
R012373,O0117837,P0424,Wrong Item,381.7,2025-01-08
R012374,O0117881,P0107,Late Delivery,2308.12,2024-02-03
R012375,O0117881,P1489,Changed Mind,1063.87,2024-01-31
R012376,O0117881,P1361,Defective,137.99,2024-02-01
R012377,O0117881,P0271,Changed Mind,905.3,2024-02-09
R012378,O0117899,P1268,Defective,1786.13,2025-02-11
R012379,O0117914,P0504,Late Delivery,1272.87,2025-02-07
R012380,O0117920,P1239,Late Delivery,821.18,2024-06-16
R012381,O0117924,P0658,Changed Mind,1125.28,2026-08-31
R012382,O0117933,P0041,Late Delivery,1229.12,2025-07-24
R012383,O0117935,P1129,Wrong Item,1642.57,2026-02-25
R012384,O0117953,P0630,Wrong Item,722.41,2026-05-06
R012385,O0117957,P1441,Changed Mind,599.89,2025-09-06
R012386,O0117974,P0633,Wrong Item,98.26,2024-01-16
R012387,O0117979,P0756,Late Delivery,654.91,2024-08-11
R012388,O0117982,P1420,Wrong Item,1156.95,2026-02-21
R012389,O0117982,P0480,Defective,939.83,2026-03-04
R012390,O0117982,P0735,Defective,2956.32,2026-02-24
R012391,O0117993,P1400,Defective,1829.13,2024-06-28
R012392,O0118002,P0971,Defective,3028.6,2025-10-23
R012393,O0118002,P0544,Defective,2968.43,2025-10-18
R012394,O0118002,P0808,Changed Mind,441.81,2025-10-30
R012395,O0118049,P0652,Wrong Item,179.58,2024-07-10
R012396,O0118060,P0012,Wrong Item,543.32,2026-03-08
R012397,O0118061,P1433,Changed Mind,2780.68,2024-07-29
R012398,O0118061,P0813,Late Delivery,2954.84,2024-08-08
R012399,O0118061,P1214,Defective,1012.34,2024-08-13
R012400,O0118064,P1106,Wrong Item,206.64,2026-02-13
R012401,O0118066,P1156,Defective,957.9,2024-04-11
R012402,O0118068,P0355,Changed Mind,1419.18,2026-08-19
R012403,O0118074,P0864,Late Delivery,206.03,2025-12-24
R012404,O0118074,P1013,Defective,550.97,2026-01-07
R012405,O0118077,P0110,Changed Mind,1100.12,2024-12-19
R012406,O0118086,P0807,Wrong Item,777.05,2025-02-26
R012407,O0118086,P0650,Wrong Item,1553.67,2025-03-09
R012408,O0118092,P0139,Changed Mind,327.5,2024-05-11
R012409,O0118092,P0355,Changed Mind,709.59,2024-05-08
R012410,O0118092,P1356,Late Delivery,1012.08,2024-05-11
R012411,O0118092,P0399,Defective,87.23,2024-05-10
R012412,O0118130,P0727,Changed Mind,115.11,2024-04-04
R012413,O0118140,P0023,Changed Mind,1036.96,2025-08-15
R012414,O0118140,P0420,Changed Mind,414.9,2025-08-16
R012415,O0118140,P0679,Defective,782.86,2025-08-12
R012416,O0118140,P1337,Defective,2009.85,2025-08-14
R012417,O0118142,P1321,Changed Mind,925.26,2026-04-16
R012418,O0118142,P0478,Changed Mind,873.99,2026-04-14
R012419,O0118157,P0622,Late Delivery,996.48,2025-02-11
R012420,O0118157,P1032,Wrong Item,2959.96,2025-02-14
R012421,O0118163,P0420,Wrong Item,493.3,2024-06-26
R012422,O0118171,P0417,Wrong Item,18.27,2026-08-23
R012423,O0118202,P0480,Late Delivery,957.87,2024-11-01
R012424,O0118213,P1320,Changed Mind,687.96,2024-04-30
R012425,O0118213,P0159,Changed Mind,847.71,2024-05-05
R012426,O0118223,P0885,Changed Mind,530.54,2024-10-28
R012427,O0118230,P0313,Wrong Item,954.58,2025-06-09
R012428,O0118259,P0600,Late Delivery,929.39,2024-04-22
R012429,O0118303,P1285,Wrong Item,528.45,2024-06-03
R012430,O0118303,P0008,Defective,36.25,2024-06-10
R012431,O0118313,P1467,Late Delivery,1333.77,2024-06-05
R012432,O0118313,P0211,Late Delivery,814.93,2024-06-04
R012433,O0118313,P0694,Wrong Item,101.28,2024-06-06
R012434,O0118313,P0957,Late Delivery,703.04,2024-06-06
R012435,O0118315,P1423,Late Delivery,286.41,2024-05-29
R012436,O0118345,P1308,Defective,566.44,2026-07-18
R012437,O0118345,P0609,Defective,2118.25,2026-07-18
R012438,O0118381,P0134,Wrong Item,635.03,2024-11-19
R012439,O0118381,P0090,Late Delivery,938.08,2024-11-14
R012440,O0118388,P0966,Late Delivery,976.37,2025-07-04
R012441,O0118395,P1299,Defective,510.22,2026-08-13
R012442,O0118395,P1061,Late Delivery,628.11,2026-07-29
R012443,O0118407,P0595,Wrong Item,883.17,2025-01-05
R012444,O0118407,P1466,Late Delivery,325.07,2025-01-10
R012445,O0118407,P0869,Defective,474.97,2025-01-11
R012446,O0118414,P0608,Changed Mind,71.27,2024-02-15
R012447,O0118451,P0570,Wrong Item,557.26,2024-05-06
R012448,O0118451,P0295,Late Delivery,155.57,2024-04-29
R012449,O0118461,P0510,Wrong Item,1705.26,2026-03-27
R012450,O0118478,P1062,Changed Mind,38.15,2025-02-19
R012451,O0118478,P0428,Defective,1220.56,2025-02-18
R012452,O0118478,P0523,Late Delivery,1545.19,2025-02-25
R012453,O0118508,P1082,Late Delivery,732.31,2025-05-01
R012454,O0118508,P0893,Late Delivery,280.56,2025-04-30
R012455,O0118517,P0207,Defective,1211.57,2024-06-19
R012456,O0118523,P1046,Defective,492.07,2025-07-09
R012457,O0118526,P1487,Wrong Item,823.84,2025-05-26
R012458,O0118526,P1050,Wrong Item,468.22,2025-06-05
R012459,O0118536,P1093,Defective,755.43,2024-11-23
R012460,O0118547,P1395,Defective,181.61,2024-10-02
R012461,O0118550,P0403,Defective,20.31,2024-04-04
R012462,O0118580,P1479,Changed Mind,1018.36,2024-09-23
R012463,O0118580,P1168,Changed Mind,393.32,2024-10-07
R012464,O0118580,P0758,Changed Mind,713.87,2024-10-06
R012465,O0118590,P0848,Late Delivery,1174.63,2024-01-20
R012466,O0118590,P1227,Changed Mind,108.46,2024-01-26
R012467,O0118593,P1326,Wrong Item,725.67,2026-08-19
R012468,O0118594,P0106,Late Delivery,1403.06,2025-02-22
R012469,O0118594,P0188,Wrong Item,870.6,2025-02-22
R012470,O0118595,P1318,Late Delivery,2366.31,2025-06-02
R012471,O0118617,P0549,Changed Mind,2634.31,2025-02-16
R012472,O0118622,P1412,Changed Mind,1754.04,2024-07-16
R012473,O0118622,P1093,Defective,1398.93,2024-07-12
R012474,O0118647,P0849,Defective,1024.0,2026-02-07
R012475,O0118667,P1066,Defective,234.57,2025-05-28
R012476,O0118715,P0780,Changed Mind,336.68,2026-09-10
R012477,O0118717,P0354,Changed Mind,887.69,2024-07-22
R012478,O0118717,P0382,Defective,327.8,2024-07-25
R012479,O0118723,P0261,Wrong Item,1234.42,2026-06-18
R012480,O0118741,P0969,Changed Mind,885.52,2025-09-09
R012481,O0118741,P0510,Defective,1711.48,2025-09-14
R012482,O0118741,P0068,Defective,469.59,2025-08-30
R012483,O0118744,P0031,Defective,614.11,2026-06-20
R012484,O0118744,P1140,Defective,230.28,2026-06-22
R012485,O0118753,P0573,Changed Mind,1267.18,2024-10-29
R012486,O0118758,P0936,Late Delivery,212.61,2025-05-07
R012487,O0118799,P0563,Late Delivery,138.54,2026-08-20
R012488,O0118799,P0475,Late Delivery,28.46,2026-08-25
R012489,O0118838,P1248,Wrong Item,169.09,2025-05-09
R012490,O0118838,P0562,Defective,135.64,2025-05-11
R012491,O0118860,P1427,Late Delivery,214.07,2024-02-04
R012492,O0118886,P0069,Changed Mind,205.99,2025-03-25
R012493,O0118901,P0558,Changed Mind,54.66,2024-06-23
R012494,O0118909,P0974,Wrong Item,204.42,2026-05-13
R012495,O0118921,P0946,Wrong Item,164.83,2025-11-19
R012496,O0118921,P0500,Late Delivery,230.76,2025-11-29
R012497,O0118921,P1462,Changed Mind,129.15,2025-11-28
R012498,O0118925,P1109,Defective,2283.9,2026-07-18
R012499,O0118933,P1285,Defective,483.11,2026-07-27
R012500,O0118939,P1269,Wrong Item,607.54,2026-09-06
R012501,O0118965,P1209,Changed Mind,889.61,2026-01-26
R012502,O0118986,P0138,Wrong Item,1507.34,2026-05-07
R012503,O0118986,P0855,Wrong Item,1489.48,2026-05-05
R012504,O0118990,P1140,Wrong Item,220.24,2025-12-09
R012505,O0119009,P1451,Changed Mind,74.58,2026-01-16
R012506,O0119026,P0358,Wrong Item,1182.72,2024-03-23
R012507,O0119026,P0651,Wrong Item,557.91,2024-03-27
R012508,O0119026,P0191,Defective,722.62,2024-03-29
R012509,O0119026,P1182,Defective,966.3,2024-04-03
R012510,O0119043,P0796,Wrong Item,368.93,2026-04-01
R012511,O0119051,P0837,Defective,1277.18,2025-03-20
R012512,O0119106,P0780,Late Delivery,319.73,2026-01-12
R012513,O0119106,P1489,Changed Mind,3582.45,2026-01-21
R012514,O0119106,P1129,Wrong Item,2089.97,2026-01-24
R012515,O0119114,P0518,Changed Mind,1432.29,2026-05-24
R012516,O0119114,P0051,Changed Mind,336.98,2026-05-25
R012517,O0119128,P1256,Changed Mind,847.28,2025-11-19
R012518,O0119128,P1137,Defective,1956.67,2025-11-28
R012519,O0119130,P0384,Defective,1032.85,2025-07-02
R012520,O0119134,P0482,Changed Mind,436.06,2025-03-23
R012521,O0119134,P0416,Changed Mind,82.76,2025-03-23
R012522,O0119137,P0293,Changed Mind,704.31,2024-01-23
R012523,O0119137,P1358,Defective,1219.56,2024-01-09
R012524,O0119140,P1096,Wrong Item,929.89,2025-01-16
R012525,O0119162,P0466,Late Delivery,1098.22,2026-01-01
R012526,O0119177,P0984,Late Delivery,2112.86,2025-11-09
R012527,O0119182,P0412,Late Delivery,1250.41,2024-09-14
R012528,O0119215,P1006,Wrong Item,692.93,2025-08-30
R012529,O0119215,P0962,Wrong Item,832.05,2025-08-26
R012530,O0119224,P0333,Changed Mind,1198.05,2024-10-09
R012531,O0119240,P0513,Changed Mind,251.2,2025-03-30
R012532,O0119240,P0766,Defective,131.31,2025-03-23
R012533,O0119253,P0325,Changed Mind,923.73,2024-11-07
R012534,O0119253,P0310,Late Delivery,1211.88,2024-10-31
R012535,O0119280,P0837,Changed Mind,1275.05,2026-02-28
R012536,O0119280,P0580,Wrong Item,1189.77,2026-02-17
R012537,O0119291,P0207,Changed Mind,2690.43,2026-04-13
R012538,O0119295,P1101,Late Delivery,538.55,2026-08-21
R012539,O0119295,P1192,Wrong Item,924.44,2026-08-22
R012540,O0119295,P1372,Wrong Item,1305.4,2026-08-20
R012541,O0119309,P0457,Defective,1260.87,2026-06-05
R012542,O0119309,P0326,Changed Mind,709.93,2026-06-07
R012543,O0119339,P0981,Defective,203.03,2026-04-04
R012544,O0119339,P0850,Defective,524.94,2026-04-07
R012545,O0119342,P1130,Wrong Item,406.85,2024-11-16
R012546,O0119359,P0276,Wrong Item,1394.64,2026-07-23
R012547,O0119359,P1062,Late Delivery,32.35,2026-08-04
R012548,O0119405,P1212,Changed Mind,1419.2,2026-05-18
R012549,O0119405,P1274,Late Delivery,733.13,2026-05-09
R012550,O0119421,P1019,Late Delivery,19.82,2024-05-04
R012551,O0119421,P1454,Late Delivery,724.84,2024-04-26
R012552,O0119434,P1084,Wrong Item,287.42,2026-08-03
R012553,O0119434,P0437,Changed Mind,924.61,2026-07-30
R012554,O0119435,P0786,Changed Mind,461.81,2024-10-01
R012555,O0119441,P0915,Defective,384.2,2026-05-13
R012556,O0119444,P0249,Late Delivery,1956.63,2026-05-24
R012557,O0119444,P1276,Defective,1070.78,2026-05-27
R012558,O0119450,P0495,Late Delivery,1406.73,2025-01-30
R012559,O0119455,P1283,Late Delivery,1081.46,2025-04-13
R012560,O0119455,P0504,Changed Mind,4117.61,2025-04-17
R012561,O0119480,P1408,Changed Mind,591.2,2025-03-13
R012562,O0119488,P0487,Changed Mind,69.76,2024-01-30
R012563,O0119503,P0112,Changed Mind,356.47,2026-06-26
R012564,O0119547,P0771,Late Delivery,617.61,2025-06-17
R012565,O0119562,P0374,Defective,301.54,2025-12-09
R012566,O0119589,P0933,Late Delivery,635.04,2026-02-04
R012567,O0119593,P0422,Late Delivery,882.22,2025-01-20
R012568,O0119628,P0584,Wrong Item,1146.26,2026-05-01
R012569,O0119628,P0488,Defective,253.43,2026-04-24
R012570,O0119628,P0804,Changed Mind,1066.23,2026-05-05
R012571,O0119638,P0660,Late Delivery,1270.16,2024-09-17
R012572,O0119638,P0368,Wrong Item,993.11,2024-09-14
R012573,O0119640,P1106,Changed Mind,194.43,2024-10-15
R012574,O0119640,P1446,Changed Mind,21.84,2024-10-12
R012575,O0119640,P0957,Changed Mind,1717.16,2024-10-19
R012576,O0119663,P1433,Late Delivery,1371.86,2024-11-19
R012577,O0119679,P1322,Changed Mind,561.64,2026-07-09
R012578,O0119679,P0187,Late Delivery,373.26,2026-07-09
R012579,O0119679,P1464,Changed Mind,1344.98,2026-07-12
R012580,O0119689,P1082,Defective,370.34,2025-10-26
R012581,O0119711,P1418,Wrong Item,1097.71,2024-07-20
R012582,O0119725,P1071,Late Delivery,883.29,2024-12-18
R012583,O0119782,P0119,Wrong Item,357.05,2025-03-20
R012584,O0119800,P1465,Wrong Item,971.02,2024-03-11
R012585,O0119805,P1301,Wrong Item,508.77,2026-05-09
R012586,O0119805,P1248,Late Delivery,174.26,2026-04-26
R012587,O0119808,P0501,Changed Mind,196.36,2024-02-10
R012588,O0119808,P1490,Defective,1129.79,2024-02-10
R012589,O0119808,P0666,Late Delivery,121.21,2024-02-12
R012590,O0119811,P0481,Changed Mind,209.37,2025-06-03
R012591,O0119811,P0732,Defective,87.99,2025-06-09
R012592,O0119828,P1013,Late Delivery,616.33,2026-03-25
R012593,O0119854,P1143,Wrong Item,1111.97,2025-03-04
R012594,O0119856,P0481,Defective,213.51,2025-12-18
R012595,O0119856,P1154,Late Delivery,518.11,2025-12-16
R012596,O0119856,P0527,Wrong Item,348.14,2025-12-08
R012597,O0119856,P0425,Late Delivery,2097.81,2025-12-01
R012598,O0119879,P0534,Changed Mind,1851.08,2026-02-25
R012599,O0119879,P0108,Late Delivery,1200.47,2026-02-27
R012600,O0119911,P1239,Changed Mind,860.41,2024-09-03
R012601,O0119919,P0881,Wrong Item,1494.73,2025-07-28
R012602,O0119919,P1439,Late Delivery,1546.38,2025-08-06
R012603,O0119927,P1368,Late Delivery,923.92,2024-02-20
R012604,O0119927,P0259,Defective,1257.0,2024-02-11
R012605,O0119951,P0957,Defective,706.49,2024-01-26
R012606,O0119951,P1373,Late Delivery,567.51,2024-01-23
R012607,O0119951,P1287,Changed Mind,27.81,2024-01-22
R012608,O0119951,P0914,Changed Mind,2005.08,2024-01-29
R012609,O0119957,P0314,Defective,2256.56,2024-02-15
R012610,O0119957,P0366,Changed Mind,308.36,2024-02-29
R012611,O0119957,P1191,Late Delivery,1320.92,2024-02-27
R012612,O0119957,P1186,Changed Mind,449.54,2024-02-29
R012613,O0119957,P0659,Late Delivery,749.78,2024-03-04
R012614,O0119959,P1177,Defective,1127.06,2024-01-25
R012615,O0119979,P0444,Changed Mind,2937.23,2024-03-12
